ID,Product Name,Category,Front Page New2,Product Image,Case Pack,Sales Price,SIze Descripton,Sold by Case?,Charola Pack,Front Page,Temp Order QTY,Charola Price,QTY on hand,SKU#,Special Offer?,Special Offer Price,Brand,Pack Description,Sales Order,Case Cost,Profit Margin %,Case Image,Unit Cost,User,Supplier,Multiple Suppliers,Purchase Order,Accounts/Customer,Location,Inventory Items Cases 2025,Out of Stock?,Store Identifier,Special Offer Volume QTY,Bench Product?,How many Sold?,Specials!,Created,Updated
678,Lz Cajeta Tradicional 1lb,Traditional Leche,TRUE,"{'url':'7ff05ab5371f7b06f79c65b36ae3be63ca77b221782fa650a77c094ff3fa6f7c.png','size':161393,'width':500,'height':500,'filename':'cajeta.png','metadata':{'width':500,'height':500,'blurHash':'eXQ]cz.8?wtR%h_3DiIT.8x]yFVrVrX8WXrqx]o#RjV@RPa#kCayof','blurHashWidth':32}}",18,63,,,,,,,,,,,,,,,,,,,,,,,,,,,,,,,2025-10-21T22:48:21.645Z,2025-10-21T22:48:21.645Z
677,Lz Surtido 100pz,Tradicional Coco,TRUE,"{'url':'109fb7fc4d00a496393886de93db3de9666d32671808d25192745a29e3eb8882.png','size':346010,'width':500,'height':500,'filename':'5.png','metadata':{'width':500,'height':500,'blurHash':'e+PGQvj^tRxtt8%Ma#ayj[j[?wt6WAWEWAoLoff6ayWB%LWBa#bEaf','blurHashWidth':32}}",100,150,,,,,,,,,,,,,,,,,,,,,,,,,,,,,,,2025-10-21T20:17:31.637Z,2025-10-21T20:17:31.637Z
676,Lz Banderita de Coco Envuelta,Tradicional Coco,TRUE,"{'url':'244f877b00d6c6baf69b497edb11112e536e7f8dfa3f287a56016ee6bd2d3904.png','size':138098,'width':500,'height':500,'filename':'9.png','metadata':{'width':500,'height':500,'blurHash':'euR3K4tR%N$+-;t6fkj]n+of_4njMxSxIU%NjGaeW:RjITbHt7jZt7','blurHashWidth':32}}",20,40,,,,,,,,,,,,,,,,,,,,,,,,,,,,,,,2025-10-21T20:14:45.909Z,2025-10-21T20:14:45.909Z
675,Lz Jamoncillo Envuelto,Traditional Leche,TRUE,"{'url':'e8e32e9f379fd378410cc1ca94fe073bb72fe154fee9c9e667835a8310b71344.png','size':167309,'width':500,'height':500,'filename':'8.png','metadata':{'width':500,'height':500,'blurHash':'evQ+.=%M?wxuofxWa}Wrofoz_4RjITj[RPtloJs.R+RjNdofaJaytR','blurHashWidth':32}}",20,40,,,,,,,,,,,,,,,,,,,,,,,,,,,,,,,2025-10-21T20:14:25.878Z,2025-10-21T20:14:25.878Z
674,Lz Alfajor Envuelto,Tradicional Coco,TRUE,"{'url':'3fac21efa392dabc321ba34949f6ef23b16ea2f79be0100d67db40f24667abd7.png','size':113968,'width':500,'height':500,'filename':'7.png','metadata':{'width':500,'height':500,'blurHash':'eoSYpvxayExuo#$+j[W;aybH.TkDMwf7V?pIbFr@ofjZM^axt8aykC','blurHashWidth':32}}",20,40,,,,,,,,,,,,,,,,,,,,,,,,,,,,,,,2025-10-21T20:11:17.024Z,2025-10-21T20:11:17.024Z
673,Calabaza Envuelta,Tradicional Coco,TRUE,"{'url':'f3eb42ad9a312a79592e099fa21ced142e78c5acc304826b4e3ba5de3803dbb9.png','size':239804,'width':500,'height':500,'filename':'calabaza.png','metadata':{'width':500,'height':500,'blurHash':'eoQcbjxu?bxu%M-;j[V@j[WB_Nj[ITj[M{ofa}ofj[ofoej[WVayj[','blurHashWidth':32}}",24,40,,,,,,,,,,,,,,,,,,,,,,,,,,,,,,,2025-10-21T20:06:51.314Z,2025-10-21T20:06:51.314Z
672,Camote Envuelto,Tradicional Coco,TRUE,"{'url':'036d6bb0da9679128f465d0cc01906dac8840e1969c9ac2af99af04526c08a0d.png','size':237893,'width':500,'height':500,'filename':'6.png','metadata':{'width':500,'height':500,'blurHash':'erQcSOt7.8xu%M%Mj[ayj[ay_NofIUayM{t7fkj[ayj[n$aykCfQWV','blurHashWidth':32}}",24,40,,,,,,,,,,,,,,,,,,,,,,,,,,,,,,,2025-10-21T20:04:58.743Z,2025-10-21T20:04:58.743Z
671,Lz Palanqueta Coco,Peanuts,TRUE,"{'url':'5dfc3aea1df3e955b3e849f87e8349652559c35a1e3b1140214bcaceca45a694.png','size':214446,'width':500,'height':500,'filename':'9.png','metadata':{'width':500,'height':500,'blurHash':'e+RCrPoKx]xatRxuf6WVj[fR?wt7RPbIRiozkCoejZj?ROaeWBaxof','blurHashWidth':32}}",24,40,,,,,,,,,,,,,,,,,,,,,,,,,,,,,,,2025-10-21T20:04:26.154Z,2025-10-21T20:04:26.154Z
670,Lz Palanqueta Cacahuate,Peanuts,TRUE,"{'url':'1781c0c1317326c607acd9d4db014d894e2bcdb25d2e2584115e6ec665cd9fee.png','size':203601,'width':500,'height':500,'filename':'11.png','metadata':{'width':500,'height':500,'blurHash':'eqRo+_t6.A%MbIxaaykCkCfR.TogITaeV@x]kCayayaxf6ayV@axt8','blurHashWidth':32}}",24,40,,,,,,,,,,,,,,,,,,,,,,,,,,,,,,,2025-10-21T20:04:04.343Z,2025-10-21T20:04:04.343Z
669,Lz Palanqueta Almendra,Peanuts,TRUE,"{'url':'562fa2a25b1c7fdad369ae7e1abe60e3364fd9ace9995f3d3712b8d586fbc6fd.png','size':210422,'width':500,'height':500,'filename':'almendra.png','metadata':{'width':500,'height':500,'blurHash':'e%PPr[n%?^xuxut7aej[kCj[_NozMxj[M{xuofa|f6jsxuj[M{WBt7','blurHashWidth':32}}",24,60,,,,,,,,,,,,,,,,,,,,,,,,,,,,,,,2025-10-21T20:03:33.499Z,2025-10-21T20:03:33.499Z
668,Lz Palanqueta Pepita Calabaza,Peanuts,TRUE,"{'url':'52aecd98e425509e88659af7b5f94a37ff26c5843189f8dfa8226a51939d744d.png','size':184112,'width':500,'height':500,'filename':'8.png','metadata':{'width':500,'height':500,'blurHash':'etQ]pDt6?v%MbHxuaya}j[j@_4ogD$WBV@xuj]j[ayayV@ayWBaxtR','blurHashWidth':32}}",24,60,,FALSE,FALSE,FALSE,,,,,FALSE,,,,,,,,,,,,,,,,FALSE,,,FALSE,,,2025-10-21T20:01:35.142Z,2025-10-21T20:02:05.336Z
667,Lz Palanqueta Nuez,Peanuts,TRUE,"{'url':'f5fea67d49752ebfa7d98612ecd78f75151a5f86448e2fc942386bd8c00f1d25.png','size':259023,'width':500,'height':500,'filename':'10.png','metadata':{'width':500,'height':500,'blurHash':'eyOg1uWB_NxuxuaeWBogofof_Nt7IUofM{x]ofofofV@xuofM{WBt7','blurHashWidth':32}}",24,60,,,,,,,,,,,,,,,,,,,,,,,,,,,,,,,2025-10-21T20:00:42.460Z,2025-10-21T20:00:42.460Z
666,Lz Calabaza,Tradicional Coco,TRUE,"{'url':'d3846327c7c8fab029b397756a4615edfdbcb65261d67fb79d02c8e3a3b0e522.png','size':200520,'width':500,'height':500,'filename':'23.png','metadata':{'width':500,'height':500,'blurHash':'eyQJ1Mx]?wt6kWxZaya}ofkC?^jsITWCRPx]oeoeWBaKozWBRPozt7','blurHashWidth':32}}",24,35,,FALSE,FALSE,FALSE,,,,,FALSE,,,,,,,,,,,,,,,,FALSE,,,FALSE,,,2025-10-20T19:11:12.012Z,2025-10-21T19:45:25.329Z
665,LZ Camote,Tradicional Coco,TRUE,"{'url':'bab0cdeb907c295b88ac3cef300d3c291096a0dffe5c411d3e3d9f535a46d973.png','size':163595,'width':500,'height':500,'filename':'22.png','metadata':{'width':500,'height':500,'blurHash':'e#Q]NTs:.8xutR%MkCf+aeRj?^kCIAjZV?WBaeenkCtRV@juoffkkC','blurHashWidth':32}}",24,35,,FALSE,FALSE,FALSE,,,,,FALSE,,,,,,,,,,,,,,,,FALSE,,,FALSE,,,2025-10-20T19:10:50.674Z,2025-10-21T19:45:33.383Z
664,LZ Cocadas,Tradicional Coco,TRUE,"{'url':'255a0a88e15abf27450bfdfb5d0b30f310b41e16cd4c3d32d0fc9c79c4ac7b9e.png','size':202389,'width':500,'height':500,'filename':'21.png','metadata':{'width':500,'height':500,'blurHash':'eiSFU{xu.T%MWB%NV?aetSf5%~ozMdV@ofxFo}kWRObIkXaKadkWf5','blurHashWidth':32}}",24,35,,FALSE,FALSE,FALSE,,,,,FALSE,,,,,,,,,,,,,,,,FALSE,,,FALSE,,,2025-10-20T19:10:21.784Z,2025-10-21T19:45:40.840Z
663,Jumex Bida Cereza Icee 500ml,Jugos ,TRUE,"{'url':'9f420b64293b69a8ab0e28db95ca18a8ef2cc482ed87a17f968dd10b60acc5db.png','size':160494,'width':500,'height':500,'filename':'bidacereza.png','metadata':{'width':500,'height':500,'blurHash':'epQ]sTxu_Mx[IUogj[t6bFWo%LbHM{n$ofxua}kBoLf6x]bHR5jFoz','blurHashWidth':32}}",24,48,,,,,,,,,,,,,,,,,,,,,,,,,,,,,,,2025-10-20T19:04:46.186Z,2025-10-20T19:04:46.186Z
662,Jumex Pau Pau,Jugos ,TRUE,"{'url':'e0d2e86e7b16893e1fe22d06450ae6de49499a1e5d3379139b18c65c577f0710.png','size':115438,'width':500,'height':500,'filename':'paupau.png','metadata':{'width':500,'height':500,'blurHash':'efRo?Lxu_N%MIpt7fQofj[kC?vj]DiWUt5%gj[aej[Rin%j@WWayoy','blurHashWidth':32}}",24,20,,,,,,,,,,,,,,,,,,,,,,,,,,,,,,,2025-10-20T19:01:12.786Z,2025-10-20T19:01:12.786Z
661,Fanta Fresa 600ml,Refresco Plastico Regular,TRUE,"{'url':'451de51ce692361bfaf6bcba21689db4d1847ea817d9eb98a839924c1703919d.png','size':85416,'width':500,'height':500,'filename':'18.png','metadata':{'width':500,'height':500,'blurHash':'ecS$Jz%M*JxuHr%Mj[aej[bbt+ayR5j[pIxuj[oefkWXo}f6Vsj[oz','blurHashWidth':32}}",12,28,,,,,,,,,,,,,,,,,,,,,,,,,,,,,,,2025-10-20T18:54:56.469Z,2025-10-20T18:54:56.469Z
660,Fanta Naranja 600ml,Refresco Plastico Regular,TRUE,"{'url':'ac3a852cbd76abed2e73d33b7e7e7e816c1d0931b5926d719d8c84624aa63074.png','size':68707,'width':500,'height':500,'filename':'17.png','metadata':{'width':500,'height':500,'blurHash':'eYT8];%2ys%#Ql%Mj[WBfQoLpJkCVXaKo~xvfRofoLWCozfkV@axkW','blurHashWidth':32}}",12,28,,,,,,,,,,,,,,,,,,,,,,,,,,,,,,,2025-10-20T18:54:33.393Z,2025-10-20T18:54:33.393Z
659,Sidral Mundet 600ml,Refresco Plastico Regular,TRUE,"{'url':'0a95adf77d984793eee4598e4eeabd582d3d85a3d18ba6a79b010bde5871fcfd.png','size':87103,'width':500,'height':500,'filename':'16.png','metadata':{'width':500,'height':500,'blurHash':'eXSiQ-xu?^.8Dh-;j[WBayof%gofMdV@x]%2jtofkBaft7j[RjWBoz','blurHashWidth':32}}",12,28,,,,,,,,,,,,,,,,,,,,,,,,,,,,,,,2025-10-20T18:54:06.269Z,2025-10-20T18:54:06.269Z
658,Boing Guayaba Botellin 354ml,Jugos De Vidrio,TRUE,"{'url':'93e662cc7e2dafe31798dc3c8bfc9a925171a6acfbb1805ed482322e0fb020b2.png','size':117001,'width':500,'height':500,'filename':'13.png','metadata':{'width':500,'height':500,'blurHash':'emSP9Bxu.TxvI9-;j[RPayogtlfQROfjozkpa|xGoLSMo#j[V?axoz','blurHashWidth':32}}",24,48,,FALSE,FALSE,FALSE,,,,,FALSE,,Boing,,,,,,,,,,,,,,FALSE,,,FALSE,,,2025-10-20T18:48:35.292Z,2025-10-20T18:53:39.646Z
657,Boing Mango Botellin 354ml,Jugos De Vidrio,TRUE,"{'url':'386283ec01764b54b18128bb7a4a3d8847ed88e0563b44f294a2515258a02ec1.png','size':112815,'width':500,'height':500,'filename':'14.png','metadata':{'width':500,'height':500,'blurHash':'enSYv?xu.TxvMc%Nj[RjjZofx^a}ROjst8kXjtxGj[S3o#juV?aykW','blurHashWidth':32}}",24,48,,FALSE,FALSE,FALSE,,,,,FALSE,,Boing,,,,,,,,,,,,,,FALSE,,,FALSE,,,2025-10-20T18:48:05.838Z,2025-10-20T18:53:30.665Z
656,Seven Up 600ml,Refresco Plastico Regular,TRUE,"{'url':'4d00bb1de746f6d0f02b7d8ab44df6b669a8d503e8610c6ad3211fc88681b259.png','size':77529,'width':500,'height':500,'filename':'15.png','metadata':{'width':500,'height':500,'blurHash':'eVS6Y,x[~E?I4-%Mj[j[j[ay-qoMITR%%3%Mj[j[j[ayxIj[NYWUs;','blurHashWidth':32}}",12,28,,FALSE,FALSE,FALSE,,,,,FALSE,,,,,,,,,,,,,,,,FALSE,,,FALSE,,,2025-10-20T18:47:02.093Z,2025-10-20T18:53:22.002Z
655,Lucas Salsaguetti Sandia Share Size,Mexican Candy,TRUE,"{'url':'4b752b6df634cf43a85c3e1727d8d4ac9e163c1e4b6f152a6312fac978b6e85f.png','size':184400,'width':500,'height':500,'filename':'salsaghuettywatermelongrande.png','metadata':{'width':500,'height':500,'blurHash':'epQ,8noL.8%MofxuRPafozfk_NtRIARjWCxux]kCaKjGR*Rjt7off5','blurHashWidth':32}}",6,6.99,,,,,,,,,,,Lucas,,,,,,,,,,,,,,,,,,,,2025-10-09T02:39:04.505Z,2025-10-09T02:39:04.505Z
654,Lucas Salsagheti Watermelon,Mexican Candy,TRUE,"{'url':'125d240b56d7c9f6dfb5975beabc4a7873ffc4240b8c8d51c7578436ea135746.png','size':256675,'width':500,'height':500,'filename':'5.png','metadata':{'width':500,'height':500,'blurHash':'e@RC0uof%h%2o}$+kCR*aeoM*JoLVsW=VskqjGofX8axn+bbRiniof','blurHashWidth':32}}",12,6.99,,,,,,,,,,,Lucas,,,,,,,,,,,,,,,,,,,,2025-10-09T02:34:36.425Z,2025-10-09T02:34:36.425Z
653,Amos Strawberry Peelers,Jelly,TRUE,"{'url':'0bbebe9eb39d6166e36fb18485ef6d0c48f90c332169aae656bc7505d546c339.png','size':232998,'width':500,'height':500,'filename':'amosstrawberry.png','metadata':{'width':500,'height':500,'blurHash':'eyRVCG%2.mbvkXxaaekCkCf+yDWVMxofoes:j[g3fknix^WBRioLWB','blurHashWidth':32}}",12,42,,,,,,,,,,,Amos,,,,,,,,,,,,,,,,,,,,2025-10-09T02:08:05.300Z,2025-10-09T02:08:05.300Z
652,Sabritas Japones Peanuts,Peanuts,TRUE,"{'url':'2ec684136e30ce1b4e642121de8d1338f4dbda79bd674cb4a754857a7a364035.png','size':181963,'width':500,'height':500,'filename':'japonessabritaspeanuts.png','metadata':{'width':500,'height':500,'blurHash':'e.ON2yxu~pxaxts;j@kBfkoLx]ayRPj[WVkDfRs:j[WX%Mf6M{a}WB','blurHashWidth':32}}",12,37,,FALSE,FALSE,FALSE,,,,,FALSE,,Sabritas,,,,,,,,,,,,,,FALSE,,,FALSE,,,2025-10-08T23:32:13.048Z,2025-10-08T23:32:26.438Z
651,Pepsi 355ml,Refresco Vidrio Regular,TRUE,"{'url':'df6c94b559936ad14dfb508412b2d9dc39b71b297e32ac735653b012a819b680.png','size':85521,'width':500,'height':500,'filename':'pepsi355ml.png','metadata':{'width':500,'height':500,'blurHash':'eXS6Md%M_N%M4n-;j[Rkf7t6%Mj@IUay%Lxvj[s,j[WEt7fkRjf6t7','blurHashWidth':32}}",24,45,,FALSE,FALSE,FALSE,,,,,FALSE,,Pepsi,,,,,,,,,,,,,,FALSE,,,FALSE,,,2025-10-08T22:52:02.792Z,2025-10-08T22:58:35.755Z
650,Sprite 3lt,Refresco Plastico 3lt,TRUE,"{'url':'abfc23d78c6b0091297b3682faa441bb0ec18374314543fe3a1b01aa61427fe2.png','size':96568,'width':500,'height':500,'filename':'Sprite3lt.png','metadata':{'width':500,'height':500,'blurHash':'eVR:Qc%M~X%39Y%Mj[oMj[WB-qayE0kBxb-;juR%kBoMR%fPs;j[R%','blurHashWidth':32}}",4,20,,FALSE,FALSE,FALSE,,,,,FALSE,,Sprite,,,,,,,,,,,,,,FALSE,,,FALSE,,,2025-10-08T22:33:42.321Z,2025-10-08T22:38:18.137Z
649,Sprite 500ml,Refresco Vidrio 500ml,TRUE,"{'url':'d9cab53c24ce4b1e991e21394944a53f7e20b9677e239bcfa4f7ef65f388c4ac.png','size':77333,'width':500,'height':500,'filename':'sprite500ml.png','metadata':{'width':500,'height':500,'blurHash':'eeRpOJ%M~Exu54%fj[Rjj[oy$,ayNEj[xbxuj[ofj[WBs;fQR%juog','blurHashWidth':32}}",24,48,,,,,,,,,,,,,,,,,,,,,,,,,,,,,,,2025-10-08T22:27:01.689Z,2025-10-08T22:27:01.689Z
648,Yan Yan Vainilla 10ct,Chocolate,TRUE,"{'url':'7d9e59a5089817b1c37b0cf1c2886447b752bfd8681cae55cfa91cf8f8f29246.png','size':168566,'width':500,'height':500,'filename':'yanyyanvainilla.png','metadata':{'width':500,'height':500,'blurHash':'enQ,L1xu~qxuD%oej[ozaeoetRj[RiayogtRfQoKkBWCo#a}V?oJkD','blurHashWidth':32}}",8,100,,FALSE,FALSE,FALSE,,,,,FALSE,,,,,,,,,,,,,,,,FALSE,,,FALSE,,,2025-10-08T04:43:43.687Z,2025-10-08T23:21:15.106Z
647,Boing Uva 500ml Tetra,Jugos ,FALSE,"{'url':'fdec9c8cdfa7211a360fecf94471c813712cc9ae98938df3561d2252ef5d46fe.png','size':145957,'width':500,'height':500,'filename':'boinguva.png','metadata':{'width':500,'height':500,'blurHash':'evQS}6xu~qt7IUkBj[t7jaWB-;j[IUayt7s:j[ozbGaexuayRjj[of','blurHashWidth':32}}",24,35,,FALSE,FALSE,FALSE,,,,,FALSE,,Boing,,,,,,,,,,,,,,FALSE,,,FALSE,,,2025-10-08T04:14:34.260Z,2025-10-08T04:14:58.639Z
646,Arachi Japones Picosito Chico,Peanuts,TRUE,"{'url':'2d7ffe6510606481cfefae61f1133ad6017a2090cce4d21fd862a41d454329e9.png','size':206969,'width':500,'height':500,'filename':'101.png','metadata':{'width':500,'height':500,'blurHash':'erQcVWt7_N%Mjat7j[ayaft7?vjtIAWVayxuj[ofj[Rj%Lj[M|aej[','blurHashWidth':32}}",50,25,,,,,,,,,,,,,,,,,,,,,,,,,,,,,,,2025-10-08T03:35:21.300Z,2025-10-08T03:35:21.300Z
645,Arachi Japones Regular Chico ,Peanuts,TRUE,"{'url':'0634fef4fd3e1446ee46b0146a3e1f54af5b507c52d74f91073229979bfb4216.png','size':198976,'width':500,'height':500,'filename':'100.png','metadata':{'width':500,'height':500,'blurHash':'edQ]$oxu~q-:WBxuofj[Rjof^+ofD%WBofxtWBozt7WAxufkRjaej[','blurHashWidth':32}}",50,25,,,,,,,,,,,,,,,,,,,,,,,,,,,,,,,2025-10-08T03:34:52.486Z,2025-10-08T03:34:52.486Z
644,Arachi Mix Picosito XL,Peanuts,TRUE,"{'url':'04abb868cca82bbcf802a1fbd90c7badb6647dac9c0be137a0acc935e5c316b0.png','size':293505,'width':500,'height':500,'filename':'99.png','metadata':{'width':500,'height':500,'blurHash':'e+QSk|xu?^t7kDx[kCWBWVay-=fkIUjZaes:ayofofj[xvayRjfkjZ','blurHashWidth':32}}",10,20,,,,,,,,,,,,,,,,,,,,,,,,,,,,,,,2025-10-08T03:34:15.385Z,2025-10-08T03:34:15.385Z
643,Arachi Japones Picosito XL,Peanuts,TRUE,"{'url':'5046298d7f0e9319edffa85e4be25d26771777ba7f67a253211f6a08b6e0886e.png','size':304188,'width':500,'height':500,'filename':'97.png','metadata':{'width':500,'height':500,'blurHash':'e-Oz0$xu_NxuxuxGj[kCWBa|-;ayMxbHWBt7jtj[j[f6%Mj[RPayWB','blurHashWidth':32}}",10,20,,,,,,,,,,,,,,,,,,,,,,,,,,,,,,,2025-10-08T03:33:45.109Z,2025-10-08T03:33:45.109Z
642,Arachi Japones Regular XL,Peanuts,TRUE,"{'url':'1b7f197b47caf6dcd0630a8a69fafd4c1b6fc5c8826c697122ee6b87ccf0d206.png','size':303531,'width':500,'height':500,'filename':'98.png','metadata':{'width':500,'height':500,'blurHash':'e:OWd0t7_NxuxuxajtbHfQay%gj[M{ayWBt7j[jsayfPx]j[RjfPWB','blurHashWidth':32}}",10,20,,,,,,,,,,,,,,,,,,,,,,,,,,,,,,,2025-10-08T03:33:17.341Z,2025-10-08T03:33:17.341Z
641,Efrutti Mini burger,Candy,TRUE,"{'url':'82274105dcd31a53d05f61be783897cd63228c6cfac0b5c56bf174ff1f4204fe.png','size':210399,'width':500,'height':500,'filename':'96.png','metadata':{'width':500,'height':500,'blurHash':'enRMC@xt.9x]tR%1RiWBtRoz?wWBMwofRio#tRt6RPWBbHt7WARis;','blurHashWidth':32}}",60,24,,,,,,,,,,,,,,,,,,,,,,,,,,,,,,,2025-10-08T00:19:38.484Z,2025-10-08T00:19:38.484Z
640,Efrutti Pizza ,Candy,TRUE,"{'url':'96105ecdde16378f846c583e949a9048ee76f98d25352980ac0d575d5c3f9f05.png','size':254714,'width':500,'height':500,'filename':'97.png','metadata':{'width':500,'height':500,'blurHash':'eoQS-ot6?w%Mt8xtRPf8xukC?cWBMxofNFkWt7s:V@fkbvofV@aeof','blurHashWidth':32}}",48,24,,,,,,,,,,,,,,,,,,,,,,,,,,,,,,,2025-10-08T00:19:01.352Z,2025-10-08T00:19:01.352Z
639,Takis Fuego 3.25oz,Barcel Chicas,TRUE,"{'url':'f97b8a7737b4f0e1fa88ec4c4ef0b88cd9eb3ad6016449f720b7cd057b5f650c.png','size':210454,'width':500,'height':500,'filename':'takis3.25oz.png','metadata':{'width':500,'height':500,'blurHash':'e%PGHet7?wxu%MWBayt7WVoe%hfSRObFV[oMofoxjYjc%Mf6RPayR+','blurHashWidth':32}}",20,40,,FALSE,FALSE,FALSE,,,,,FALSE,,,,,,,,,,,,,,,,FALSE,,,FALSE,,,2025-10-07T22:46:39.043Z,2025-10-07T22:46:43.079Z
638,Bota Navideña De la Rosa,Mexican Candy,TRUE,"{'url':'390bac6176a5b30e850c924c0fb7f470e2332fa28c398eee6799cddeeb60c0c4.png','size':165697,'width':500,'height':500,'filename':'botanavidena.png','metadata':{'width':500,'height':500,'blurHash':'emRMPU%M_NsoMxxaV[oztQV@%Nj[IUayxus;ofofRjbIxuV@Rjt8Rj','blurHashWidth':32}}",40,80,,,,,,,,,,,,,,,,,,,,,,,,,,,,,,,2025-10-07T22:35:51.937Z,2025-10-07T22:35:51.937Z
637,Jumex Piña Coco 475ml,Jugos ,TRUE,"{'url':'4334a148ef10ff911fb8062d07307052ab7a42efd6ca08bad196acf7ca49dab5.png','size':138002,'width':500,'height':500,'filename':'96.png','metadata':{'width':500,'height':500,'blurHash':'erQ]yktR~p%LDjxvjtobj[WEtRj?RPWXbbxtfka$oJj=xZfRNHf6s,','blurHashWidth':32}}",12,20,,,,,,,,,,,,,,,,,,,,,,,,,,,,,,,2025-10-07T22:31:14.610Z,2025-10-07T22:31:14.610Z
636,Jumex Manzana 475ml,Jugos ,TRUE,"{'url':'93ba0e81f794ffd387ef2d64fba9448ab068d60024621ec283aae59c2318144e.png','size':110995,'width':500,'height':500,'filename':'95.png','metadata':{'width':500,'height':500,'blurHash':'enRMSet7_N%gDit8a|oeoLWBtlj[RPf5bvxuj[a#a}k9xuj[M|WBt7','blurHashWidth':32}}",12,20,,FALSE,FALSE,FALSE,,,,,FALSE,,,,,,,,,,,,,,,,FALSE,,,FALSE,,,2025-10-07T22:30:43.208Z,2025-10-07T22:30:47.420Z
635,Jumex Durazno 475ml,Jugos ,TRUE,"{'url':'b685bd8b0da7ff3d72eb1bcd4a849077fff67e598dac6b7fe241f78a21a34024.png','size':134524,'width':500,'height':500,'filename':'98.png','metadata':{'width':500,'height':500,'blurHash':'euQ]vZt7_N%MDio}a|s,oLWEx]j[M{WBozxtj@W=j[jYtRj[Rjayog','blurHashWidth':32}}",12,20,,,,,,,,,,,,,,,,,,,,,,,,,,,,,,,2025-10-07T22:30:18.894Z,2025-10-07T22:30:18.894Z
634,Jumex Mango 475ml,Jugos ,TRUE,"{'url':'75494b34e8ab8caff0cfc7ac70a649435472293f076c5c4b268aefc86578fa45.png','size':134201,'width':500,'height':500,'filename':'97.png','metadata':{'width':500,'height':500,'blurHash':'etRC*$xu_NxuD$tRfRs,j[R+tSfQROa|bc%1j[Sia}n$xuazM|j@t6','blurHashWidth':32}}",12,20,,,,,,,,,,,,,,,,,,,,,,,,,,,,,,,2025-10-07T22:29:52.462Z,2025-10-07T22:29:52.462Z
633,King Magic Egg,Surprise,TRUE,"{'url':'7b82cd12e4bf2165a6b5c148f54425659a0ee6e59c75e37e6a54f32305077003.png','size':227948,'width':500,'height':500,'filename':'92.png','metadata':{'width':500,'height':500,'blurHash':'efQ9sA-p_Nxux]-;WVbboKRj_NV@IUkCRjMxs:oxWXtR-;baM{aeWB','blurHashWidth':32}}",12,39,,FALSE,FALSE,FALSE,,,,,FALSE,,,,,,,,,,,,,,,,FALSE,,,FALSE,,,2025-10-07T22:19:53.430Z,2025-10-08T23:34:44.715Z
632,King Happy Egg,Surprise,TRUE,"{'url':'736f6a9275d4db372d9dbdf5c6707672d3e097000f217ee1df37a093d448b9c9.png','size':225029,'width':500,'height':500,'filename':'94.png','metadata':{'width':500,'height':500,'blurHash':'ekQ]Tb%M?wxutl-payX9fkV@?waeMxbHRiZ~kCkCjZt8%gbHM_jGax','blurHashWidth':32}}",12,39,,FALSE,FALSE,FALSE,,,,,FALSE,,,,,,,,,,,,,,,,FALSE,,,FALSE,,,2025-10-07T22:19:34.115Z,2025-10-08T23:34:53.900Z
631,King Egg,Surprise,TRUE,"{'url':'047b2d71c7216f98b26b40384507c6eb347f41f3be82f46d8d700767d7cc91d0.png','size':229257,'width':500,'height':500,'filename':'93.png','metadata':{'width':500,'height':500,'blurHash':'ekQ+ypxu?wxvx]-pj@bua#V@?wa#M_j?RPVYj[ofj[t7%Mj[RPafW.','blurHashWidth':32}}",12,39,,FALSE,FALSE,FALSE,,,,,FALSE,,,,,,,,,,,,,,,,FALSE,,,FALSE,,,2025-10-07T22:19:01.786Z,2025-10-07T22:19:09.758Z
630,Reyma Plato Plano 4/125,Disposable,TRUE,"{'url':'ce325b837c77f9cb7adba06a3e7a4591b3cb579828706b7898c182b964ce49f5.png','size':213525,'width':500,'height':500,'filename':'91.png','metadata':{'width':500,'height':500,'blurHash':'eMQTDn%M_2-;-:%N%2xZozkC~pt7IVoeWB_2M{M|WBM{-.RQNHozRk','blurHashWidth':32}}",4,36,,,,,,,,,,,,,,,,,,,,,,,,,,,,,,,2025-10-07T22:18:16.445Z,2025-10-07T22:18:16.445Z
629,El Tio Pol Fuego,Michelada Cups,TRUE,"{'url':'ad069b3bc65a03947817c0d412c9faa61be77d8e37ec62dd0a80956f0e4bad83.png','size':222506,'width':500,'height':500,'filename':'15.png','metadata':{'width':500,'height':500,'blurHash':'eoP?p^x]?vxa%gtRRit6ogjZ_Nt7D%WBRj-;ozRkf6R*tRV@j]ogWB','blurHashWidth':32}}",12,30,,FALSE,FALSE,FALSE,,,,,FALSE,,Tio Pol,,,,,,,,,,,,,,FALSE,,,FALSE,,,2025-10-07T21:02:42.735Z,2025-10-07T21:02:52.488Z
628,El Tio Pol Clasica,Michelada Cups,TRUE,"{'url':'4087cbf13547de6050541062e49510bf50106b7db4dcf56273d1b712c9fbad71.png','size':215121,'width':500,'height':500,'filename':'16.png','metadata':{'width':500,'height':500,'blurHash':'enQJAnxu?vxu%Ms;RPozozj@_Nt8D$WBRj-=ozV@jZRjo}RjoMozV@','blurHashWidth':32}}",12,30,,FALSE,FALSE,FALSE,,,,,FALSE,,Tio Pol,,,,,,,,,,,,,,FALSE,,,FALSE,,,2025-10-07T21:02:12.254Z,2025-10-07T21:02:59.480Z
627,Fruzel Gelatina 38pz,Jelly,TRUE,"{'url':'0966fb87e7d88fc2a75e4c721d5b78bb9aa66f042759914a89acdae05ad0a6e8.png','size':204603,'width':500,'height':500,'filename':'fruzel.png','metadata':{'width':500,'height':500,'blurHash':'e:QcSFs:?wxuadxtf6W=kCWA%NoeM{WCayt6j[f9WCkCxubHRQjtj?','blurHashWidth':32}}",6,45,,FALSE,FALSE,FALSE,,,,,FALSE,,,,,,,,,,,,,,,,FALSE,,,FALSE,,,2025-10-07T20:45:02.714Z,2025-10-07T21:06:24.498Z
626,Glorias EL Peke,Traditional Leche,TRUE,"{'url':'0386a977ba1c8d9c09bdea5822439341283518b127a65f6a6e36d60d624ddcf7.png','size':211284,'width':500,'height':500,'filename':'gloriaspeke.png','metadata':{'width':500,'height':500,'blurHash':'e+QcSKs:x^tRxuxuazoej[az_NkDMxoKRjoej[R*afoJRPf6ofayof','blurHashWidth':32}}",18,36,,FALSE,FALSE,FALSE,,,,,FALSE,,El Peke,,,,,,,,,,,,,,FALSE,,,FALSE,,,2025-10-07T19:11:36.980Z,2025-10-07T19:11:43.246Z
625,Surtido Diario,Cookies,TRUE,"{'url':'bb18cc7d06851497cb3eae203e651240af3a37d9a2cc3c60bf51c273405285d1.png','size':313690,'width':500,'height':500,'filename':'SurtidoDiario.png','metadata':{'width':500,'height':500,'blurHash':'esODOfoM-ooztRs;f6WXfka|_NofNHs:V@x]ofs+jZoM?akBV@jbjF','blurHashWidth':32}}",12,48,,FALSE,FALSE,FALSE,,,,,FALSE,,Cuetara,,,,,,,,,,,,,,FALSE,,,FALSE,,,2025-10-07T18:27:19.239Z,2025-10-07T18:52:45.911Z
624,Jarritos Spicy Gummies,Jelly,TRUE,"{'url':'3ee7e988d82833009c2cf1d9cef856496cea311aabc65469c8dccc8bdd3e6706.png','size':221620,'width':500,'height':500,'filename':'JarritoSpicygummies.png','metadata':{'width':500,'height':500,'blurHash':'e^SX_,xbyZt7TJt5bHf9jtbbtlbHRPjZnit6jZkCbHjFpIa|V?jZjF','blurHashWidth':32}}",12,35,,FALSE,FALSE,FALSE,,,,,FALSE,,Jarritos,,,,,,,,,,,,,,FALSE,,,FALSE,,,2025-10-07T18:07:54.671Z,2025-10-07T21:15:20.356Z
623,Barcel Big Mix Fuego,Barcel XXL,TRUE,"{'url':'2f446828fa9f94199e873feae4be20d15f445283ab7249dd22ae034fb0f6b275.png','size':240175,'width':500,'height':500,'filename':'Bigmixfuego.png','metadata':{'width':500,'height':500,'blurHash':'e*Q+mQs;?^xuoIohj]objroeNga#sjj?fmaQaztOodWFkrj[aJazba','blurHashWidth':32}}",24,108,XXL Familiar,FALSE,FALSE,FALSE,,,,,FALSE,,Barcel,,,,,,,,,,,,,,FALSE,,,FALSE,,,2025-10-07T18:02:19.290Z,2025-10-07T18:06:48.593Z
622,Runners XXL,Barcel XXL,TRUE,"{'url':'c1b38c4e8a8616f1f36b3714b067fd0459ac47cc967bbbde60490880d49e7565.png','size':257590,'width':500,'height':500,'filename':'Runners200g.png','metadata':{'width':500,'height':500,'blurHash':'e.Q]4#xa.mtRjZw]n%bcShj[$kn$NZW=bIr_azkVoKaxtRa|V@n%bH','blurHashWidth':32}}",16,73.44,,,,,,,,,,,Barcel,,,,,,,,,,,,,,,,,,,,2025-10-07T17:59:50.062Z,2025-10-07T17:59:50.062Z
621,Panditas Classic,Jelly,TRUE,"{'url':'67a3909d65eee1727863ca409935b53b8c2cc4297ac94895f7454e44f604b179.png','size':169629,'width':500,'height':500,'filename':'panditasclasicas.png','metadata':{'width':500,'height':500,'blurHash':'e;Qcx6t7^-xbM_oxj?oMjbbHX5a|njf6ogt6j[kCa{aexuazRij@of','blurHashWidth':32}}",12,25.5,,FALSE,FALSE,FALSE,,,,,FALSE,,Ricolino,,,,,,,,,,,,,,FALSE,,,FALSE,,,2025-10-07T17:50:33.904Z,2025-10-08T23:18:46.167Z
620,Magic Pop Rings,Candy,TRUE,"{'url':'f1c012b9f2fa964e4d446888a83880c3624153b82124b8c7e7a64ae4ee65f420.png','size':217032,'width':500,'height':500,'filename':'9.png','metadata':{'width':500,'height':500,'blurHash':'emRCuXs.?w%gXRtRkCs;e-ae.9a#ITaxni$+jYR%g3oztRozV@V@WC','blurHashWidth':32}}",40,20,,,,,,,,,,,,,,,,,,,,,,,,,,,,,,,2025-10-07T17:47:35.002Z,2025-10-07T17:47:35.002Z
619,Kitty Corner,Candy + Toy,TRUE,"{'url':'bf6c5cc1875659718392a230298bd017af16a16506926e07a3b85cf837f57f47.png','size':142119,'width':500,'height':500,'filename':'8.png','metadata':{'width':500,'height':500,'blurHash':'eXSPFR%1?w%$V@-pV@R*xvog%$bcI9i_o|ozt8xbM_adxGbHSgaeV@','blurHashWidth':32}}",12,24,,,,,,,,,,,Kidsmania,,,,,,,,,,,,,,,,,,,,2025-10-07T17:46:42.008Z,2025-10-07T17:46:42.008Z
618,Evan's Gordita de Nata,Cookies,TRUE,"{'url':'c1b5661bc949b75995f0f404c6c9b7ffbe98601e7a5a769c50cef67d7e7e5656.png','size':271281,'width':500,'height':500,'filename':'12.png','metadata':{'width':500,'height':500,'blurHash':'e$P$m^xu%hsAx]%Mt8kCWAWB?wofRPbbRPaeV@j[ozofx]RjV@ozay','blurHashWidth':32}}",12,25,,,,,,,,,,,,,,,,,,,,,,,,,,,,,,,2025-10-07T17:44:16.999Z,2025-10-07T18:23:17.299Z
617,Evan's Coconut,Cookies,TRUE,"{'url':'f0846ef4aa7e982acea6dad75576bddf27e5086736cae97777db018be9536a47.png','size':264418,'width':500,'height':500,'filename':'11.png','metadata':{'width':500,'height':500,'blurHash':'ewPZP:xZ-=ozx]%Mt7kCWBWA_4ozM{n%RPWAV@j[ozofxuV@Rjofj[','blurHashWidth':32}}",12,25,,,,,,,,,,,,,,,,,,,,,,,,,,,,,,,2025-10-07T17:43:46.300Z,2025-10-07T17:43:46.300Z
616,Evan's Vainilla,Cookies,TRUE,"{'url':'8d4a1d49ec29e0f509396ab2610699bd9171bf15b4156b0e0ceb1864d9f6f620.png','size':217256,'width':500,'height':500,'filename':'10.png','metadata':{'width':500,'height':500,'blurHash':'ezQ+~MxF%MoytSxuogayayay?wo#RPoLRPsoRjofofj[V@Rjayofof','blurHashWidth':32}}",12,25,,,,,,,,,,,,,,,,,,,,,,,,,,,,,,,2025-10-07T17:43:15.929Z,2025-10-07T17:43:15.929Z
615,Bailey's Irish Cake,Chocolate,TRUE,"{'url':'9033c361086e0cefafce156c5ac7ca9940a449c151803922486fd8a1d4e5f676.png','size':165364,'width':500,'height':500,'filename':'7.png','metadata':{'width':500,'height':500,'blurHash':'emRC-=xaxut7xu%Mj[fPayay_Nj]Rit7RPt7aya}j[ofIAofogWBt7','blurHashWidth':32}}",10,14,,,,,,,,,,,,,,,,,,,,,,,,,,,,,,,2025-10-07T17:13:06.527Z,2025-10-07T17:13:06.527Z
614,Banderitas El Peke,Tradicional Tamarindo,TRUE,"{'url':'cf27fdde65ce20554aa1b99421bca2ecf325bf4fa4b852e32e451687b676038b.png','size':196055,'width':500,'height':500,'filename':'6.png','metadata':{'width':500,'height':500,'blurHash':'e-RVe3s..Tx]RPxGjtX9bHjF%Nj]M_WBj]s:ayofj]j]x[kBM{WCof','blurHashWidth':32}}",24,24,,FALSE,FALSE,FALSE,,,,,FALSE,,,,,,,,,,,,,,,,FALSE,,,FALSE,,,2025-10-07T17:11:31.778Z,2025-10-08T22:57:22.185Z
613,Churros El Cerdito,Churros,TRUE,"{'url':'45e7bb15ca0b8980eed6bf4615aae2000993e25b1fbe05f653d17351ab1c56e2.png','size':211264,'width':500,'height':500,'filename':'13.png','metadata':{'width':500,'height':500,'blurHash':'erQl^3oL_N-;j[xuofWBWBtR.8ofITWBoft7WAt7t7Rjxuj[RjWBWB','blurHashWidth':32}}",21,90,,FALSE,FALSE,FALSE,,,,,FALSE,,,,,,,,,,,,,,,,FALSE,,,FALSE,,,2025-10-07T16:58:39.647Z,2025-10-07T20:48:30.816Z
612,El Chavo Sorpresa,Surprise,TRUE,"{'url':'c3cf409e5c70c843a8585b53764d0ae4ab1216c50cdd3c6c8b0228cc0a446df2.png','size':319320,'width':500,'height':500,'filename':'3.png','metadata':{'width':500,'height':500,'blurHash':'elP?gex@?wxv%OxtjZtRbbjJ_4n,MxW:M{wKaeS1f*bXyER*V?s:ad','blurHashWidth':32}}",12,30,,FALSE,FALSE,FALSE,,,,,FALSE,,,,,,,,,,,,,,,,FALSE,,,FALSE,,,2025-10-07T16:57:26.692Z,2025-10-09T01:49:50.598Z
611,Nutella Biscuits ,Chocolate,TRUE,"{'url':'aeb0f2e85f12c3c66cb440926d0fda88666438dee97d3659835152f5f67f39d3.png','size':196852,'width':500,'height':500,'filename':'14.png','metadata':{'width':500,'height':500,'blurHash':'efRfII%M?^%Mt8.8bGRjf6ni%$fRMdjsW;V=oLxbkCX9%gf6RQWVV@','blurHashWidth':32}}",4,30,,FALSE,FALSE,FALSE,,,,,FALSE,,Kinder,,,,,,,,,,,,,,FALSE,,,FALSE,,,2025-10-07T02:58:46.209Z,2025-10-07T16:55:33.030Z
610,Ruffles Mix XXL,Sabritas XXL,TRUE,"{'url':'cd0c80e1819463adce33be1c7cde8876bac03a6df66886e1ff31c2256fe4dd8d.png','size':221902,'width':500,'height':500,'filename':'5.png','metadata':{'width':500,'height':500,'blurHash':'e?O|OtoL~qx]Ris;jbf*bHjZoyfQV@jZkCX9azs.oLa{o}j[V?WUj[','blurHashWidth':32}}",16,73.44,XXL Familiar,FALSE,FALSE,FALSE,,,,,FALSE,,Sabritas,,,,,,,,,,,,,,FALSE,,,FALSE,,,2025-10-07T01:40:55.157Z,2025-10-07T16:55:47.727Z
609,Barcel Valentones ,Barcel XXL,TRUE,"{'url':'41328e9beeaf3ec641e5cd9c4c35c88bb956486ebf04c5b2bad7a14d505aa6b4.png','size':204040,'width':500,'height':500,'filename':'4.png','metadata':{'width':500,'height':500,'blurHash':'e_RoKht6*0tRV@t7j?oLa#ags;jZWAa}ogwKjZXSbHjZt8juRja{j?','blurHashWidth':32}}",16,73.44,XXL Familiar,FALSE,FALSE,FALSE,,,,,FALSE,,Barcel,,,,,,,,,,,,,,FALSE,,,FALSE,,,2025-10-07T01:39:50.012Z,2025-10-07T16:56:02.556Z
608,Paketaxo Dark Chico,Sabritas Chicas,TRUE,"{'url':'d10c5096e1e98b4334933e6c526f26027454e6c00511a7f149b8197dc53c6707.png','size':149166,'width':500,'height':500,'filename':'8.png','metadata':{'width':500,'height':500,'blurHash':'eyQl|Cxu_Nt7Mxxuj[W;fQjZx]ayROoeozW:fQxaj[S1%MfQM{aykC','blurHashWidth':32}}",50,100,Chico,FALSE,FALSE,FALSE,,,,,FALSE,,Sabritas,,,,,,,,,,,,,,FALSE,,,FALSE,,,2025-09-09T19:54:26.921Z,2025-10-07T01:23:42.557Z
607,Dorito Incognita Chico,Sabritas Chicas,TRUE,"{'url':'5bfed8d94e2f9a0af8cfde1857cbbc9783b7f11548182af096a5c666b88622b2.png','size':142102,'width':500,'height':500,'filename':'9.png','metadata':{'width':500,'height':500,'blurHash':'exQS^|xu_NxtM_ozjZs:flWV-;fQIUj[t7xafkbbjsj?%MjZM{a}j[','blurHashWidth':32}}",50,100,Chico,FALSE,FALSE,FALSE,,,,,FALSE,,Sabritas,,,,,,,,,,,,,,FALSE,,,FALSE,,,2025-09-09T19:53:46.056Z,2025-10-07T01:23:52.565Z
606,Barcel Adobo Chico,Barcel Chicas,TRUE,"{'url':'3300e339ba9143f59f7a839d3744012c7fa1213b0c19e334bd1917009ae29a71.png','size':174100,'width':500,'height':500,'filename':'10.png','metadata':{'width':500,'height':500,'blurHash':'e,Re:Pxu.mt7VstRjtjsbHf7x]jZR5bHozxZfkbbjZjZx]ayR5j[kC','blurHashWidth':32}}",50,100,Chico,FALSE,FALSE,FALSE,,,,,FALSE,,Barcel,,,,,,,,,,,,,,FALSE,,,FALSE,,,2025-09-09T19:52:45.521Z,2025-10-07T01:24:05.726Z
605,Jin Spicy Ramen- Beef,Ramen Noodle ,TRUE,"{'url':'a94c30cf27d13eef1326de3fa607c1d74bf36bea50ac87e26b8b8e87fb325e19.png','size':127482,'width':500,'height':500,'filename':'7.png','metadata':{'width':500,'height':500,'blurHash':'evR{Jdxu*0xujDsnfRkCj[of%#j@MwWWWYx]j[e:bHV@tkbHRPn*oe','blurHashWidth':32}}",6,14.5,,TRUE,FALSE,FALSE,,,,85003346592,FALSE,,Otoki,,,,,,,Isabel@azteka.com,,,,,,,FALSE,,,FALSE,,,2025-09-06T03:06:52.304Z,2025-10-07T01:24:23.663Z
604,Cup Noodle Soup Chicken Flavor,Ramen Noodle ,FALSE,"{'url':'090e3b2914075b0083d20eeaa2941b7d08d84a05a3aa5db3c61d614238cb9195.jpg','size':2918651,'width':3264,'height':2448,'filename':'17571276230633272196635757346714.jpg','metadata':{'width':3264,'height':2448,'blurHash':'eBGR#P?]4@H@9Y~EIWJ5RgbbDkNHrBVYkro;oHrFnoS}ohW=S0Szsp','blurHashWidth':32}}",24,21.67,,TRUE,FALSE,FALSE,,,,7066213803,FALSE,,Ramen Noodle Soup,,,,,,,Isabel@azteka.com,,,,,,,FALSE,,,FALSE,,,2025-09-06T03:01:37.940Z,2025-10-07T01:24:35.568Z
603,Buldak,Ramen Noodle ,FALSE,"{'url':'84f4fab7584419cf653f3ba0f59e2e860c9163890ff983b2dd9d6734cb49dc48.png','size':234465,'width':500,'height':500,'filename':'Buldak.png','metadata':{'width':500,'height':500,'blurHash':'efRojV%M.mxutRr@aykCofoz.SaeMdf+RP%gofofayV?x^j[RPfkfk','blurHashWidth':32}}",6,21.29,,TRUE,FALSE,FALSE,,,10,8801073250574,FALSE,,samyang,,,14.29,,,,Isabel@azteka.com,,,,,,,FALSE,,,FALSE,,,2025-09-06T02:53:32.548Z,2025-10-07T21:51:27.160Z
602,Tia Juana Chamoy,Candy,TRUE,"{'url':'7811e9c035b3c9a9458d29513b8413f786a7d840281a9a9b5cefffd0f286f09b.png','size':177402,'width':500,'height':500,'filename':'11.png','metadata':{'width':500,'height':500,'blurHash':'esRV:{xa%Nxuxvt6Riayt8a}?wfkM_jvRPxvtRofRPj?RPjckCoyof','blurHashWidth':32}}",36,52.99,,FALSE,FALSE,FALSE,,,,,FALSE,,,,,,,,,,,,,,,,FALSE,,,FALSE,,,2025-08-28T20:41:19.327Z,2025-10-07T22:57:38.651Z
601,Tia Juana Cotton Candy Pina,Candy,TRUE,"{'url':'f49e9d904e64734824c406b17ed4866551c4474eb35c5e80ad92f57bfa3edbbc.png','size':177625,'width':500,'height':500,'filename':'9.png','metadata':{'width':500,'height':500,'blurHash':'epRV@7xtx^ofx[t7j[f6WBog?wozROofM{-;a}kCofRjRORjWYofof','blurHashWidth':32}}",36,52.99,,FALSE,FALSE,FALSE,,,,,FALSE,,,,,,,,,,,,,,,,FALSE,,,FALSE,,,2025-08-28T20:40:35.299Z,2025-10-07T22:57:23.767Z
600,Tia Juana Cotton Candy Watermelon,Candy,TRUE,"{'url':'49b47414d8f810626238926fe9416d83b9bf5974735fb96bc086494ab9c0ddfb.png','size':186265,'width':500,'height':500,'filename':'7.png','metadata':{'width':500,'height':500,'blurHash':'etQAHc%3-qxu%Mx[Rjayt7WB~XWVM_WBM{s;xukCNFofNFe:oft7jb','blurHashWidth':32}}",36,52.99,,FALSE,FALSE,FALSE,,,,,FALSE,,,,,,,,,,,,,,,,FALSE,,,FALSE,,,2025-08-28T20:39:53.049Z,2025-10-07T22:57:53.543Z
599,Tia Juana Cotton Candy Mango,Candy,TRUE,"{'url':'8a1636116e9e75f48d6557a81a826a59a4d0d0b0387bf7505538d6911cd93d37.png','size':172794,'width':500,'height':500,'filename':'8.png','metadata':{'width':500,'height':500,'blurHash':'epRyKTt6.S%MkDx[jtV[ayof.TogMdaeadt8fkt7oeR*aif8j=a{j]','blurHashWidth':32}}",36,52.99,,FALSE,FALSE,FALSE,,,,,FALSE,,,,,,,,,,,,,,,,FALSE,,,FALSE,,,2025-08-28T20:39:18.282Z,2025-10-07T22:58:05.506Z
598,Yan Yan Fresa 10ct,Chocolate,TRUE,"{'url':'99cec708b4aeaca31a5f82d84decad2da83040c5160d1ff8049f053712551ad7.png','size':143316,'width':500,'height':500,'filename':'5.png','metadata':{'width':500,'height':500,'blurHash':'ekSFbFs:.m%#Mds,ayozoMkBtRkCRPaeozxujabakCe:tRj[V?e.of','blurHashWidth':32}}",8,100,,,,,,,,,,,,,,,,,,,,,,,,,,,,,,,2025-08-28T20:37:44.399Z,2025-08-28T20:37:44.399Z
597,Yan Yan Chocolate 10ct,Chocolate,TRUE,"{'url':'6fcbdd3228ee008bba1f05bb41f5f9b4eacb8c21db4806da645840b2b6ed5117.png','size':163016,'width':500,'height':500,'filename':'4.png','metadata':{'width':500,'height':500,'blurHash':'euR..Gs.?^%gITodayt7j[f+tRkCRiaeogxajtofkCWBtRj[Riaeof','blurHashWidth':32}}",8,100,,,,,,,,,,,,,,,,,,,,,,,,,,,,,,,2025-08-28T20:37:08.055Z,2025-08-28T20:37:08.055Z
596,Pulparindo Rim Dip Mango 250gr,Mexican Candy,TRUE,"{'url':'edb6cc5308655b270ddab30c234e34e0d1fb592345ce7b4c5118ab961d598594.png','size':120052,'width':500,'height':500,'filename':'36.png','metadata':{'width':500,'height':500,'blurHash':'eqR3WXxt-=xuxubrbFoMfRof_4j]ITjuRi=~j]S0j[R%Mxf6tQfPof','blurHashWidth':32}}",12,42,,FALSE,FALSE,FALSE,,,,,FALSE,,De la Rosa,,,,,,,,,,,,,,FALSE,,,FALSE,,,2025-08-18T17:55:59.257Z,2025-10-07T21:20:14.792Z
595,De la Rosa Malvabon 12pc,Chocolate,TRUE,"{'url':'27cf9b01cb5ea04daa761afb91905ce5073ff880cd47e296666274c5f5fb5848.png','size':275725,'width':500,'height':500,'filename':'33.png','metadata':{'width':500,'height':500,'blurHash':'etOMv:of_M%2-;EOoKxZWVt6%#odRPW=RjxEbakCaeW=%fj[RQW;V[','blurHashWidth':32}}",24,76.87,,,,,,,,,,,De la Rosa,,,,,,,,,,,,,,,,,,,,2025-08-18T17:54:49.099Z,2025-08-18T17:54:49.099Z
594,Gabriela Aloe Vera Original ,Aloe Vera,TRUE,"{'url':'5d3b02dc06b56dc4e15c8d8d4e82b7a80c1a92fd9aacbde2110b7be4a158da7e.png','size':103381,'width':500,'height':500,'filename':'34.png','metadata':{'width':500,'height':500,'blurHash':'ejRM#bxu~Exu54%Mj[WBj[j[xIf7NYfksqtQj[s;j@WBs;fQR%fQoM','blurHashWidth':32}}",24,24,,FALSE,FALSE,FALSE,,,,,FALSE,,Gabriela,,,,,,,,,,,,,,FALSE,,,FALSE,,,2025-08-18T17:53:14.903Z,2025-10-07T20:22:27.549Z
593,Gabriela Aloe Vera Original 1.25lt,Aloe Vera,TRUE,"{'url':'8709c1d50927778e7fafdbb007bd595e40bcabf7778d1af59705807f6ff6c28d.png','size':88891,'width':500,'height':500,'filename':'35.png','metadata':{'width':500,'height':500,'blurHash':'ehRpRPxu~E-q9X%Mj[axj[j[$,j[NEWUxIxuj[oMj[ayxbj[RiWUt7','blurHashWidth':32}}",12,20,,FALSE,FALSE,FALSE,,,,,FALSE,,Gabriela,,,,,,,,,,,,,,FALSE,,,FALSE,,,2025-08-18T17:51:54.793Z,2025-10-07T20:22:36.826Z
592,Cuetara Animal Crackers 15.87oz,Cookies,TRUE,"{'url':'6f58ba810f5d717b35d6171a0d0794d2fff1aa386821d4062a0531c4f496c746.png','size':309922,'width':500,'height':500,'filename':'32.png','metadata':{'width':500,'height':500,'blurHash':'ekOM~akC_N%2?cjYWVozoLof.9kCM_jbRPs.jaofbGof?boMM{baR%','blurHashWidth':32}}",12,20,,,,,,,,,,,Cuetara,,,,,,,,,,,,,,,,,,,,2025-08-18T17:50:44.679Z,2025-08-18T17:50:44.679Z
591,Camaronazo Picante 64oz,Jugos ,TRUE,"{'url':'8a3842a723d63163dd255d4ef7a6e37bccbcbf243eec0f9045e9a976ef9f6e47.png','size':165425,'width':500,'height':500,'filename':'3.png','metadata':{'width':500,'height':500,'blurHash':'e.Q+.}oL?^%gIAxuj@WVfkaexuj[NGWCoLxuj[afbGjZtRj[V?aeof','blurHashWidth':32}}",8,47,,FALSE,FALSE,FALSE,,,,,FALSE,,,,,,,,,,,,,,,,FALSE,,,FALSE,,,2025-08-18T17:49:23.304Z,2025-08-28T20:35:29.906Z
590,Camaronazo Regular ,Jugos ,TRUE,"{'url':'fd229cb1060494fe9950084caf54ca0647034190140c8aef32ad1f4523a3adca.png','size':167457,'width':500,'height':500,'filename':'2.png','metadata':{'width':500,'height':500,'blurHash':'e+QS-#jb_M-;IB%1j[S4a}aexukCRPWBj[tRj[jFj[azo~j]aJaebc','blurHashWidth':32}}",8,47,,FALSE,FALSE,FALSE,,,,,FALSE,,,,,,,,,,,,,,,,FALSE,,,FALSE,,,2025-08-18T17:48:52.713Z,2025-08-28T20:35:39.090Z
589,Cuzcatlan Cola de Champagne 2lt,Refresco Plastico 3lt,TRUE,"{'url':'c4470545f5bc659340d395df5401af1c64c0c74682e19e932bac1cb2dfba01d5.png','size':99176,'width':500,'height':500,'filename':'28.png','metadata':{'width':500,'height':500,'blurHash':'elS=xExtysx^Mcx]j[aKjZkCtlj[ROaeozxuj[jcj[bFXnbHnMjYXT','blurHashWidth':32}}",6,12.99,,FALSE,FALSE,FALSE,,,,,FALSE,,,,,,,,,,,,,,,,FALSE,,,FALSE,,,2025-08-18T17:47:27.415Z,2025-10-07T20:35:04.402Z
588,Cuzcatlan Cola de Champagne 12oz,Refresco Vidrio Regular,TRUE,"{'url':'027747bd5eba2f86da64914d2da7e8bc6d4f91ff08509ee69077ca273b575c62.png','size':82856,'width':500,'height':500,'filename':'27.png','metadata':{'width':500,'height':500,'blurHash':'edSr+P%2.T%MH=%Nj[V@j@kCpIfkVYe.kqxuj[s.fRWXkEfRacf6kD','blurHashWidth':32}}",24,30,,FALSE,FALSE,FALSE,,,,,FALSE,,,,,,,,,,,,,,,,FALSE,,,FALSE,,,2025-08-18T17:45:57.564Z,2025-10-07T20:34:57.227Z
587,Tepachito Pineapple & Coco 12oz,Refresco Vidrio Regular,TRUE,"{'url':'fce82c296f078d6b48c9efa0ffdfa55bb4a6134618e91f5e0011490c6bfaea16.png','size':81737,'width':500,'height':500,'filename':'25.png','metadata':{'width':500,'height':500,'blurHash':'eWR:KOxu~q?b4n-pj[WXj]jY%Mj[IUWBxux]j[oJjZW;xtj[M|WCt7','blurHashWidth':32}}",24,35,,FALSE,FALSE,FALSE,,,,,FALSE,,Tepachito,,,,,,,,,,,,,,FALSE,,,FALSE,,,2025-08-18T17:43:50.833Z,2025-10-07T20:35:12.853Z
586,Tepachito Pineapple & Guava 12oz,Refresco Vidrio Regular,TRUE,"{'url':'0ad33c260c130ce77a2c81f94a24fcf234e8588a494496a9a4aab8493ba61566.png','size':82510,'width':500,'height':500,'filename':'24.png','metadata':{'width':500,'height':500,'blurHash':'eYS6JVxu_N?b8_%Mfkf6oLayx]kCMxV[tR%3j[bba|jZtRj[RPWBt7','blurHashWidth':32}}",24,35,,FALSE,FALSE,FALSE,,,,,FALSE,,Tepachito,,,,,,,,,,,,,,FALSE,,,FALSE,,,2025-08-18T17:43:07.263Z,2025-10-07T20:35:20.116Z
585,Tepachito Pinapple & Mango 12oz,Refresco Vidrio Regular,TRUE,"{'url':'6d675bf90646dab4667f2f51376b2d27eb56a6057759729dd60366d212f50494.png','size':82600,'width':500,'height':500,'filename':'26.png','metadata':{'width':500,'height':500,'blurHash':'eZS6JVxu_N-=8_%Mj[ayj[ayx]j[MxWBtR%2j[kCa}jYtRj[RPWBt7','blurHashWidth':32}}",24,35,,FALSE,FALSE,FALSE,,,,,FALSE,,Tepachito,,,,,,,,,,,,,,FALSE,,,FALSE,,,2025-08-18T17:42:30.411Z,2025-10-07T20:35:28.115Z
584,Miguelito Cacahuate Japones,Peanuts,TRUE,"{'url':'60b559505004aadae3a6ec2b846fde573aa70b207c531e12c823678157d0318a.png','size':170669,'width':500,'height':500,'filename':'33.png','metadata':{'width':500,'height':500,'blurHash':'e%Q+]9t7?^xuRixao1bIW;jZ.8j[ITayoft7W;oesAjbtlbHRPjZkC','blurHashWidth':32}}",24,48,,FALSE,FALSE,TRUE,,,,,FALSE,,Miguelito,,,,,,,,,,,,,,FALSE,,,FALSE,,,2025-08-12T17:14:24.578Z,2025-08-18T17:28:45.031Z
583,Miguelito Cacahuates ,Peanuts,TRUE,"{'url':'8767b1befc82c940ad3140859b45d3f933b248b0402c11b32bfa31454f555f53.png','size':171061,'width':500,'height':500,'filename':'32.png','metadata':{'width':500,'height':500,'blurHash':'ezSFOzxu*0t8RPxaj[bIWWj[xvazRij[s:sCazkWoeaLpIa}Vsj?bI','blurHashWidth':32}}",24,48,,FALSE,FALSE,TRUE,,,,,FALSE,,Miguelito,,,,,,,,,,,,,,FALSE,,,FALSE,,,2025-08-12T17:13:54.343Z,2025-08-12T17:42:23.926Z
582,Zucaritas Lechita 200ml,Milkshakes,,"{'url':'eac3798382517414fe0b07b8fb006ec7a4fce688e39b7df1250d19921fe8acae.png','size':158388,'width':500,'height':500,'filename':'27.png','metadata':{'width':500,'height':500,'blurHash':'ewQm0Lxu_Nt8Mxxafkbbj?ayx]azM{oJkCxtjZW=bbjYx]fQM{f6of','blurHashWidth':32}}",27,54.9,,FALSE,FALSE,TRUE,,,,,FALSE,,,,,,,,,,,,,,,,FALSE,,,FALSE,,,2025-08-12T17:00:17.065Z,2025-08-12T17:00:36.503Z
581,Chocolate Abuelita Liquido,Milkshakes,TRUE,"{'url':'3f2dafccf9b8786f710084821f05ec3d238216fbdc984bd10c7b0416d068d908.png','size':130778,'width':500,'height':500,'filename':'31.png','metadata':{'width':500,'height':500,'blurHash':'e,RfOWxu?wt8I9t7j@kCfkafkEazacj[kDt7fQofj[WBtRfPRjfRof','blurHashWidth':32}}",12,60,,FALSE,FALSE,TRUE,,,,,FALSE,,,,,,,,,,,,,,,,FALSE,,,FALSE,,,2025-08-12T16:59:15.415Z,2025-08-12T17:43:02.146Z
580,Miguelito Papa reg,Casero,TRUE,"{'url':'f88fbab2c36cf7675f95687c00d082b2ec0f86cfb30a801e41c81d79d9e0bf13.png','size':209308,'width':500,'height':500,'filename':'25.png','metadata':{'width':500,'height':500,'blurHash':'e;R.lct6*0tRVsxaj[flafaxtlkCRPaej?t6fQkCj[ayt8a#WAj@j]','blurHashWidth':32}}",24,108,,FALSE,FALSE,TRUE,,,,,FALSE,,Miguelito,,,,,,,,,,,,,,FALSE,,,FALSE,,,2025-08-12T16:56:54.544Z,2025-10-07T19:30:30.360Z
579,Miguelito Papas Grande,Casero,TRUE,"{'url':'e78874803cba39b8ede6211f8728fb65b8aa39918baad5cf44039983808ca139.png','size':216707,'width':500,'height':500,'filename':'26.png','metadata':{'width':500,'height':500,'blurHash':'e,RyHFt6.TxuWCtQj[a#WDj[x^j[R5aeoct6aykCkBayt9f7W9kBa#','blurHashWidth':32}}",16,72,,FALSE,FALSE,TRUE,,,,,FALSE,,Miguelito,,,,,,,,,,,,,,FALSE,,,FALSE,,,2025-08-12T16:56:17.787Z,2025-10-07T19:29:51.142Z
578,Sal del Bahio Bolsa,Grocery,,"{'url':'a4a41a53f1e9b33c71e3870af7fca8c7c0f79cd124d41f05de070d5bf3073bc4.png','size':152028,'width':500,'height':500,'filename':'24.png','metadata':{'width':500,'height':500,'blurHash':'eqRCoOxu?^tRRQ%1j[WYf6j[%ga}IUn~t6t8f6ofkBjFx]f6RPflkB','blurHashWidth':32}}",12,15,,FALSE,FALSE,FALSE,,,,,FALSE,,,,,,,,,,,,,,,,FALSE,,,FALSE,,,2025-08-07T00:46:08.894Z,2025-08-07T00:46:21.057Z
577,Sal del Bahia Bote,Grocery,,"{'url':'9067284d3a4e181d6d296d13c3735715373a73dc6901da5b03a5559b049f7fae.png','size':98341,'width':500,'height':500,'filename':'23.png','metadata':{'width':500,'height':500,'blurHash':'eeRyjI%M_N%LD%%Lj[a#j[j[.8j@IAazxux]j[jYj@a|oya|V[j@kC','blurHashWidth':32}}",12,15,,,,,,,,,,,,,,,,,,,,,,,,,,,,,,,2025-08-07T00:45:39.388Z,2025-08-07T00:45:39.388Z
576,Jazz Tea 500ml,Tea,TRUE,"{'url':'e185a17a822b0e7a2f2cc26df14452852c6ed662fcc1d58bf9e102bad4cbbc92.png','size':236584,'width':500,'height':500,'filename':'22.png','metadata':{'width':500,'height':500,'blurHash':'e%O:eEt7.9t7%gx[axafofa}?wkCROj[RPaPazoej?oe-;azM{j[WB','blurHashWidth':32}}",12,30,,FALSE,FALSE,TRUE,,,,,FALSE,,,,,,,,,,,,,,,,FALSE,,,FALSE,,,2025-08-07T00:43:31.593Z,2025-08-12T17:43:08.698Z
575,Botanas Anita Churritos de Maiz,Churros,TRUE,"{'url':'4dbcee2ec59d4b6c11db29a0233e2b3fd20394aedad1af4125a49976968adc32.png','size':97881,'width':500,'height':500,'filename':'21.png','metadata':{'width':500,'height':500,'blurHash':'eWSF*4-;_Ne.8_-;azNGoft7xvayRPoftR%Mj[f6j[bHtQayRjoft7','blurHashWidth':32}}",20,100,,FALSE,FALSE,TRUE,,,,,FALSE,,,,,,,,,,,,,,,,FALSE,,,FALSE,,,2025-08-07T00:42:03.759Z,2025-08-12T17:43:15.150Z
574,Papas Diabla Caseras La Molienda 170g,Casero,,"{'url':'bf34517634e76844ce906de807563ddc277db4afd7e4609b844ca742e37714fa.png','size':143017,'width':500,'height':500,'filename':'26.png','metadata':{'width':500,'height':500,'blurHash':'esRyTyxt?^x]Dixtj[offkae%Mj[MxaytRxujtbbj[jZtRfkRPayt7','blurHashWidth':32}}",16,48,,FALSE,FALSE,FALSE,,,,,FALSE,,La Molienda,,,,,,,,,,,,,,FALSE,,,FALSE,,,2025-07-30T04:29:45.177Z,2025-07-30T04:36:25.133Z
573,Papas Jalapeño Casera La Molienda 170g,Casero,,"{'url':'60dad7326bdcd5a0d8b62b1b59d5f8ae803f370e67c16e6eb0e0bc987bfb4aa0.png','size':157638,'width':500,'height':500,'filename':'papajalapenolamolienda.png','metadata':{'width':500,'height':500,'blurHash':'e*RVtht6?wx]IAo}bHn$jsWVx]j[M_aet7xtjsWXbHj[kqfkemaybc','blurHashWidth':32}}",16,48,,FALSE,FALSE,FALSE,,,,,FALSE,,La Molienda,,,,,,,,,,,,,,FALSE,,,FALSE,,,2025-07-30T04:29:13.146Z,2025-07-30T04:36:34.134Z
572,La Molienda Barra Mixt 5oz,Peanuts,,"{'url':'85c61cf836a0ea2c310722ce328eafd0a7a5e4a4794b662b7b787a54fc508122.png','size':98187,'width':500,'height':500,'filename':'La Molienda Barra Mixt.png','metadata':{'width':500,'height':500,'blurHash':'ecSFz_%M%Nx]xuxuj[j[fQfk_4bHMxoLRP%Nayaeofay9Ef6x]a}t7','blurHashWidth':32}}",24,48,,,,,,,,,,,La Molienda,,,,,,,,,,,,,,,,,,,,2025-07-30T04:26:18.852Z,2025-07-30T04:26:18.852Z
571,Empanada de Piña 5oz,Cookies,FALSE,"{'url':'b5119ab7011a36fe31aa0763950e7225fc34ab95e2e2bc8889acfff6cbab5200.png','size':278488,'width':500,'height':500,'filename':'92.png','metadata':{'width':500,'height':500,'blurHash':'e.RVqHt6.AxukDx@j?V_f8fltTkBV?agaxsoaybbj[oft9f8V?fkfi','blurHashWidth':32}}",30,60,,FALSE,FALSE,FALSE,,,,,FALSE,,La Molienda,,,,,,,,,,,,,,FALSE,,,FALSE,,,2025-07-28T18:29:25.321Z,2025-10-07T21:39:28.139Z
570,Empanada de Cajeta 5oz,Cookies,FALSE,"{'url':'69d01e73894a48b6c9483dbeef0ebe26fb4e9ca2b59a3346670bfa5bfe4f6b87.png','size':300574,'width':500,'height':500,'filename':'91.png','metadata':{'width':500,'height':500,'blurHash':'e#QSxCt7.AxutS%Gj[WZj@WF.8j]RjfQRiofj@axfQoftSayRPfPj=','blurHashWidth':32}}",30,60,,FALSE,FALSE,FALSE,,,,,FALSE,,La Molienda,,,,,,,,,,,,,,FALSE,,,FALSE,,,2025-07-28T18:28:56.284Z,2025-10-07T21:39:45.376Z
569,Gloria Mega 2.9oz,Traditional Leche,,"{'url':'986a7a9f847c369c91c89d93754f49e504f035decde42edd537922c5e03bf386.png','size':132063,'width':500,'height':500,'filename':'23.png','metadata':{'width':500,'height':500,'blurHash':'eiR.}oxuxuxuyDxuozkCaea{?^buM{jZMxx]Vsadozj[IAjFt7bbt7','blurHashWidth':32}}",50,100,,,,,,,,,,,La Molienda,,,,,,,,,,,,,,,,,,,,2025-07-28T18:26:53.975Z,2025-07-28T18:26:53.975Z
568,Surtido Cristalizado 1lb,Traditional Leche,,"{'url':'3eab20e44a28d11ba4f28fbea750b9bd2fdd0b68f8f4d69b8fd807334506acae.png','size':250595,'width':500,'height':500,'filename':'22.png','metadata':{'width':500,'height':500,'blurHash':'e%RCSdSzyX-pt8xvkCodjFWB.TxGVrN]RixtjZRkbbofWES#WAr=oz','blurHashWidth':32}}",12,72,,,,,,,,,,,La Molienda,,,,,,,,,,,,,,,,,,,,2025-07-28T18:25:56.053Z,2025-07-28T18:25:56.053Z
567,Barra Mixta Cacahuate Grande 5.oz,Peanuts,,"{'url':'b423e7f14bf7259d8ede3829199710953fecdf37e487ffde7d036e8c20845ebe.png','size':167408,'width':500,'height':500,'filename':'19.png','metadata':{'width':500,'height':500,'blurHash':'e*Q]pExax]tQtRxaj[a|ayjt_4j]M_juRixuWVj@oLayIAayt7fRog','blurHashWidth':32}}",36,72,,FALSE,FALSE,FALSE,,,,,FALSE,,La Molienda,,,,,,,,,,,,,,FALSE,,,FALSE,,,2025-07-28T18:23:29.285Z,2025-07-30T04:19:39.746Z
566,Empanada de Cajeta Mini 12.35oz,Cookies,FALSE,"{'url':'932c394160da946ca01b25a254e7b3a88285fcd925a85fa0cfb54cbfbc75df86.png','size':240186,'width':500,'height':500,'filename':'90.png','metadata':{'width':500,'height':500,'blurHash':'e*QvXes:%gt8x]xuj[a#f7j@?wofROoeRPt8juj?j[WVV@fQWCWBkC','blurHashWidth':32}}",32,156,,FALSE,FALSE,FALSE,,,,,FALSE,,La Molienda,,,,,,,,,,,,,,FALSE,,,FALSE,,,2025-07-28T18:21:56.801Z,2025-10-07T21:39:58.911Z
565,Empanada de Piña Mini 12.35oz,Cookies,FALSE,"{'url':'a268f09ef01d3396c3e02a687550f6eeb3c84ef1516573daec93787d02440329.png','size':246572,'width':500,'height':500,'filename':'89.png','metadata':{'width':500,'height':500,'blurHash':'e%Q+{Dt7x^t7x]x]j[WBj[f6?wofROj[RPoMf6oej[a#adayWDaykB','blurHashWidth':32}}",32,156,,FALSE,FALSE,FALSE,,,,,FALSE,,La Molienda,,,,,,,,,,,,,,FALSE,,,FALSE,,,2025-07-28T18:21:13.584Z,2025-10-07T21:40:13.058Z
564,Rollo de Guayaba con Cajeta,Tradicional Guayaba,FALSE,"{'url':'1d84298472a9ff437b07d61c4465e646636c4c09d2e894a1c4fb8c3db384e26b.png','size':133910,'width':500,'height':500,'filename':'14.png','metadata':{'width':500,'height':500,'blurHash':'ewQ]vWt7xutRtR%MofaxfQay_NofRPoLRiM{WBofj[ofD$f6t7WVoz','blurHashWidth':32}}",40,80,,FALSE,FALSE,FALSE,,,,,FALSE,,La Molienda,,,,,,,,,,,,,,FALSE,,,FALSE,,,2025-07-28T18:19:39.669Z,2025-10-08T23:10:20.444Z
563,Comalito Cacahuate Grande 3.1oz,Peanuts,,"{'url':'1f499f7d61c9e5b6dab822701b35eddd9571db3e9ed4d7a03a61fb63f1543a82.png','size':302310,'width':500,'height':500,'filename':'12.png','metadata':{'width':500,'height':500,'blurHash':'ezP6mg%M?wxux]xaa}fkj?j[?wWBRiayM_t8j@kBa#afx]ayROj[fR','blurHashWidth':32}}",40,80,,,,,,,,,,,La Molienda,,,,,,,,,,,,,,,,,,,,2025-07-28T18:18:07.467Z,2025-07-28T18:18:07.467Z
562,Comalito Grande Mixto 3.1oz,Peanuts,,"{'url':'e729c336f71609ace5a0f008074cf9d47d2b353b34ad65fb28c2ccd4f1d810c2.png','size':290538,'width':500,'height':500,'filename':'11.png','metadata':{'width':500,'height':500,'blurHash':'ezPsFk%M?wxutSxuayayfjay?wWBM{WBR5s;j[baoLjao~ayROofof','blurHashWidth':32}}",40,80,,,,,,,,,,,La Molienda,,,,,,,,,,,,,,,,,,,,2025-07-28T18:17:09.223Z,2025-07-28T18:17:09.223Z
561,Sabri-Negocio ,Sabritas Chicas,FALSE,"{'url':'74ed7436fd992aef24b6fbcb68ed08c324f108862cf19658b5e8e09d8d7e2bbf.png','size':150407,'width':500,'height':500,'filename':'24.png','metadata':{'width':500,'height':500,'blurHash':'e-Q0U7t7ozxtt7xua#bIfkaz~qj]aKe;RjW=oejFjZoKITazbIfkof','blurHashWidth':32}}",43,70,Chico,FALSE,FALSE,TRUE,,,,,FALSE,,Sabritas,,,,,,,,,,,,,,FALSE,,,FALSE,,,2025-07-28T18:16:02.792Z,2025-10-07T01:36:00.563Z
560,Squirt 600ml,Refresco Plastico Regular,FALSE,"{'url':'e4ed86ff86fb020eff7e451eb16cff3a3929045abff3483244ea6d75b0132eed.png','size':86221,'width':500,'height':500,'filename':'32.png','metadata':{'width':500,'height':500,'blurHash':'eiR:QWxu^-%M9X%Mj[WAjtofxvfRROf5t8%2j[W=fkn~xaj[NZWVs;','blurHashWidth':32}}",12,30,600ml,FALSE,FALSE,FALSE,,,,,FALSE,,Squirt,,,,,,,,,,,,,,FALSE,,,FALSE,,,2025-07-28T18:14:46.799Z,2025-10-07T20:28:44.006Z
559,Fresca Toronja 600ml,Refresco Plastico Regular,FALSE,"{'url':'0243bc8ad40007ec817c6c061dc0217246df465e8be1a478bf4eff1e7c6f0713.png','size':80620,'width':500,'height':500,'filename':'31.png','metadata':{'width':500,'height':500,'blurHash':'eZR:Thx[~E-q54%Nj[e,j?W?xwa~M_jqt8-Uj?S%W=r=w|oKN@S2sD','blurHashWidth':32}}",12,30,600ml,FALSE,FALSE,FALSE,,,,,FALSE,,Fresca,,,,,,,,,,,,,,FALSE,,,FALSE,,,2025-07-28T18:14:01.565Z,2025-10-07T20:28:52.267Z
558,Coca Cola 600ml (Mex),Refresco Plastico Regular,FALSE,"{'url':'f726115f3121b1ccc73413860e24d18ecdcd72ad31fc199a205e4aa191231652.png','size':73996,'width':500,'height':500,'filename':'33.png','metadata':{'width':500,'height':500,'blurHash':'elRfd^xu_N%M8_-;j[M{a|xax]fkMxjFtRxufkoLj[WVxGjtNaWps:','blurHashWidth':32}}",12,30,600ml,FALSE,FALSE,FALSE,,,,,FALSE,,Coca Cola,,,,,,,,,,,,,,FALSE,,,FALSE,,,2025-07-27T18:10:23.435Z,2025-10-07T20:29:03.440Z
557,Be-Light Piña Maracuyá 1.5lt,Aguas Frescas,,"{'url':'b57eeda3849734a6e644fb50229b28493e1a4b172567b60f479e104ecd03ada6.png','size':87258,'width':500,'height':500,'filename':'30.png','metadata':{'width':500,'height':500,'blurHash':'eZSs1-%M-@xtIR%Mj[obj@WFj^ayawofa$-:jsRlj]obogayWBj[ju','blurHashWidth':32}}",6,24,,FALSE,FALSE,FALSE,,,,,FALSE,,,,,,,,,,,,,,,,FALSE,,,FALSE,,,2025-07-27T18:08:04.171Z,2025-07-29T03:27:30.259Z
556,Be-Light Toronja 1.5lt,Aguas Frescas,,"{'url':'963602b0b0fb8460049a27aed581bd68081a2672a5e402f88e1c320020cf2575.png','size':100937,'width':500,'height':500,'filename':'29.png','metadata':{'width':500,'height':500,'blurHash':'ehS$Gp%2*0xvMJx]fknOj[X9o}bHV?jZkD%LjtSNj]niozfQV@fkkC','blurHashWidth':32}}",6,24,,FALSE,FALSE,FALSE,,,,,FALSE,,,,,,,,,,,,,,,,FALSE,,,FALSE,,,2025-07-27T18:07:18.815Z,2025-07-29T03:27:38.051Z
555,Be-Light Manzana 1.5lt,Aguas Frescas,,"{'url':'d72996b5e26be2176438761408976f9b77bdaff0829a62d4d839075dbdcecb3c.png','size':116350,'width':500,'height':500,'filename':'28.png','metadata':{'width':500,'height':500,'blurHash':'ewS5|sxa.TxvH?x]fkadj@bbt8fQV@f6ogxujtWpj[jFozj[V@aykC','blurHashWidth':32}}",6,24,,FALSE,FALSE,FALSE,,,,,FALSE,,,,,,,,,,,,,,,,FALSE,,,FALSE,,,2025-07-27T18:06:21.631Z,2025-07-29T03:27:44.967Z
554,Be-Light Limon 1.5lt,Aguas Frescas,,"{'url':'8f7188b825a7e3c8ef746c17828492cf3a864343faa4d1683c1d7cf004c2df57.png','size':102450,'width':500,'height':500,'filename':'27.png','metadata':{'width':500,'height':500,'blurHash':'ebRpLD%M~X%39Y%MfQaxofbHxbj[Riayog%Mj[WBj[fPt7ayRjj[of','blurHashWidth':32}}",6,24,,FALSE,FALSE,FALSE,,,,,FALSE,,,,,,,,,,,,,,,,FALSE,,,FALSE,,,2025-07-27T18:05:41.129Z,2025-07-29T03:27:53.887Z
553,Be-Light Pepino-Limon 1.5lt,Aguas Frescas,,"{'url':'42dae1ccbf06177358485ea9852dc4e4b8407c6e6a9e1cadb26b196c3151eef9.png','size':102063,'width':500,'height':500,'filename':'26.png','metadata':{'width':500,'height':500,'blurHash':'eXS6Sq%M_4%M9Y%Mj[jrj[a$xbf7Rij@s;-pj[WVj[jYt7fQR%fQoM','blurHashWidth':32}}",6,24,,FALSE,FALSE,FALSE,,,,,FALSE,,,,,,,,,,,,,,,,FALSE,,,FALSE,,,2025-07-27T18:05:07.602Z,2025-07-29T03:28:03.235Z
552,Be-Light Jamaica 1.5lt,Aguas Frescas,,"{'url':'f910bf90e39532aea40f60ab7044d3338f57bff6e7dc79ae0075aaf642597cd3.png','size':100065,'width':500,'height':500,'filename':'25.png','metadata':{'width':500,'height':500,'blurHash':'eqRV;5xu_Nxu8_%MfkWBj[ofx]f6M{fktRxuj[j[fkaexufQM{jtt7','blurHashWidth':32}}",6,24,,FALSE,FALSE,FALSE,,,,,FALSE,,,,,,,,,,,,,,,,FALSE,,,FALSE,,,2025-07-27T18:04:30.970Z,2025-07-29T03:28:11.826Z
551,Vive 100 Fuzion 600ml,Energy,,"{'url':'e5df75cb1387d38ac858c37f79c8165aa8c865491f7e11bdfb89593694dfa84e.png','size':106309,'width':500,'height':500,'filename':'vive100fuzion.png','metadata':{'width':500,'height':500,'blurHash':'ecR:E7%M~qxb4n%MfQWAofofxvayM_kCt8%Mj[WBj?ofxtayM|j[t6','blurHashWidth':32}}",24,48,,,,,,,,,,,Vive 100,,,,,,,,,,,,,,,,,,,,2025-07-27T18:02:29.551Z,2025-07-27T18:02:29.551Z
550,Barcel Big Mix Queso,Barcel XXL,FALSE,"{'url':'69daa7ed6afc45a88e47308c6e2821fd30824fba63bc3bc3e460339c4bf1ab93.png','size':201701,'width':500,'height':500,'filename':'14.png','metadata':{'width':500,'height':500,'blurHash':'eyP%O,oy_Nxvr;o}bHn%jZj=kYa#V?oIozfTa#t5ocWYx]j]RPaxWX','blurHashWidth':32}}",24,108,,FALSE,FALSE,FALSE,,,,,FALSE,,Barcel,,,,,,,,,,,,,,FALSE,,,FALSE,,,2025-07-24T19:28:07.574Z,2025-10-07T01:36:44.862Z
549,Sol Ruedas,Casero,,"{'url':'6a07b394730c78d8920d0e51d4b8df131ede1f23c8b2a194a2fe3d1994cc042f.png','size':184615,'width':500,'height':500,'filename':'13.png','metadata':{'width':500,'height':500,'blurHash':'e*Ql^1xu_4kDRPs.f6ozj]aex]azM{oLofoLj[t7axf6%MayM{ofkC','blurHashWidth':32}}",24,36,,FALSE,FALSE,FALSE,,,,,FALSE,,,,,,,,,,,,,,,,FALSE,,,FALSE,,,2025-07-24T19:27:31.303Z,2025-07-30T04:37:16.438Z
548,Sol 4x4 Chile,Casero,,"{'url':'3256dd8bc086d55a0aa40a8b75400d2e353d705892b7cafad32cebd0988ff213.png','size':166715,'width':500,'height':500,'filename':'12.png','metadata':{'width':500,'height':500,'blurHash':'eyQcers._N%NMxs:jZozflWVx]kCM{adoft7ayofoff6%Mj[M{WCog','blurHashWidth':32}}",24,36,,FALSE,FALSE,FALSE,,,,,FALSE,,,,,,,,,,,,,,,,FALSE,,,FALSE,,,2025-07-24T19:27:06.993Z,2025-07-30T04:37:28.634Z
547,Sol 4x4 Natural,Casero,,"{'url':'bca4ef12be0a34588360042c1d03592959307b3c5ea298dedce79648ceadc6ef.png','size':165607,'width':500,'height':500,'filename':'11.png','metadata':{'width':500,'height':500,'blurHash':'e#Qm3Qxu_Nj]ITxaofflWBjsxvj[RPf6ogofWBoft7azx]ayM{j]of','blurHashWidth':32}}",24,36,,FALSE,FALSE,FALSE,,,,,FALSE,,,,,,,,,,,,,,,,FALSE,,,FALSE,,,2025-07-24T19:26:39.983Z,2025-07-30T04:37:40.089Z
546,Del Valle Manzana 413ml.,Jugos De Vidrio,TRUE,"{'url':'5860e3f64566165c5763fa3a24c58641ff2cc2c792f4e2cf5916bd1376030c17.png','size':100915,'width':500,'height':500,'filename':'ValleManzana.png','metadata':{'width':500,'height':500,'blurHash':'euR.[Xxu?wt7H?xufRWBj[jsxvayRPj[ogo}j[smfkSNtlfQRPfPo}','blurHashWidth':32}}",24,48,Regular,FALSE,FALSE,FALSE,,,,,FALSE,44,Del Valle,,,,,,,,,,,,,,FALSE,,,FALSE,,,2025-07-16T00:37:07.961Z,2025-10-07T20:18:18.366Z
545,Del Valle Durazno 413ml.,Jugos De Vidrio,TRUE,"{'url':'a432a8139896e55933235b7f605d99a2045b985eca9dc4a946e485b0581a5bbe.png','size':100517,'width':500,'height':500,'filename':'ValleDurazno.png','metadata':{'width':500,'height':500,'blurHash':'ewSPCExu.AtRMc%Lj[WBj[j@tSa|Rij[ogXAfkxWj[R-kqfRaJf6kW','blurHashWidth':32}}",24,48,Regular,FALSE,FALSE,FALSE,,,,,FALSE,,Del Valle,,,,,,,,,,,,,,FALSE,,,FALSE,,,2025-07-16T00:36:28.273Z,2025-10-07T20:18:38.808Z
544,Del Valle Mango 413ml,Jugos De Vidrio,TRUE,"{'url':'7ee51607e6788f786f1aefb9d713f8c429946cfc57dc1f94c9665d5853058fa4.png','size':93399,'width':500,'height':500,'filename':'ValleMango.png','metadata':{'width':500,'height':500,'blurHash':'epSFz=xu.AxvI9%2j[WEfkjrt9fkRif6ogkEfRxYj[R+tSj[ROayo#','blurHashWidth':32}}",24,48,Regular,FALSE,FALSE,FALSE,,,,,FALSE,44,Del Valle,,,,,,,,,,,,,,FALSE,,,FALSE,,,2025-07-16T00:35:44.613Z,2025-10-07T20:18:55.022Z
543,Volt Energy Yellow,Energy,,"{'url':'39679a0abc84eb00d0809e7f3b16a30c5a100824984aa7a738fc2578b618e63a.png','size':155206,'width':500,'height':500,'filename':'169.png','metadata':{'width':500,'height':500,'blurHash':'e.PZu}j]~p-:IUt6fPj^j]fOt7j[Rjaya#xujuayj[j?xsj[RlazoJ','blurHashWidth':32}}",15,30,Regular,,,,,,,,,,,,,,,,,,,,,,,,,,,,,,2025-07-15T21:51:11.313Z,2025-07-15T21:51:11.313Z
542,Volt Energy Blue,Energy,,"{'url':'aa70b50db55f379695a8ba55b05faf2a7f67c7ef7839c84e86dd2ec3cbde52c5.png','size':157935,'width':500,'height':500,'filename':'168.png','metadata':{'width':500,'height':500,'blurHash':'e.Pjlbt7~VxuIUt8fRj?j@a#s;a}WUj?a#t7jsj[j[ays-f6WXj]f5','blurHashWidth':32}}",15,30,Regular,,,,,,,,,,,,,,,,,,,,,,,,,,,,,,2025-07-15T21:50:43.599Z,2025-07-15T21:50:43.599Z
541,Volt Energy Dark,Energy,,"{'url':'2d0a7f25e82be6538c356cde0cbc64cd1e0b8a2c871645ec15db955c70a7fd11.png','size':151999,'width':500,'height':500,'filename':'167.png','metadata':{'width':500,'height':500,'blurHash':'e;PjGbof~q%ME0oya{ogj[WUxuj[Rjayj[t6fQofj[axxtj[Rjayoe','blurHashWidth':32}}",15,30,Regular,,,,,,,,,,,,,,,,,,,,,,,,,,,,,,2025-07-15T21:49:50.195Z,2025-07-15T21:49:50.195Z
540,Mirinda 600ml,Refresco Plastico Regular,FALSE,"{'url':'3454f6e93475f67724b83e90eb07f05acf7ad2fc890993794871ce424329c9e4.png','size':87754,'width':500,'height':500,'filename':'166.png','metadata':{'width':500,'height':500,'blurHash':'enS~I$xauPyDQlx]j[jFjZbHo~flVse.kX%2j[W;fkn%kXfkaJjFkW','blurHashWidth':32}}",12,27,600ml,FALSE,FALSE,FALSE,,,,,FALSE,,,,,,,,,,,,,,,,FALSE,,,FALSE,,,2025-07-15T21:48:50.851Z,2025-10-08T04:09:25.503Z
539,Lemon Crush 600ml,Refresco Plastico Regular,FALSE,"{'url':'e98a09f7349eada6fec056f79fe4973d755e9f654ee12f6d00ed93f6bb04da42.png','size':78817,'width':500,'height':500,'filename':'164.png','metadata':{'width':500,'height':500,'blurHash':'eeRf^1x[}w%35O%2j[f+j[ae$lfQNYfjxHx]fjjFoLbHxIjuNZa{sq','blurHashWidth':32}}",12,27,600ml,FALSE,FALSE,FALSE,,,,,FALSE,,,,,,,,,,,,,,,,FALSE,,,FALSE,,,2025-07-15T21:48:12.597Z,2025-10-07T20:29:14.907Z
538,Orange Crush 600ml,Refresco Plastico Regular,FALSE,"{'url':'6fa3f8f4f22e016dd3955a64f497c3456fb6f6f279146ca3096c025d059e73bf.png','size':88027,'width':500,'height':500,'filename':'165.png','metadata':{'width':500,'height':500,'blurHash':'ekT8%cxauPyDQlxufkj[j[ayk=flZ~jFgNxujtbbfljFkqfkaJe.kW','blurHashWidth':32}}",12,27,600ml,FALSE,FALSE,FALSE,,,,,FALSE,,,,,,,,,,,,,,,,FALSE,,,FALSE,,,2025-07-15T21:47:46.805Z,2025-10-07T20:29:35.118Z
537,Dlg Jugo de Naranja 16.9oz,Jugos ,FALSE,"{'url':'3ec8ae76b25016567acd8f43d128a3c8bf6e84703d67d1e2dd06cbed6367588b.png','size':112967,'width':500,'height':500,'filename':'163.png','metadata':{'width':500,'height':500,'blurHash':'erSYjjxu.mxuH=%2jtS3j[n%tRfQRPjtozt8j[s.j[WVo}a|VsjtkW','blurHashWidth':32}}",12,27,Regular,FALSE,FALSE,FALSE,,,,,FALSE,,,,,,,,,,,,,,,,FALSE,,,FALSE,,,2025-07-15T21:46:44.490Z,2025-10-07T20:19:52.614Z
536,Raptor Energy 473ml,Energy,,"{'url':'85f969f24cbc22d781f2e881cc3bdc1c696a5f395ee896c0468b159bf9f9327e.png','size':171383,'width':500,'height':500,'filename':'162.png','metadata':{'width':500,'height':500,'blurHash':'e#RM6+t7?^x]IAkCa|t7oLWBx]fkM{e.t7xajtbHfkjZtRj[RPayoz','blurHashWidth':32}}",24,48,Regular,,,,,,,,,,,,,,,,,,,,,,,,,,,,,,2025-07-15T21:44:51.774Z,2025-07-15T21:44:51.774Z
535,Frusecha Guanabana 9.8oz,Coconut Drinks,FALSE,"{'url':'44bd0ea26b1be79ee628d40768fa75a23aea3c7702f206875ca9a11cfab799e8.png','size':100152,'width':500,'height':500,'filename':'guanabana.png','metadata':{'width':500,'height':500,'blurHash':'eYRyvn%M~q%M4-%Mfjj[oMWB%MjuIUayt7xuj[ofayjus;fQWBjtof','blurHashWidth':32}}",24,30,,FALSE,FALSE,FALSE,,,,,FALSE,25,,,,,,,,,,,,,,,FALSE,,,FALSE,,,2025-07-15T21:31:22.315Z,2025-10-07T20:24:51.531Z
534,Frusecha Piña 9.8oz,Coconut Drinks,FALSE,"{'url':'33a2da3b5c1be1c8d2452c387c5c1c2f9a5f1426901dd1e7d8c9745f0ce6b536.png','size':110308,'width':500,'height':500,'filename':'Piña.png','metadata':{'width':500,'height':500,'blurHash':'epR:A^xu?wxuD$x^j@acfkWYxvj[ROWCogxYfkkDj?oIoga|WAjsof','blurHashWidth':32}}",24,30,Regular,FALSE,FALSE,FALSE,,,,,FALSE,25,,Cajas,,25,,,,,,,,,,,FALSE,,,FALSE,,,2025-07-15T21:30:47.925Z,2025-10-07T20:25:01.455Z
533,Frusecha Fresa 9.8oz,Coconut Drinks,FALSE,"{'url':'b5d8e2debfb419ea3ffcce36a35cf17e8fbae066af6b7759ccb359c389b1eb86.png','size':107263,'width':500,'height':500,'filename':'Fresa.png','metadata':{'width':500,'height':500,'blurHash':'ecSFt*%L?]%MDi%Mj[njj[WUtlj[R5WVkpxbfkoyj[e;t6bHR*jZof','blurHashWidth':32}}",24,30,,FALSE,FALSE,FALSE,,,,,FALSE,25,,,,,,,,,,,,,,,FALSE,,,FALSE,,,2025-07-15T21:29:50.179Z,2025-10-07T20:25:14.428Z
532,Frusecha Mango 9.8oz,Coconut Drinks,FALSE,"{'url':'ae20f1e94b696cf99814b333f0f58c75c780471a57410bf6ed23497ec70f2ce3.png','size':102610,'width':500,'height':500,'filename':'Mango.png','metadata':{'width':500,'height':500,'blurHash':'elS6GIxu?wxvD$xvj[oHj@WEx]fkROjZo#xYj[ohf6jYogfRWAfPog','blurHashWidth':32}}",24,30,Regular,FALSE,FALSE,FALSE,,,,,FALSE,25,,Cajas,,25,,,,,,,,,,,FALSE,,,FALSE,,,2025-07-15T21:29:08.650Z,2025-10-07T20:25:21.528Z
531,Frusecha Coco 9.8oz,Coconut Drinks,FALSE,"{'url':'66aeb0e534893350bad059b18ea92d964cae0c57a0d452fefa694475e3c3b55a.png','size':88996,'width':500,'height':500,'filename':'coco.png','metadata':{'width':500,'height':500,'blurHash':'eWR{*{%M~q%M9Exvjtt6kCRk%Mj@IUWWxbxuj[ogayaxofazWBj?of','blurHashWidth':32}}",24,30,Regular,FALSE,FALSE,FALSE,,,,,FALSE,25,,Cajas,,25,,,,,,,,,,,FALSE,,,FALSE,,,2025-07-15T21:19:44.916Z,2025-10-07T20:25:30.682Z
530,Electrolit Guayaba ,Sueros,FALSE,"{'url':'2cc0c04b89d635a84d2582b13a37e79a4782cb382aba5f5bcfe305c07980a953.png','size':152945,'width':500,'height':500,'filename':'electrolitguayaba.png','metadata':{'width':500,'height':500,'blurHash':'eTS$T1-;.m%MH?x^jZsRkCR-tRayV?j[fl%gkCnhjFX9l9f6Z#f+kr','blurHashWidth':32}}",12,24,,FALSE,FALSE,FALSE,,,,,FALSE,,Electrolit,,,,,,,,,,,,,,FALSE,,,FALSE,,,2025-06-27T06:09:01.720Z,2025-10-07T19:46:38.822Z
529,Peñafiel Mandarina 600ml,Refresco Plastico Regular,FALSE,"{'url':'88373ee4a55049ec7157f04527eef27a4a35a6f155c55aca60f9d45594ead55c.png','size':116565,'width':500,'height':500,'filename':'97.png','metadata':{'width':500,'height':500,'blurHash':'eeS=;l%L*0x]MI%Mj[aej[kCtmfRVYjZo~xuj[j[j[a{kqfQa0jsg4','blurHashWidth':32}}",12,24,600ml,FALSE,FALSE,FALSE,,,,,FALSE,,Peñafiel,,,,,,,,,,,,,,FALSE,,,FALSE,,,2025-06-27T05:53:55.481Z,2025-10-07T20:29:45.199Z
528,Peñafiel Limonada 600ml,Refresco Plastico Regular,FALSE,"{'url':'65c6a065b87ed2260bba9d511b5fdcd55870db550d2b0081b4500228acb861d4.png','size':92016,'width':500,'height':500,'filename':'98.png','metadata':{'width':500,'height':500,'blurHash':'eLSs4}-;_4-;9E-;j[ayj[jt%NayIUoMxv-;j[offkWBs;ayR%j[og','blurHashWidth':32}}",12,24,600ml,FALSE,FALSE,FALSE,,,,,FALSE,,Peñafiel,,,,,,,,,,,,,,FALSE,,,FALSE,,,2025-06-27T05:53:23.312Z,2025-10-07T20:29:53.485Z
527,La India Cebada Patty,Grocery,,"{'url':'964389966a37012968e36831abde49e548ef2b35ae151443be77dbf59dbcae9e.png','size':298983,'width':500,'height':500,'filename':'101.png','metadata':{'width':500,'height':500,'blurHash':'ewR2=8xu?^tRt6ozj@oMjuoeyEfkR5jZaL$*j[X8a|V[x]fQRPa}X8','blurHashWidth':32}}",50,200,,FALSE,FALSE,FALSE,,,,,FALSE,,La India,,,,,,,,,,,,,,FALSE,,,FALSE,,,2025-06-27T05:50:22.354Z,2025-06-27T05:50:57.763Z
526,La India Horchata,Grocery,,"{'url':'3ce87990f602f0055fbf0aaa0a837af193a6ff36b10914973d3323f0d9d4c70f.png','size':262011,'width':500,'height':500,'filename':'100.png','metadata':{'width':500,'height':500,'blurHash':'elR:1rxt?w%MRPxtj[ofj?WUyEfkMwaxozxvj@bEf8n+xbj]R%axjb','blurHashWidth':32}}",50,200,,FALSE,FALSE,FALSE,,,,,FALSE,,La India,,,,,,,,,,,,,,FALSE,,,FALSE,,,2025-06-27T05:49:57.292Z,2025-06-27T05:51:07.466Z
525,La India Cebada Especial,Grocery,,"{'url':'053af7738dc18b30244aa85c8aaa0b9757b81811ffc9f52d218ae31d11d3f653.png','size':245962,'width':500,'height':500,'filename':'99.png','metadata':{'width':500,'height':500,'blurHash':'ezRo$;xu.TxuRPxZjsWYflof%Nj[Mxayt7ozj[s:jZWBo~azV?j[bH','blurHashWidth':32}}",200,50,,FALSE,FALSE,FALSE,,,,,FALSE,,La India,,,,,,,,,,,,,,FALSE,,,FALSE,,,2025-06-27T05:49:23.013Z,2025-06-27T05:51:18.000Z
524,Peñafiel Twist Limon y Sal 600ml,Refresco Plastico Regular,FALSE,"{'url':'2fcac1f78bfe62bdc4a213ea6a540bd2fc440f51790c9fd44aeffb215b7e3cbf.png','size':86668,'width':500,'height':500,'filename':'96.png','metadata':{'width':500,'height':500,'blurHash':'eES$ou?b_4_39E_4j[NFj[t7%NfkITjZxv-:j[%3ofNEoKjaWXbHo0','blurHashWidth':32}}",12,24,600ml,FALSE,FALSE,FALSE,,,,,FALSE,,Peñafiel,,,,,,,,,,,,,,FALSE,,,FALSE,,,2025-06-27T05:37:22.655Z,2025-10-07T20:30:02.772Z
523,Kinder Sorpresa Natoons,Surprise,FALSE,"{'url':'75bc51b1466861fc8916a9b75779b115985297ec25f06b12873a03b625d4f16e.png','size':184052,'width':500,'height':500,'filename':'18.png','metadata':{'width':500,'height':500,'blurHash':'esQ,Bu%2_4ogRix]ayi_ofbb?ba}E0jZof%2jbSebajZtRayVsj[kC','blurHashWidth':32}}",12,26,,FALSE,FALSE,FALSE,,,,,FALSE,,Kinder,,,,,,,,,,,,,,FALSE,,,FALSE,,,2025-06-27T05:25:30.989Z,2025-10-07T21:46:27.417Z
522,Kinder Sorpresa Espacial,Surprise,FALSE,"{'url':'2aa3ef9767fa1b66efef46955e669e81eeef142bd4d24b57fa2ee8517bbd42b8.png','size':184741,'width':500,'height':500,'filename':'19.png','metadata':{'width':500,'height':500,'blurHash':'erQ,2Zxu_Nt7Rjtlayniofbb?bbHD%jZoM-VoLS2W;jZo}a|VsjZkC','blurHashWidth':32}}",12,26,,FALSE,FALSE,FALSE,,,,,FALSE,,Kinder,,,,,,,,,,,,,,FALSE,,,FALSE,,,2025-06-27T05:24:49.490Z,2025-10-07T21:46:37.041Z
521,Kinder Sorpresa Joya,Surprise,FALSE,"{'url':'e5aa5214096080fece1f1d77e4fcde239b529b727aafb43a0ffc1683b6563b32.png','size':195905,'width':500,'height':500,'filename':'20.png','metadata':{'width':500,'height':500,'blurHash':'egR.=T%2?^tRM{%gbHRioKkC%zbaMxjGj?xtjrogbbf5x^bHMxn%t7','blurHashWidth':32}}",12,26,,FALSE,FALSE,FALSE,,,,,FALSE,,Kinder,,,,,,,,,,,,,,FALSE,,,FALSE,,,2025-06-27T05:23:42.221Z,2025-10-07T21:46:42.877Z
520,Nutella Creme ,Chocolate,,"{'url':'f87bad498d8b4d56f30b36a65016a8ebe6b91d00eef701aaa4afd253399d36c2.png','size':198069,'width':500,'height':500,'filename':'16.png','metadata':{'width':500,'height':500,'blurHash':'eXRp2q%M_N%MM{-;ozWVRjV@-;ofIVWBWBo0WAxut8j[tRayRPoft7','blurHashWidth':32}}",64,77,,,,TRUE,,,,,,,Kinder,,,,,,,,,,,,,,,,,,,,2025-06-27T05:20:37.319Z,2025-06-27T05:20:37.319Z
519,Barcel Chips Jalapeño Chico,Barcel Chicas,FALSE,"{'url':'a80ae7650d5d07ad64ae6bd264b80515e63568808f2da24ca842b127a6c63c26.png','size':190904,'width':500,'height':500,'filename':'15.png','metadata':{'width':500,'height':500,'blurHash':'enRC[1xu_4x]MxtQj[n,a|a{-=bHIAjYtRxba{f*oLa#-WoLI.WCjZ','blurHashWidth':32}}",30,60,Chico,FALSE,FALSE,TRUE,,,,,FALSE,,Barcel,,,,,,,,,,,,,,FALSE,,,FALSE,,,2025-06-27T05:18:01.189Z,2025-10-07T01:36:54.433Z
518,Barcel Chips Fuego Chico,Barcel Chicas,FALSE,"{'url':'0a68d877c58f2cebb3d17d4bfd4c4654674743a113513390a964c66033cf5989.png','size':160178,'width':500,'height':500,'filename':'14.png','metadata':{'width':500,'height':500,'blurHash':'enRfRlxu_N%LIAt8jut6bHWC%gj[IAWVtR%1bHW=n+n~xuj[M{axs:','blurHashWidth':32}}",30,60,Chico,FALSE,FALSE,TRUE,,,,,FALSE,,Barcel,,,,,,,,,,,,,,FALSE,,,FALSE,,,2025-06-27T05:17:20.701Z,2025-10-07T01:37:10.213Z
517,Kinder Sorpresa Cajita ,Surprise,FALSE,"{'url':'5fe24ab76d7dda0d25cd15102221f3db835d89b19fc5f863183733e7fa42d1ae.png','size':288543,'width':500,'height':500,'filename':'22.png','metadata':{'width':500,'height':500,'blurHash':'e#Q]E7tQx]xux]%2kCbbayWA?^aeRPbFRPbuj[n*jst7NGofoLaeae','blurHashWidth':32}}",48,120,,FALSE,FALSE,FALSE,,,,,FALSE,,Kinder,,,,,,,,,,,,,,FALSE,,,FALSE,,,2025-06-27T04:32:04.608Z,2025-10-07T21:46:50.129Z
516,Maxi Barbie Sorpresa Jumbo,Surprise,FALSE,"{'url':'204c78640b328d15ffe6343730bf4f936ff5bb67a28b9e32c685b487b7d8412b.png','size':302772,'width':500,'height':500,'filename':'21.png','metadata':{'width':500,'height':500,'blurHash':'etQS#bs._Nx]ogkUfin+ahog-;t7M{RjV@xuf8fjoLWUx]a~RPocjZ','blurHashWidth':32}}",12,180,,FALSE,FALSE,FALSE,,,,,FALSE,,Kinder,,,,,,,,,,,,,,FALSE,,,FALSE,,,2025-06-27T04:29:30.116Z,2025-10-07T21:46:56.742Z
515,Paleta Jumbo Paw Patrol,Candy + Toy,,"{'url':'b7be512c52e1ab44ab4d2a1247f020e0fc1f8a76c8f7c8c1e7f2305965f96b2b.png','size':214403,'width':500,'height':500,'filename':'23.png','metadata':{'width':500,'height':500,'blurHash':'etQS}8og~q-pIUxafRR*axxa?aofD*WBofxvj[smoLRjtSj[Vsayof','blurHashWidth':32}}",40,200,,FALSE,FALSE,FALSE,,,,,FALSE,,Cosby,,,,,,,,,,,,,,FALSE,,,FALSE,,,2025-06-27T04:27:07.599Z,2025-08-12T17:32:57.582Z
514,Huevo Cristal Nickelodeon ,Surprise,FALSE,"{'url':'3e17fdacc0bc5686940ac9782bdf9bc838e9e6bd3e20267ec2b0ee291f39c8da.png','size':369754,'width':500,'height':500,'filename':'24.png','metadata':{'width':500,'height':500,'blurHash':'e$OzJU%2?aoftRbwRjV?t7oz_NR*M|ocRi%Kt7o#axWBt1oKRPj]og','blurHashWidth':32}}",6,12,,FALSE,FALSE,FALSE,,,,,FALSE,,Cosby,,,,,,,,,,,,,,FALSE,,,FALSE,,,2025-06-27T04:25:54.136Z,2025-10-07T21:46:07.146Z
513,Mega Huevo Nickelodeon,Surprise,FALSE,"{'url':'2b8a9a7487e8569f11096675ecebbd428d7071610c86d073e60b787dd9b11763.png','size':237546,'width':500,'height':500,'filename':'25.png','metadata':{'width':500,'height':500,'blurHash':'emRfC3x[.mw}wM$kxubvMxV@%hWCMxtPbatRRjjFxuoytRoeV@WCWX','blurHashWidth':32}}",18,200,,FALSE,FALSE,FALSE,,,,,FALSE,,Cosby,,,,,,,,,,,,,,FALSE,,,FALSE,,,2025-06-27T04:24:20.817Z,2025-10-07T21:46:14.090Z
512,Comalitos de Coco 100g,Peanuts,,"{'url':'97d22f3e2ee1c5c113f627c1a2be3a2cdc56d2549217115c84968389d612e523.png','size':401528,'width':500,'height':500,'filename':'13.png','metadata':{'width':500,'height':500,'blurHash':'ezQ+yaxu.Txuo$xaayj[kCa|.Aj[M{a#VrxukBj]fRjGX-ayVrjsof','blurHashWidth':32}}",24,48,,FALSE,FALSE,FALSE,,,,,FALSE,,La Molienda,,,,,,,,,,,,,,FALSE,,,FALSE,,,2025-06-27T04:23:08.711Z,2025-08-12T17:33:17.418Z
511,Toxic Waste Slime Licker ,Candy,,"{'url':'043e96a2d35651e934584fdd566cceef71adf4f595ceab6b922d3765fb240831.png','size':259117,'width':500,'height':500,'filename':'12.png','metadata':{'width':500,'height':500,'blurHash':'eYPjGWIn%g?H^,_3M_IUxuf+~q%LVsRkM{M_tR%MWAae%Ot8R%R%V?','blurHashWidth':32}}",,28.99,,FALSE,FALSE,FALSE,,,,,FALSE,,Kidsmania,,,,,,,,,,,,,,FALSE,,,FALSE,,,2025-06-25T17:28:41.172Z,2025-08-12T17:16:29.113Z
510,Coco Leche Mix,Tradicional Coco,FALSE,"{'url':'b320a2ab81012a086aaa262e099e72aa17b771f358fc791b8d8a1b0b7a307f07.png','size':294350,'width':500,'height':500,'filename':'11.png','metadata':{'width':500,'height':500,'blurHash':'e+Q05Poyx]ogtRxuayV@aea|_NofV?t6RPkWj[t7kCjZWBa{R*axof','blurHashWidth':32}}",24,33,,FALSE,FALSE,FALSE,,,,,FALSE,,El Super Leon ,,,,,,,Isabel@azteka.com,,,,,,,FALSE,,,FALSE,,,2025-06-25T17:13:16.487Z,2025-10-08T23:01:42.711Z
509,Deli Barras Piña 120g,Cookies,,"{'url':'0d2979e3759819bcf394491ed383e345482e7598c67b150986aed63436facb80.png','size':213682,'width':500,'height':500,'filename':'13.png','metadata':{'width':500,'height':500,'blurHash':'emR3K2%2_4tRjIt7s;ofR%jF?wWVD$spod-pR*R%s;X7oMfkayaeWV','blurHashWidth':32}}",8,16,,FALSE,FALSE,FALSE,,,,,FALSE,,Deli Barras,,,,,,,Isabel@azteka.com,,,,,,,FALSE,,,FALSE,,,2025-06-24T18:49:18.847Z,2025-06-24T18:50:25.310Z
508,Vive 100 Blueberry ,Energy,,"{'url':'6ac3265cc80cbd29653f82afc8694e362c10bcc1ee00b860a34569c445cc6de5.png','size':112645,'width':500,'height':500,'filename':'15.png','metadata':{'width':500,'height':500,'blurHash':'eUR{=E-p~Wxu4.%Mfkj]oLWB%3ayM_ofxu%Nj[ada{kD%1ayIpoLxa','blurHashWidth':32}}",24,48,,FALSE,FALSE,FALSE,,,,,FALSE,,Vive 100,,,,,,,Isabel@azteka.com,,,,,,,FALSE,,,FALSE,,,2025-06-24T18:04:33.855Z,2025-06-24T18:45:37.137Z
507,Vive 100 Citrus Energy,Energy,,"{'url':'2e223e5bb4dfd9d5912c65f9a5b3937373ce4727e3483850756a0a58f3624cf0.png','size':112351,'width':500,'height':500,'filename':'14.png','metadata':{'width':500,'height':500,'blurHash':'eZSia6%M.T%MDh-oj[R.j[oIx]fkMxf6xvx]j[n~fPW=o#fkV?ayo#','blurHashWidth':32}}",24,48,,FALSE,FALSE,FALSE,,,,,FALSE,,Vive 100,,,,,,,Isabel@azteka.com,,,,,,,FALSE,,,FALSE,,,2025-06-24T18:02:45.429Z,2025-06-24T18:45:24.268Z
506,Pepsi 500ml,Refresco Vidrio 500ml,FALSE,"{'url':'4021986eb443c2be57a2b100236de171efabd5cec577e9f45863f6f04c392dd1.png','size':112208,'width':500,'height':500,'filename':'17.png','metadata':{'width':500,'height':500,'blurHash':'edRp8:%M~qxu4n-;j[M|j[t7%LfPIVfkxu%Mj[awj[j^t6fQRkj?of','blurHashWidth':32}}",24,48,Medio Litro,TRUE,FALSE,FALSE,,,,,FALSE,,Pepsi,,,,,,,Isabel@azteka.com,,,,,,,FALSE,,,FALSE,,,2025-06-24T18:00:00.354Z,2025-10-07T20:25:46.489Z
505,NM Tamarindo XL,New Mix,,"{'url':'bfdcb8dc9383669f1c439a114e2a461ffb0519c7bb1938d0a52706826f92751a.png','size':154948,'width':500,'height':500,'filename':'picosito473.png','metadata':{'width':500,'height':500,'blurHash':'exR.$1s:.m%gMdxZf6kDkCf6tlflVsjFkWogazt6oLWCtRj[Riaeof','blurHashWidth':32}}",24,130,XXL Familiar,FALSE,FALSE,FALSE,,,,,FALSE,,New Mix,,,,,,,,,,,,,,FALSE,,,FALSE,,,2025-06-23T15:59:41.614Z,2025-06-23T16:01:32.388Z
504,NM Cantarito XL,New Mix,,"{'url':'7e51751ab8c8f50739d6de40d4a79f2785c2fcbf1e9eac0bb60c2a6333c51f51.png','size':134730,'width':500,'height':500,'filename':'17.png','metadata':{'width':500,'height':500,'blurHash':'eyRo,0t7?w%MMwxafPj]j]fOx]j[ROaeozxafQkBj[f6tRj[RiaxkC','blurHashWidth':32}}",24,130,XXL Familiar,FALSE,FALSE,FALSE,,,,,FALSE,,New Mix,,,,,,,,,,,,,,FALSE,,,FALSE,,,2025-06-23T15:59:10.573Z,2025-06-23T16:01:43.318Z
503,NM Paloma XL,New Mix,,"{'url':'15e6dc4ebb24b85e0ebb51b45c3f8e785f218c35488ce6d85bc4c42a85dead19.png','size':127104,'width':500,'height':500,'filename':'18.png','metadata':{'width':500,'height':500,'blurHash':'erQvzYt7~q%MD$tQfRofj[WB%Mj[M_aft8tRfQoJj[bH%2j[M{WBs;','blurHashWidth':32}}",24,130,XXL Familiar,FALSE,FALSE,FALSE,,,,,FALSE,,New Mix,,,,,,,,,,,,,,FALSE,,,FALSE,,,2025-06-23T15:58:41.135Z,2025-06-23T16:01:57.044Z
502,NM Peñafiel Limon,New Mix,,"{'url':'ff3fdf750d976f6be49228e79fc0833b8f67f94eebf3a0d1d0acb823b8acbf94.png','size':171231,'width':500,'height':500,'filename':'12.png','metadata':{'width':500,'height':500,'blurHash':'euQABYxu~WxuIUt8fRofj[WB-pfkIUjYoztRbHn%n*bIxtjsNGflkB','blurHashWidth':32}}",24,115,Regular,FALSE,FALSE,FALSE,,,,,FALSE,,New Mix,,,,,,,,,,,,,,FALSE,,,FALSE,,,2025-06-23T15:57:33.114Z,2025-06-23T16:02:59.016Z
501,NM Peñafiel Naranja,New Mix,,"{'url':'91b0f47dcb0def19fb0e88c0940abac62dbd13bb97d16e55887ae1cec266c8a1.png','size':167245,'width':500,'height':500,'filename':'13.png','metadata':{'width':500,'height':500,'blurHash':'eqQTAfxu~pxuIUxufRoLj[af-;fkIUjYozxufkjZjubI%1jsNGbIoL','blurHashWidth':32}}",24,115,Regular,FALSE,FALSE,FALSE,,,,,FALSE,,New Mix,,,,,,,,,,,,,,FALSE,,,FALSE,,,2025-06-23T15:56:53.212Z,2025-06-23T16:02:45.704Z
500,NM Tamarindo ,New Mix,,"{'url':'57f1e968ef464ec6ac2bffc46f3d2dd15f3186e0893159933c67c648fa0e064b.png','size':170527,'width':500,'height':500,'filename':'15.png','metadata':{'width':500,'height':500,'blurHash':'eyRovxs:?w%NMxxtjsbIj[j[tmf+R5jFkDt7azoej[ayxuj[RPWUof','blurHashWidth':32}}",24,115,Regular,FALSE,FALSE,FALSE,,,,,FALSE,,New Mix,,,,,,,,,,,,,,FALSE,,,FALSE,,,2025-06-23T15:56:12.908Z,2025-06-23T16:02:33.403Z
499,NM Cantarito,New Mix,,"{'url':'db2ee79c42d7cc3ec05c7c6ac4b76f2c5e37bd1dbceac61fc7760f9c167b1f38.png','size':176080,'width':500,'height':500,'filename':'14.png','metadata':{'width':500,'height':500,'blurHash':'e*SYN,xa*0tRRPxtj[a$a#jrpJbHVrjZkCxbf6bFkBjuo~fkV?ayjc','blurHashWidth':32}}",24,115,Regular,FALSE,FALSE,FALSE,,,,,FALSE,,New Mix,,,,,,,,,,,,,,FALSE,,,FALSE,,,2025-06-23T15:55:48.595Z,2025-06-23T16:02:22.842Z
498,NM Paloma ,New Mix,,"{'url':'9f10a94c789046e1ff7533f7c0cae3df09dd8f50b45fc81c61b39e92e951a604.png','size':162210,'width':500,'height':500,'filename':'16.png','metadata':{'width':500,'height':500,'blurHash':'evQA25xb~qx[IUtQf8oMj?WV%Nj@Inafozt8j@j@j[kA%LjuM{ayo3','blurHashWidth':32}}",24,115,Regular,FALSE,FALSE,FALSE,,,,,FALSE,,New Mix,,,,,,,,,,,,,,FALSE,,,FALSE,,,2025-06-23T15:55:21.805Z,2025-06-23T16:02:12.671Z
497,Kinder Chocolate T8 100g,Chocolate,,"{'url':'bbc0ef2ee0e44f11a6c048cb21b2e19e6ddb6360fb270f01fe349ceddbbb21fa.png','size':223918,'width':500,'height':500,'filename':'kinder100g.png','metadata':{'width':500,'height':500,'blurHash':'ebRyW,%M-;xubwx]ofo0WVay?^aKM{o#e--BV@X8oLjZt6kXV@V?af','blurHashWidth':32}}",10,31.5,,FALSE,FALSE,FALSE,,,,,FALSE,,Kinder,,,21,,,,Isabel@azteka.com,,,,,,,FALSE,,,FALSE,,,2025-06-22T03:55:54.004Z,2025-06-22T04:50:33.566Z
496,Kinder Joy Natoons 20g,Surprise,FALSE,"{'url':'fe101d679583f20de0f5b61bc445ea785402dfe9a065026330165f6ce6b92212.png','size':176633,'width':500,'height':500,'filename':'JoyNatoons.png','metadata':{'width':500,'height':500,'blurHash':'eQRV@B?b?vx]%g.8%gMxR5xv~qRiD%ogRj%2IAx]yDM_pIkVr@V@WA','blurHashWidth':32}}",15,30,,FALSE,FALSE,FALSE,,,,,FALSE,,Kinder,,,19,,,,Isabel@azteka.com,,,,,,,FALSE,,,FALSE,,,2025-06-22T03:53:49.891Z,2025-10-07T22:42:38.184Z
495,Kinder Chocolate 50g,Chocolate,,"{'url':'beffc1676a26b90d27aa9a7cfc146798bb6baf30e34d107d71d2d0c713c1c4d6.png','size':138246,'width':500,'height':500,'filename':'kinder 50g.png','metadata':{'width':500,'height':500,'blurHash':'eSR{lX%M%#%gxb.8j]V@jtae_NofMxe.WBv}jZo~bHkWXmj[s9fkRj','blurHashWidth':32}}",18,40,,FALSE,FALSE,TRUE,,,,,FALSE,,Kinder,,,25,,,,Isabel@azteka.com,,,,,,,FALSE,,,FALSE,,,2025-06-22T03:50:48.490Z,2025-06-22T04:50:17.867Z
494,Kinder Chocolate 84g,Chocolate,,"{'url':'c9bf545c608a14e65390eb786d437cfad4b42f1619a154b1451f42357a4aa141.png','size':131454,'width':500,'height':500,'filename':'Kinder 84g.png','metadata':{'width':500,'height':500,'blurHash':'eNSFw=%2_N.8af.8kCaejZV@_NozDiadW.$+oftRWCkCXTbHaKaesn','blurHashWidth':32}}",16,55.5,,TRUE,FALSE,FALSE,,,,,FALSE,,Kinder,,,37,,,,Isabel@azteka.com,,,,,,,FALSE,,,FALSE,,,2025-06-22T03:47:49.598Z,2025-06-22T04:50:10.028Z
493,Nutella B-Redy 704g,Chocolate,,"{'url':'8cec5ecf4ffea2cf38356f9743e5b7220d15c8665703b86c97feb53e7ec202b2.png','size':224258,'width':500,'height':500,'filename':'NutellaBredy16x2.png','metadata':{'width':500,'height':500,'blurHash':'edQ08Vjb_N-;tSMxtRxuV?og?wx]RPM{RP?bnhWVR+V@-=s:IURjoz','blurHashWidth':32}}",16,42,,TRUE,FALSE,TRUE,,,,,FALSE,,Kinder,,,,,,,Isabel@azteka.com,,,,,,,FALSE,,,FALSE,,,2025-06-22T03:42:12.922Z,2025-06-22T04:49:50.464Z
492,Papas Con Sal Casera La Molienda 170g ,Casero,,"{'url':'75b7b12a3d3c6bc78526eddf4c6af750af570546a29bf27982b8b7a9d9d6f6e6.png','size':147662,'width':500,'height':500,'filename':'PapasSalLamoiedna.png','metadata':{'width':500,'height':500,'blurHash':'etRyg4xu?wt7I9x]j[WBj[ofx^ayMxoftRxuj[j[j[fRo#ayV@j[og','blurHashWidth':32}}",16,48,Regular,TRUE,FALSE,FALSE,,,,,FALSE,,La Molienda,,,,,,,,,,,,,,FALSE,,,FALSE,,,2025-06-21T18:43:33.608Z,2025-08-12T17:33:31.151Z
491,Receta Crujiente Familiar ,Sabritas XXL,FALSE,"{'url':'0872e28bbc7274ba6fbc364cfda4fab6c52e8360c5d03d86e15b1211ace466ed.png','size':285202,'width':500,'height':500,'filename':'recetacrujiente.png','metadata':{'width':500,'height':500,'blurHash':'e;P6dWoL_Nxu%1tRazjZj[oJNMf8skWUofnjj@ozafj[X8bHnhjskD','blurHashWidth':32}}",24,108,XXL Familiar,FALSE,FALSE,FALSE,,,,,FALSE,,Sabritas,Cajas,,,,,,,,,,,,,FALSE,,,FALSE,,,2025-06-21T16:51:23.366Z,2025-10-07T01:32:49.012Z
490,Panditas Choco,Jelly,,"{'url':'df15898d669fbb58c80d0da54abc98fdd8d34278bd0cd62a1c826474dae13b4a.png','size':169513,'width':500,'height':500,'filename':'PanditasChoco.png','metadata':{'width':500,'height':500,'blurHash':'eoQ,E.%3~qt7ITbcj[t7a_bG%NayMxoLt8xbfikTj]afxujsM|a~of','blurHashWidth':32}}",8,25.5,,TRUE,FALSE,TRUE,,,,,FALSE,,Ricolino,,,17,,,,ernesto@mvicorp.net,,,,,,,FALSE,,,FALSE,,,2025-06-19T04:50:44.553Z,2025-06-19T05:06:52.137Z
458,Barcel Adobo 170g,Barcel XXL,FALSE,"{'url':'b385bdb5907cc6cb3a9a1d63dbfe496dc0a15992436f756e2cd4457c6f26bab4.png','size':629791,'width':1080,'height':1080,'filename':'adoboBarcel.png','metadata':{'width':1080,'height':1080,'blurHash':'e@R2iMt7.mtRent7jtj[bHf7tRj[RPaykCsofQbcj[jstlfkRPjZfk','blurHashWidth':32}}",24,108,XXL Familiar,FALSE,FALSE,FALSE,,,10,,FALSE,,Barcel,,,,,,,,,,,,,,FALSE,,,FALSE,,,2025-05-29T17:00:37.934Z,2025-10-07T01:29:47.053Z
457,Joya Manzana 500ml,Refresco Vidrio 500ml,FALSE,"{'url':'339f665738652a7b4348c78b23f3d5abd15622b960f1da3b0099be2e38308064.png','size':322918,'width':1080,'height':1080,'filename':'joya manzana.png','metadata':{'width':1080,'height':1080,'blurHash':'eeSiNx%2.Tx]Hr%gj[VsjZo#pIfkVrf5o}%2j[X7fknjogfQWAfPof','blurHashWidth':32}}",24,44,Medio Litro,FALSE,FALSE,FALSE,,,10,,FALSE,,Joya,,,,,,,,,,,,,,FALSE,,,FALSE,,,2025-05-29T16:58:05.678Z,2025-10-07T20:25:53.561Z
456,Boing Naranja 500ml Tetra,Jugos ,FALSE,"{'url':'dfde2e17b8a40fecfa348780014d7951d81c61f47b44b587175ba7e94730505c.png','size':183083,'width':500,'height':500,'filename':'boing naranja.png','metadata':{'width':500,'height':500,'blurHash':'e-RCb;t7?wxuRPt8j[oJazWXt8juV@W:a#w^f6XSkCnixvfkRPjZof','blurHashWidth':32}}",24,35,,FALSE,FALSE,FALSE,,,6,,FALSE,,Boing,,,,,,,,,,,,,,FALSE,,,FALSE,,,2025-05-25T06:54:46.504Z,2025-10-07T20:14:20.848Z
455,Peñafiel Sangria 600ml,Refresco Plastico Regular,FALSE,"{'url':'02ee4b2f7ba4c5b576bb358be1f7270dbc38358fbf50255ac6aeee286db3f0bb.png','size':80253,'width':500,'height':500,'filename':'27.png','metadata':{'width':500,'height':500,'blurHash':'eVS6Me%3~q.74n%fj[WBjukB%gkBIBV[x]%Mj[kBj[ay%3j[InWBxu','blurHashWidth':32}}",12,24,600ml,FALSE,FALSE,TRUE,,,6,,FALSE,,Peñafiel,,,,,,,,,,,,,,FALSE,,,FALSE,,,2025-05-25T06:45:03.701Z,2025-10-07T20:30:11.953Z
454,Peñafiel Toronja 600ml,Refresco Plastico Regular,FALSE,"{'url':'b00de9db31e4355f7ba3544dcc5dbe60df74db486fd01446e3bd804096cdb24f.png','size':65309,'width':500,'height':500,'filename':'26.png','metadata':{'width':500,'height':500,'blurHash':'eRSPhF%M^--=54%Mj[oMj]WU%Nj]ITWB%4-pj[bIj[jY$kjuJ6WVxH','blurHashWidth':32}}",12,24,600ml,FALSE,FALSE,TRUE,,,6,,FALSE,,Peñafiel,,,,,,,,,,,,,,FALSE,,,FALSE,,,2025-05-25T06:44:27.599Z,2025-10-07T20:30:21.384Z
453,Peñafiel Fresa 600ml,Refresco Plastico Regular,FALSE,"{'url':'2e417bc4d0289665dca89950691abf14ce598df2ef946a1145b5be16c5616f72.png','size':71221,'width':500,'height':500,'filename':'25.png','metadata':{'width':500,'height':500,'blurHash':'eRS$ZH%M.m.8DO%Mj[j@j[ay%#kCIAaKyD%Mj[j]j[ayb^j[ixaebv','blurHashWidth':32}}",12,24,600ml,FALSE,FALSE,TRUE,,,6,,FALSE,,Peñafiel,,,,,,,,,,,,,,FALSE,,,FALSE,,,2025-05-25T06:43:46.761Z,2025-10-07T20:30:31.154Z
452,Alpura Vaquita Chocolate 180ml,Milkshakes,,"{'url':'5687a65dd1c6e13b354aecb6d4351c52eb4bb876656a41e577f8b1d1b46efadb.png','size':139767,'width':500,'height':500,'filename':'25.png','metadata':{'width':500,'height':500,'blurHash':'erRMMNxu_NxuD%ofjtt7j[WB%gazMxj@tRxufkfkj[axxuj[M{ayt7','blurHashWidth':32}}",24,27,,,,TRUE,,,10,,FALSE,,Alpura,,,,,,,,,,,,,,,,,,,,2025-05-25T04:52:01.548Z,2025-05-25T06:34:54.450Z
451,Alpura Vaquita Vainilla 180ml,Milkshakes,,"{'url':'63822f9faa77ba0b027fa692a1fdd526f7e7bd5fec2f691caa44837eb9927e3a.png','size':129625,'width':500,'height':500,'filename':'23.png','metadata':{'width':500,'height':500,'blurHash':'etSPCExu.AxuMwxZj@kDfRaxtSfQROa{ozxajukCj@axtRfQRifkoz','blurHashWidth':32}}",24,27,,,,TRUE,,,10,,,,Alpura,,,,,,,,,,,,,,,,,,,,2025-05-25T04:51:35.916Z,2025-05-26T23:31:18.163Z
450,Alpura Vaquita Fresa 180ml,Milkshakes,,"{'url':'f05433f4240716f78ab800758971e9e7b8acb0e7758d6b3b3894b3085a8bf5d8.png','size':115029,'width':500,'height':500,'filename':'24.png','metadata':{'width':500,'height':500,'blurHash':'elSYgjxu.l%MH@xHjuoyj?WCx]j[RPaet7xufjfkj]jZpGfkVtf6kV','blurHashWidth':32}}",24,27,,,,TRUE,,,10,,,,Alpura,,,,,,,,,,,,,,,,,,,,2025-05-25T04:50:54.292Z,2025-05-26T23:38:21.675Z
449,Pepes Chicharron Habanero 3.25oz,Chips,,"{'url':'a7d1901e7f5dd8713ac27c746e587a719b0137937cd90e6211360bc364c4ee98.png','size':181568,'width':500,'height':500,'filename':'38.png','metadata':{'width':500,'height':500,'blurHash':'eyRf8_s..m%NRPxujtazfkj[yDkCMwWBozxuj[jsf6ayxvj]RPaeof','blurHashWidth':32}}",24,45,,,,TRUE,,,10,,,,Pepes,,,,,,,,,,,,,,,,,,,,2025-05-25T04:16:52.892Z,2025-05-25T06:47:17.908Z
448,Pepes Chicharrones Chile Limon 3.25oz,Chips,,"{'url':'f78ccb5f684550d1648572fd238f17fe21a15de1975dc86ed3dac144ada98a9c.png','size':194589,'width':500,'height':500,'filename':'37.png','metadata':{'width':500,'height':500,'blurHash':'ewRfIIt7?w%MROxaj[f+a}jZ%gofMxWBozxufke.j@kCtlj[RPayof','blurHashWidth':32}}",24,45,,,,TRUE,,,10,,,,Pepes,,,,,,,,,,,,,,,,,,,,2025-05-25T04:16:15.648Z,2025-05-25T04:21:50.127Z
447,Pepes Chicharrones Natural 3.25oz,Chips,,"{'url':'fa8f8bcc156a8bf0acf53bd4e95a1b113931dee54f8f171ba965c770caf2204f.png','size':195989,'width':500,'height':500,'filename':'36.png','metadata':{'width':500,'height':500,'blurHash':'evR..Ct7.T%MaJxuj@a{bHf7yEofR4WBbcxufkafj?bHtRfQRPfjof','blurHashWidth':32}}",24,45,,,,TRUE,,,10,,,,Pepes,,,,,,,,,,,,,,,,,,,,2025-05-25T04:15:38.931Z,2025-05-25T06:47:49.860Z
446,Suerox Frutos Rojos 630ml,Sueros,FALSE,"{'url':'20290bad59c0dd2c9b32e17693b3f12c5aea1798717c5f2055bb403277b64b2b.png','size':119724,'width':500,'height':500,'filename':'35.png','metadata':{'width':500,'height':500,'blurHash':'elRo]Sxa_N%gDi%Mj[V@f6j[%gj[IUWBxuxajtkCj[e.t7j[Rjayoz','blurHashWidth':32}}",12,19,,FALSE,FALSE,FALSE,,,6,,FALSE,,Suerox,,,,,,,,,,,,,,FALSE,,,FALSE,,,2025-05-25T04:14:33.200Z,2025-10-07T19:47:52.215Z
445,Suerox Uva 630ml,Sueros,FALSE,"{'url':'2aab610915e4b36993a181e1a73ad623c7044da53939aa1181e9ac9e281b7ddc.png','size':98773,'width':500,'height':500,'filename':'33.png','metadata':{'width':500,'height':500,'blurHash':'eiRfd}xu~p%M9F%2j[Wqj[jY-:j[IUafxuxuj[ofj[WVxuj[M{WVt7','blurHashWidth':32}}",12,19,,FALSE,FALSE,TRUE,,,6,,FALSE,,Suerox,,,,,,,,,,,,,,FALSE,,,FALSE,,,2025-05-25T04:14:01.830Z,2025-10-07T19:47:59.426Z
444,Suerox Fresa Menta 630ml,Sueros,FALSE,"{'url':'562ae0e71f73ffce07ebe889421536a571b97252e8e6fe736a320d98dfb4dd97.png','size':108369,'width':500,'height':500,'filename':'34.png','metadata':{'width':500,'height':500,'blurHash':'eXR{#=%2~q-;9F%Mj[bHj[e:%Mj[InWUxbx]j[oMj[WUx]j[MxWBtR','blurHashWidth':32}}",12,19,,FALSE,FALSE,TRUE,,,6,,FALSE,,Suerox,,,,,,,,,,,,,,FALSE,,,FALSE,,,2025-05-25T04:13:37.480Z,2025-10-07T19:48:18.296Z
443,Suerox Fresa Kiwi 630ml,Sueros,FALSE,"{'url':'d12e0baf386aefd5388d0641c900648411ced319b7d45bf7fe4d54bc20f9880c.png','size':109812,'width':500,'height':500,'filename':'32.png','metadata':{'width':500,'height':500,'blurHash':'ekSYjlxu.mxuH?xufkoLj[WBt,fQR5fQo}%1j[X8bHn$xufQM{fPt7','blurHashWidth':32}}",12,19,,FALSE,FALSE,TRUE,,,6,,FALSE,,Suerox,,,,,,,,,,,,,,FALSE,,,FALSE,,,2025-05-25T04:13:01.146Z,2025-10-07T19:48:26.413Z
442,Peñafiel Naranjada 600ml,Refresco Plastico Regular,FALSE,"{'url':'de5ebe8ba7d4b712c055b11a7bb8c6769614ee5bc7bc23b90036cb2d4fd0286c.png','size':64742,'width':500,'height':500,'filename':'31.png','metadata':{'width':500,'height':500,'blurHash':'eYS~hh%LyZ%gQ+%Mj[f6j[bFp0fkVraeo~%Mj[fPj@fSkYfkaIjYkX','blurHashWidth':32}}",12,24,600ml,FALSE,FALSE,TRUE,,,6,,FALSE,,Peñafiel,,,,,,,,,,,,,,FALSE,,,FALSE,,,2025-05-25T04:11:35.892Z,2025-10-07T20:30:40.444Z
441,Peñafiel Manzanita 600ml,Refresco Plastico Regular,FALSE,"{'url':'003b6caa04a6334e2a497f8158318f61251d0af4459d7652bd4826c76b96ab1e.png','size':71299,'width':500,'height':500,'filename':'30.png','metadata':{'width':500,'height':500,'blurHash':'ebS=^#%2*0%gMI%Mj[ayj[j?tmj]R4ado~xuj[oLj[WVo}j[V?aeo#','blurHashWidth':32}}",12,24,600ml,FALSE,FALSE,TRUE,,,6,,FALSE,,Peñafiel,,,,,,,,,,,,,,FALSE,,,FALSE,,,2025-05-25T04:11:05.158Z,2025-10-07T20:30:47.995Z
440,Peñafiel Natural 600ml,Refresco Plastico Regular,FALSE,"{'url':'607a39d0e5bee5f91ff918b2e36b0ccd11601be05dce0f084e37dee6a46af66b.png','size':62550,'width':500,'height':500,'filename':'29.png','metadata':{'width':500,'height':500,'blurHash':'eBS?DW_3~W~q9F~qofRjj[t6-:j[D*WC%L?bj[%2ofM|WEazocj[WE','blurHashWidth':32}}",12,24,600ml,FALSE,FALSE,TRUE,,,6,,FALSE,,Peñafiel,,,,,,,,,,,,,,FALSE,,,FALSE,,,2025-05-25T04:10:37.692Z,2025-10-07T20:30:56.351Z
439,Peñafiel Piñada 600ml,Refresco Plastico Regular,FALSE,"{'url':'8c76ce4ce5f1e5265d7a98062843a4012b178abd95a7c3a0b13ecdd5a7d55db1.png','size':68081,'width':500,'height':500,'filename':'28.png','metadata':{'width':500,'height':500,'blurHash':'eNS~t[-:%j-=Mb-;j[f5j@bIxwfkRNjYtS-;j[oJj[WXXBfRnzjYW@','blurHashWidth':32}}",12,24,600ml,FALSE,FALSE,TRUE,,,6,,FALSE,,Peñafiel,,,,,,,,,,,,,,FALSE,,,FALSE,,,2025-05-25T04:09:59.689Z,2025-10-07T20:31:03.374Z
438,"Peñafiel Twist Pepino, Limon y Sal 600ml",Refresco Plastico Regular,FALSE,"{'url':'4cdb25ce8fbabdf9be2f48e4d4cd86b4c8faf45c98c178d6a6a07c799a1a0241.png','size':62459,'width':500,'height':500,'filename':'Peñafiel Twist Limon.png','metadata':{'width':500,'height':500,'blurHash':'eBS?DV_3~W~q4.~qofWBj[j[?IofD%Rj-q?vj[xas;RjRjayt7ofR%','blurHashWidth':32}}",12,24,600ml,FALSE,FALSE,TRUE,,,6,,FALSE,,Peñafiel,,,,,,,,,,,,,,FALSE,,,FALSE,,,2025-05-25T04:09:22.584Z,2025-10-07T20:31:10.556Z
437,Peñafiel Twist Naranja 600ml,Refresco Plastico Regular,FALSE,"{'url':'e553aad760157c88ba61a71addc3b863dadbc622d4d552e308a5b4974760dc06.png','size':62874,'width':500,'height':500,'filename':'Peñafiel Twist Naranja.png','metadata':{'width':500,'height':500,'blurHash':'eBS~x4_3?w_N9E_4kCf5oLbI%hbII9jYx^_2j[o#ofV@aJjZkXbIac','blurHashWidth':32}}",12,24,600ml,FALSE,FALSE,TRUE,,,6,,FALSE,,Peñafiel,,,,,,,,,,,,,,FALSE,,,FALSE,,,2025-05-25T04:08:30.636Z,2025-10-07T20:31:17.617Z
436,Fanta Fresa 3lt,Refresco Plastico 3lt,FALSE,"{'url':'d2b42cb6d438d9a81135711c30af3d95790b85c3bababf4d00ceaeaa34796119.png','size':87324,'width':500,'height':500,'filename':'fanta fresa 3lt.png','metadata':{'width':500,'height':500,'blurHash':'emS$4Lx]y?t7Qmx]fkaLj[bbtlayR5kCo}xuj[X7bHn%b^ayiwj[Xl','blurHashWidth':32}}",4,20,3lt,FALSE,FALSE,FALSE,,,10,,FALSE,,Coca Cola,,,,,,,,,,,,,,FALSE,,,FALSE,,,2025-05-25T03:35:30.859Z,2025-10-08T22:38:29.863Z
435,Barcel Runners 55g,Barcel Chicas,FALSE,"{'url':'eb31dd9c719c57ce3b90b64345a245ccd8dad8d4b5ded15241caca7c8d48cf60.png','size':172798,'width':500,'height':500,'filename':'runners55g.png','metadata':{'width':500,'height':500,'blurHash':'e@QSrGxu_NoLMxs:aekCofayxuaeNFofozsWofoyWBjuxuayM{j[oe','blurHashWidth':32}}",60,96,Chico,FALSE,FALSE,TRUE,,,21,,FALSE,,Barcel,,,,,,,,,,,,,,FALSE,,,FALSE,,,2025-05-25T03:31:20.256Z,2025-10-07T01:37:19.425Z
434,Adobada Botanota,Sabritas Regular,FALSE,"{'url':'978daf8d6995eaea7b829e54361e1b34fb39c9ac40969793c627408603307c9a.png','size':182307,'width':500,'height':500,'filename':'30.png','metadata':{'width':500,'height':500,'blurHash':'e~QIxit6?^o}R*ofj@ofa}bHkWazV@j[ofsCf6kVj[f7xufkRjf6oL','blurHashWidth':32}}",50,130,Regular,FALSE,FALSE,FALSE,,,,,FALSE,,Sabritas,,,,,,,,,,,,,,FALSE,,,FALSE,,,2025-05-20T04:51:39.443Z,2025-10-07T01:30:05.389Z
433,Surprise Nickelodeon Shipper,Candy + Toy,,"{'url':'e9efcac242fa3cd30ba8c85b64595582449373382b553aba2d8405d86d41af53.png','size':135882,'width':500,'height':500,'filename':'29.png','metadata':{'width':500,'height':500,'blurHash':'epR{Z2xu?^xaDPxvj[n$bHWVxGfQNaj[s.xtj[kCj[aej]f6WBfkof','blurHashWidth':32}}",260,520,,,,TRUE,,,3,,,,Nickelodeon,,,,,,,,,,,,,,,,,,,,2025-05-20T04:50:34.838Z,2025-05-21T21:27:56.783Z
432,Surprise Crystal Egg Bulk Refill,Surprise,FALSE,"{'url':'ff2723eaddd468b6d7d43e51f4d78542c6d955de3290d57dcdd3dd3df90aad09.png','size':261246,'width':500,'height':500,'filename':'28.png','metadata':{'width':500,'height':500,'blurHash':'exP%CZt7_Nxuo3jbWBtRt7aes:j[RjWBof%MofRjWBoftRayWBoLWA','blurHashWidth':32}}",40,80,,FALSE,FALSE,TRUE,,,20,,FALSE,,Nickelodeon,,,,,,,,,,,,,,FALSE,,,FALSE,,,2025-05-20T04:49:36.812Z,2025-10-07T21:47:39.529Z
431,Electrolit Fresa Kiwi,Sueros,FALSE,"{'url':'68db908119bfb5a9aac58625c7b0b9f0bea89acdfd787e97e4bbf98900ccf2aa.png','size':151086,'width':500,'height':500,'filename':'25.png','metadata':{'width':500,'height':500,'blurHash':'eYSYv|%2?^-;IAx]ays+oyR,jdf7k8j[V]x^f+slniR-TdbHrWjYXS','blurHashWidth':32}}",12,24,,FALSE,FALSE,FALSE,,,11,,FALSE,,Electrolit,,,,,,,,,,,,,,FALSE,,,FALSE,,,2025-05-20T03:26:27.852Z,2025-10-07T19:46:44.724Z
430,Electrolit Lima Limon,Sueros,FALSE,"{'url':'4a16a65a0d0778f0d8a18c130ae433a88cb0e67a2c951b788844b3860e7f5e3c.png','size':107293,'width':500,'height':500,'filename':'26.png','metadata':{'width':500,'height':500,'blurHash':'eSSF^X%M_4-;D%xvayt4ofRkt8f7WAj[WEx]j]t5k8Rkjfa#fyj?WG','blurHashWidth':32}}",12,24,,FALSE,FALSE,FALSE,,,7,,FALSE,,Electrolit,,,,,,,,,,,,,,FALSE,,,FALSE,,,2025-05-20T03:25:05.131Z,2025-10-07T19:46:50.901Z
429,Dorito Dinamita Chile y Limon 220g,Sabritas XXL,FALSE,"{'url':'caf8d5af71d49b2e232f188bb2c4e0c45d1c865647fbe9254d88d8656534ad08.png','size':173587,'width':500,'height':500,'filename':'20.png','metadata':{'width':500,'height':500,'blurHash':'e}Q0X3t6_4xuM{ozj@sof8WWozbGV@jaofxGjsX8fko0t8j[V@aykC','blurHashWidth':32}}",34,153,XXL Familiar,FALSE,FALSE,FALSE,,,1,,FALSE,,Sabritas,,,,,,,,,,,,,,FALSE,,,FALSE,,,2025-05-20T01:43:17.049Z,2025-10-07T01:25:48.401Z
428,Dorito Dinamita Flaming Hot 220g,Sabritas XXL,FALSE,"{'url':'08e5a5157ef79f3d5441954db2b316f62cfa02d88dca6aa484d0cf7f1307347b.png','size':172508,'width':500,'height':500,'filename':'19.png','metadata':{'width':500,'height':500,'blurHash':'e]Pshks:_NxuM_kDa}s:j@WVkXa}V@j?ogs.jsbcbHo0xuj[RQayof','blurHashWidth':32}}",34,153,XXL Familiar,FALSE,FALSE,FALSE,,,2,,FALSE,,Sabritas,,,,,,,,,,,,,,FALSE,,,FALSE,,,2025-05-20T01:27:38.221Z,2025-10-07T01:26:00.030Z
427,Bombon Super Gigante DLR,Mexican Candy,TRUE,"{'url':'f544192b303f715f9a1e554fb4ed6918be1408b0456923242100e40ad8c30fba.png','size':267769,'width':500,'height':500,'filename':'Bombonsupergigante.png','metadata':{'width':500,'height':500,'blurHash':'eaQl%wx^.8-n%g%Mn*kCWVaf_No2R5WXRQ%NWqV@s.od%gslRQS5aK','blurHashWidth':32}}",10,42,,FALSE,FALSE,TRUE,,,6,,FALSE,,De la Rosa,,,,,,,,,,,,,,FALSE,,,FALSE,,,2025-05-19T20:56:25.573Z,2025-10-09T02:23:00.642Z
426,El Aguila Cajeta,Traditional Leche,FALSE,"{'url':'c9ba7448b517f1eb56d42f95cee959a28f33d7e6e9fde7e9a4f11d3abeefbc05.png','size':150077,'width':500,'height':500,'filename':'Elaguilacajeta.png','metadata':{'width':500,'height':500,'blurHash':'eoQcYXt7?v%Mt8s+jsa~a}og_4ofITayRi%gfRs:oeRjxvj]RPayof','blurHashWidth':32}}",24,48.99,,FALSE,FALSE,TRUE,,,2,,FALSE,,El Aguila,,,,,,,,,,,,,,FALSE,,,FALSE,,,2025-05-19T20:02:57.396Z,2025-10-07T21:54:17.418Z
425,La Molienda Mega Bandera 90g,Tradicional Coco,FALSE,"{'url':'5900a7fa15617c9152ab5e8f4c9713c8d15687909303979b207bfb9ba2b962e5.png','size':127469,'width':500,'height':500,'filename':'megabandera.png','metadata':{'width':500,'height':500,'blurHash':'euRyW+o|ofxHx]xuj[j[f6j[?wspWBg2MxxufRaykCaeH?WUj]aetR','blurHashWidth':32}}",80,160,,FALSE,FALSE,TRUE,,,5,,FALSE,,La Molienda,,,,,,,,,,,,,,FALSE,,,FALSE,,,2025-05-19T19:59:44.825Z,2025-10-08T23:02:43.108Z
424,Del Rio Charola Mixt,Traditional Leche,,"{'url':'b7a1a69ff82cf656a08c5ea8def4492e348b8d8fcabe9bb2714a89ce9be58000.png','size':341557,'width':500,'height':500,'filename':'delriocharolamixt.png','metadata':{'width':500,'height':500,'blurHash':'e.Oynrxat8s.x]t7WVayfPjs_NWqWBbbRixaoLoMbIbHyDf*jEoMjF','blurHashWidth':32}}",60,90,,FALSE,FALSE,TRUE,,,1,,,,Del Rio,,,,,,,,,,,,,,FALSE,,,,,,2025-05-19T19:55:17.421Z,2025-05-26T23:49:49.247Z
423,Sabritas Peanuts Flaming Hot,Peanuts,,"{'url':'b099b007e614a46f3f5fc631c6fe937039e66018f50ede236525f9e782356329.png','size':183963,'width':500,'height':500,'filename':'14.png','metadata':{'width':500,'height':500,'blurHash':'e?O3tloM_Nxu%Mxbf6WUj[kCx]fkRPf6WWf*a{s;oLWVx]j[RQjuWB','blurHashWidth':32}}",12,37,,FALSE,FALSE,TRUE,,,2,,,,Sabritas,,,,,,,,,,,,,,FALSE,,,,,,2025-05-19T19:32:59.733Z,2025-05-21T21:23:00.079Z
422,Sabritas Peanuts Mexican Style Mix,Peanuts,,"{'url':'261b5d0adc4147622b43c0f57c5d71da69a1165e53cd895b64eba53aa506af65.png','size':223642,'width':500,'height':500,'filename':'13.png','metadata':{'width':500,'height':500,'blurHash':'e?PG55xu?^t7%M-Cf7OAj[X7xbayRjj[WVkpfkoMjtnitlayRPj[jF','blurHashWidth':32}}",12,37,,FALSE,FALSE,TRUE,,,2,,,,Sabritas,,,,,,,,,,,,,,FALSE,,,,,,2025-05-19T19:32:39.001Z,2025-05-26T22:45:04.695Z
421,Barcel Chipotles XXL,Barcel XXL,FALSE,"{'url':'a54b1e96870684854be62c4232137305ff2b034a73155cf8fee016eb8590bee5.png','size':206805,'width':500,'height':500,'filename':'Barcel Chipotle XXL.png','metadata':{'width':500,'height':500,'blurHash':'e~O{%MtR?^t7tQoejZofbHfjo#ayV?bbogn+a|oyj[f8xuayRjjuf6','blurHashWidth':32}}",15,67.5,XXL Familiar,FALSE,FALSE,TRUE,,,2,,FALSE,,Barcel,,,,,,,,,,,,,,FALSE,,,FALSE,,,2025-05-19T16:52:54.569Z,2025-10-07T01:37:29.831Z
420,Tipicos Ollota Rica Sandia 6ct,Mexican Candy,FALSE,"{'url':'ef8f1ab5ca2c8d5afffba53cbf3f69a42f2cafe50ac487111a762a97e960ca13.png','size':210825,'width':500,'height':500,'filename':'33.png','metadata':{'width':500,'height':500,'blurHash':'esQ+{Ixb.8tRtRxaRjbGt8j[?^baMxj[Rjx]t8oMRjWBV@f6RioMoz','blurHashWidth':32}}",12,54,,FALSE,FALSE,TRUE,,,,,FALSE,,Tipicos,,,,,,,,,,,,,,FALSE,,,FALSE,,,2025-05-19T16:35:31.377Z,2025-10-07T21:20:51.402Z
419,Tinajita Max Tamarindo,Mexican Candy,FALSE,"{'url':'7c4c75c98056996ace01fbdf83af0489deefe12d7c918e5e541c83f815156c59.png','size':261413,'width':500,'height':500,'filename':'34.png','metadata':{'width':500,'height':500,'blurHash':'euQI#pVs%#%gx]%2RPbbozV@?^t7MxoyV@V[tRofWBt8x]kCWBVsWV','blurHashWidth':32}}",15,108,,FALSE,FALSE,TRUE,,,,,FALSE,,Tinajita,,,,,,,,,,,,,,FALSE,,,FALSE,,,2025-05-19T16:33:40.392Z,2025-10-07T21:21:18.231Z
418,Pavito Tama Tarro 4ct,Mexican Candy,FALSE,"{'url':'3b0af98175c7b1946475b70716e3d8f0f0b93b546d580b4b7c0d4628137e7e2c.png','size':259445,'width':500,'height':500,'filename':'36.png','metadata':{'width':500,'height':500,'blurHash':'eiQvH??d%$Z}x^$wIUt9x[M|%havayWFn$%$%LfkMyjDyEoeV@WVac','blurHashWidth':32}}",16,137.25,,FALSE,FALSE,TRUE,,,,,FALSE,,Pavito,,,,,,,,,,,,,,FALSE,,,FALSE,,,2025-05-19T16:30:51.328Z,2025-10-07T21:44:17.649Z
417,Pavito Chongos de Tamarindo,Mexican Candy,FALSE,"{'url':'76df04b67f98d9fe816673c901d655f8e428c48cd72bd87b02ad0ddb9c0de292.png','size':226871,'width':500,'height':500,'filename':'37.png','metadata':{'width':500,'height':500,'blurHash':'ewQSxXs:_N%MV[-;j]RjkAV@i{j[R*WAtRMxayx]kBofxtjZWBkCV@','blurHashWidth':32}}",60,130,,FALSE,FALSE,TRUE,,,,,FALSE,,Pavito,,,,,,,,,,,,,,FALSE,,,FALSE,,,2025-05-19T16:29:19.009Z,2025-10-07T21:44:23.302Z
416,Pavito Mino Vitrolero 4ct,Mexican Candy,FALSE,"{'url':'fb3134d1a9e906683e9e93f33ded4f00f777e38ab6a4bdde826a6cf945607fc8.png','size':229848,'width':500,'height':500,'filename':'38.png','metadata':{'width':500,'height':500,'blurHash':'ezR2=3xttlxbozxuRPaxtRWD?^j[V@WBV@tlx]a#RPt6M}WVaJt7bI','blurHashWidth':32}}",16,155,,FALSE,FALSE,TRUE,,,,,FALSE,,Pavito,,,,,,,,,,,,,,FALSE,,,FALSE,,,2025-05-19T16:28:33.810Z,2025-10-07T21:44:28.540Z
415,Lucas Panzon Sandia 10ct,Mexican Candy,FALSE,"{'url':'b9eaafc434c220a131f7bb738adaad3415e839e539efdcf851ca52deeaa0f5e1.png','size':171711,'width':500,'height':500,'filename':'lucas panzon.png','metadata':{'width':500,'height':500,'blurHash':'eSRy4{%MyX%M.S.8%~V@MxRj.SbHR5ofMx-qIApIxur?.mMxR5tRS3','blurHashWidth':32}}",24,60.56,,FALSE,FALSE,TRUE,,,,,FALSE,,Lucas,,,,,,,,,,,,,,FALSE,,,FALSE,,,2025-05-19T16:26:59.682Z,2025-10-07T21:17:36.992Z
414,Lucas Skwinkles Rellenos Piña/Tamarindo,Mexican Candy,FALSE,"{'url':'c2b0bf1f164e67743f9c02bbccb230a01c6717094f362552446a6c7f6d9581cd.png','size':207410,'width':500,'height':500,'filename':'42.png','metadata':{'width':500,'height':500,'blurHash':'evRLIbs;%~xuyExaj?jZjbba.ToxR5WEV?tRjIkBbZjGt-jIaJbYV[','blurHashWidth':32}}",24,126,,FALSE,FALSE,TRUE,,,,,FALSE,,Lucas,,,,,,,,,,,,,,FALSE,,,FALSE,,,2025-05-19T16:21:50.746Z,2025-10-07T21:17:42.467Z
413,Lucas Skwinkles Rellenos Sandia,Mexican Candy,FALSE,"{'url':'d3b25a21312b81866c05045a9aca38f2dc66ccd9c48e301da5a76ba2305e928c.png','size':158195,'width':500,'height':500,'filename':'41.png','metadata':{'width':500,'height':500,'blurHash':'eqPr|2=M.mTc?Ixaj@j]j[bH?wSzMxnjM{t7n+kCWooL%#SgRPo0Ri','blurHashWidth':32}}",24,126,,FALSE,FALSE,TRUE,,,,,FALSE,,Lucas,,,,,,,,,,,,,,FALSE,,,FALSE,,,2025-05-19T16:21:05.384Z,2025-10-07T21:17:50.345Z
412,Lucas Skwinkles Mango Chunks 45g,Mexican Candy,FALSE,"{'url':'2299976e7d421549e0c5c6b3094f2c6e682d4b88b782738e509b3939fd12d54f.png','size':210346,'width':500,'height':500,'filename':'39.png','metadata':{'width':500,'height':500,'blurHash':'e{R2oTs;.Tx[jGxYahW=odjbogfkV@aeozspj[kCa#bHtSj@V?ahba','blurHashWidth':32}}",20,89.25,,FALSE,FALSE,TRUE,,,,,FALSE,,Lucas,,,,,,,,,,,,,,FALSE,,,FALSE,,,2025-05-19T16:19:12.753Z,2025-10-07T21:17:56.551Z
411,Chacatrozo 400g,Mexican Candy,FALSE,"{'url':'2d23566c37f7408f6d81b976af30d3167ac05b8ecafc22bf2e61133a22b1a911.png','size':315164,'width':500,'height':500,'filename':'40.png','metadata':{'width':500,'height':500,'blurHash':'e;Q8}Qxt?^o#o~xEjZW=fkj]-pbHM{jFbFsVj[off6j[xvbIRjjYjF','blurHashWidth':32}}",32,141,,FALSE,FALSE,TRUE,,,,,FALSE,,Chaca Chaca,,,,,,,,,,,,,,FALSE,,,FALSE,,,2025-05-19T16:17:19.149Z,2025-10-07T21:22:34.168Z
410,Pulparindo Rim Dip Tamarindo 250gr,Mexican Candy,TRUE,"{'url':'5af982e95d6a60aa26eb15cfe2ef9b471e1d33afa0217ff07f818b3c01c7a52d.png','size':135542,'width':500,'height':500,'filename':'37.png','metadata':{'width':500,'height':500,'blurHash':'esSPLWxt%ixukExsj?a~juj]%jj]MwjYWAxwj[j=j[aeV=f6j^ayog','blurHashWidth':32}}",12,42,,FALSE,FALSE,TRUE,,,,,FALSE,,De la Rosa,,,,,,,,,,,,,,FALSE,,,FALSE,,,2025-05-19T16:15:39.707Z,2025-10-07T21:20:20.534Z
409,Pulpa Cisne,Mexican Candy,FALSE,"{'url':'ec49616d464dd4ba0be7277f659923c937b70f306a06d2809083e487b31686a8.png','size':275904,'width':500,'height':500,'filename':'44.png','metadata':{'width':500,'height':500,'blurHash':'ehO3@Gt7_Noz?b-;ofa#bGWB_Nt7MxjbIo%3a}aen%W.?Hf6NGoyV@','blurHashWidth':32}}",20,120,,FALSE,FALSE,TRUE,,,,,FALSE,,Cisne,,,,,,,,,,,,,,FALSE,,,FALSE,,,2025-05-19T16:13:53.874Z,2025-10-07T21:20:27.095Z
408,Yo Yo Mania,Candy + Toy,,"{'url':'59ff44bd988ee065a1bb4786cfc3100641189b1614bf126eabd694b8b649833e.png','size':294270,'width':500,'height':500,'filename':'yoyo2.png','metadata':{'width':500,'height':500,'blurHash':'eYO|IZs*~qx^%g%M%MRPRio{_N%gM|V@jY-qM{XOWFVt?vIVMwt6M{','blurHashWidth':32}}",12,20.56,,FALSE,FALSE,TRUE,,,12,,,,Kidsmania,,,,,,,,,,,,,,FALSE,,,,,,2025-05-19T06:48:26.974Z,2025-05-21T21:27:39.157Z
407,Flas Pop Ring,Candy + Toy,,"{'url':'5fc5b999f0e7f7165c62a10325726c9ba6b9c6e227a038711202436489a8b2ce.png','size':213150,'width':500,'height':500,'filename':'35.png','metadata':{'width':500,'height':500,'blurHash':'epQcYdxu_NxaRj%Mt7WBRPaf.8kCIUjZR%n~Rjogt7oftRayRiofs;','blurHashWidth':32}}",24,25.56,,FALSE,FALSE,TRUE,,,12,,,,Kidsmania,,,,,,,,,,,,,,FALSE,,,,,,2025-05-19T06:47:50.306Z,2025-05-21T21:26:59.777Z
406,Flash Pop ,Candy + Toy,,"{'url':'d577ca158f5b648ab99805c3b99829829b2ca18ef99b1b3f56bb5148443d2c66.png','size':284002,'width':500,'height':500,'filename':'34.png','metadata':{'width':500,'height':500,'blurHash':'enOz3[w}_Nkp%MsoRQWBbat8_3kCMxoLM{%Mt7aejGay-;bGM{oLae','blurHashWidth':32}}",12,20.72,,FALSE,FALSE,TRUE,,,12,,,,Kidsmania,,,,,,,,,,,,,,FALSE,,,,,,2025-05-19T06:46:41.812Z,2025-05-21T21:27:15.375Z
405,El Leon Burrito Ciruela,Tradicional Tamarindo,FALSE,"{'url':'6ca7e39f7cc99ea1fe91ef01fd8a0ece7c4338e51a6deda7461d5d7f31a5b44a.png','size':306203,'width':500,'height':500,'filename':'38.png','metadata':{'width':500,'height':500,'blurHash':'eoM@TDoK_Nt7%M_3ofs;t8IU?bkBagt7M{IUWBt7fQoft6ayWAayaz','blurHashWidth':32}}",24,30,,FALSE,FALSE,TRUE,,,2,,FALSE,,El Super Leon ,,,,,,,,,,,,,,FALSE,,,FALSE,,,2025-05-19T06:45:20.741Z,2025-10-08T17:56:55.195Z
404,El Leon Burrito Guayaba ,Tradicional Tamarindo,FALSE,"{'url':'baa7aa00ad9d8de289b8f1f73a2fc97bd53e3146474974ac2e9f06b4a4bc34aa.png','size':294933,'width':500,'height':500,'filename':'37.png','metadata':{'width':500,'height':500,'blurHash':'eiPGQzs.?wxu%f_MofWFt7Mx.7oLR+ogM{IAWBtQj[t7s=j]WAaxj]','blurHashWidth':32}}",24,30,,FALSE,FALSE,TRUE,,,2,,FALSE,,El Super Leon ,,,,,,,,,,,,,,FALSE,,,FALSE,,,2025-05-19T06:44:58.998Z,2025-10-08T17:57:01.539Z
403,El Leon Burrito Piña Colada ,Tradicional Tamarindo,FALSE,"{'url':'57da1064b4f2c76e9358ff6bee4accd4f30e9c94170f921888df1c1ee3cfb6ac.png','size':197521,'width':500,'height':500,'filename':'36.png','metadata':{'width':500,'height':500,'blurHash':'ekQ,5gxu_4x]t7%Lj@WCaff5_NWBD%j[RjxukCodkAa#WFofadWAoz','blurHashWidth':32}}",24,30,,FALSE,FALSE,TRUE,,,2,,FALSE,,El Super Leon ,,,,,,,,,,,,,,FALSE,,,FALSE,,,2025-05-19T06:44:17.131Z,2025-10-08T17:57:09.714Z
402,Fresca 3lt,Refresco Plastico 3lt,FALSE,"{'url':'1f6222c5198a2773435073b4d35fb272048beabef267ce2a2f92cd4c2dec81b0.png','size':73853,'width':500,'height':500,'filename':'13.png','metadata':{'width':500,'height':500,'blurHash':'ejRy$xxu^-xv9Y%Mj[WVa}oKxwfRM_j?t8tRfksmoKWq$*f7NGj@xH','blurHashWidth':32}}",4,20,3lt,FALSE,FALSE,FALSE,,,12,,FALSE,,Pepsi,,,,,,,,,,,,,,FALSE,,,FALSE,,,2025-05-02T21:50:09.298Z,2025-10-08T22:38:40.323Z
401,Fanta Naranja 3lt,Refresco Plastico 3lt,FALSE,"{'url':'8137b1316168059ba19bea3d5002cb347ab2daba7df39e0031de5af4b876cdba.png','size':75530,'width':500,'height':500,'filename':'14.png','metadata':{'width':500,'height':500,'blurHash':'ekS$M$xt*0x^MJxuj@bIbHjYx]j[MxaetRxvbHn$oJW;XnbHn3jYXT','blurHashWidth':32}}",4,20,3lt,FALSE,FALSE,FALSE,,,,,FALSE,,Coca Cola,,,,,,,,,,,,,,FALSE,,,FALSE,,,2025-05-02T21:49:41.631Z,2025-10-08T22:38:50.808Z
400,Sidral Mundet 3lt,Refresco Plastico 3lt,FALSE,"{'url':'eb0152f9af3292757012f64bafb07d290431c3cd0564e98c4d8bbf2475074474.png','size':79224,'width':500,'height':500,'filename':'12.png','metadata':{'width':500,'height':500,'blurHash':'eoSFkcxu.mt7H=xuj[ayjua|x]ayR5kBo}xujuf+j[aetRa|RPjut8','blurHashWidth':32}}",4,20,3lt,FALSE,FALSE,FALSE,,,,,FALSE,,Coca Cola,,,,,,,,,,,,,,FALSE,,,FALSE,,,2025-05-02T21:49:05.210Z,2025-10-08T22:39:00.111Z
399,LDV Cocada Horneada 20ct,Traditional Leche,,"{'url':'0a8cd5139cae66267a8754c22e0aa315bd5d4bab79c099a9ebf4ecd47e3a9477.png','size':209906,'width':500,'height':500,'filename':'44.png','metadata':{'width':500,'height':500,'blurHash':'ehSi57xuysx]n5%Mf6WVkBbHysflQ,aeXRxvkCjYafj[iwaybukBa~','blurHashWidth':32}}",20,32.25,,FALSE,FALSE,TRUE,,,,,,,Las Dos Victorias,,,,,,,,,,,,,,FALSE,,,,,,2025-04-21T21:14:08.754Z,2025-05-21T21:30:08.386Z
398,LDV Camote 20ct,Traditional Leche,,"{'url':'01059b3fbebfb0cb8f1301d981384e49a04a7911c3b46ace869de9c399a40fc1.png','size':233465,'width':500,'height':500,'filename':'46.png','metadata':{'width':500,'height':500,'blurHash':'ehRMJDxu?wxuV@xaf6bHkBof?^j[I9bHWV%gkCoLafWAjFayWBj[t7','blurHashWidth':32}}",20,32.25,,FALSE,FALSE,TRUE,,,,,,,Las Dos Victorias,,,,,,,,,,,,,,FALSE,,,,,,2025-04-21T21:13:12.249Z,2025-05-21T21:30:18.909Z
397,LDV Calabaza 20ct,Traditional Leche,,"{'url':'60e4a0664378cd4faa7b118040cb6d886b7446e215064e6607c1ea12dd31872d.png','size':237412,'width':500,'height':500,'filename':'45.png','metadata':{'width':500,'height':500,'blurHash':'eiRV,]xu?wxun$xufQWBj[of?wj[IAayR*%Mj[ofazWBaKayR*oet7','blurHashWidth':32}}",20,32.25,,FALSE,FALSE,TRUE,,,,,,,Las Dos Victorias,,,,,,,,,,,,,,FALSE,,,,,,2025-04-21T21:12:32.494Z,2025-05-21T21:30:25.773Z
396,LDV Mini Surtido 12ct,Traditional Leche,,"{'url':'b237b6aaa36b2c8a78ecd8bf2ce8cb411a035c619641f37220c79726d54dcebe.png','size':186492,'width':500,'height':500,'filename':'47.png','metadata':{'width':500,'height':500,'blurHash':'ekR._bxu.9x[obt6j[oMfiba.TkBMdV]R*%Na{WUoMnienWBR+t6t7','blurHashWidth':32}}",24,153,,FALSE,FALSE,TRUE,,,,,,,Las Dos Victorias,,,,,,,,,,,,,,FALSE,,,,,,2025-04-21T21:11:20.830Z,2025-05-21T21:30:40.097Z
395,LDV Surtido Mediana 24ct,Traditional Leche,,"{'url':'9d918182dc32c314d294033b66aef4aee37490ae743d140acaf9f4b94f97aaa8.png','size':153501,'width':500,'height':500,'filename':'43.png','metadata':{'width':500,'height':500,'blurHash':'eaSPIZxu.S%NRj%Mj[WBjZj[.Tj]I9axofxujZofkCWoR5fjkXaeog','blurHashWidth':32}}",24,32.4,,FALSE,FALSE,TRUE,,,,,,,Las Dos Victorias,,,,,,,,,,,,,,FALSE,,,,,,2025-04-21T21:08:12.704Z,2025-05-21T21:31:06.658Z
394,LDV Surtido Grande 80ct,Traditional Leche,,"{'url':'40aa672275315e900755e4061c34bb7dff2ca59c166e1b98ba8bf5f403463a75.png','size':205991,'width':500,'height':500,'filename':'42.png','metadata':{'width':500,'height':500,'blurHash':'epRfLOxZ.9o~ogxaj[f+bHay?wW?IAs+awx]WVaLoLofayjsofj[WV','blurHashWidth':32}}",80,108,,FALSE,FALSE,TRUE,,,,,,,Las Dos Victorias,,,,,,,,,,,,,,FALSE,,,,,,2025-04-21T21:05:07.988Z,2025-05-21T21:30:45.161Z
393,Squirt 3lt,Refresco Plastico 3lt,FALSE,"{'url':'a4e0ee56fba1e117ed4c806a9e6f2c18052320f1aa931bae82cb60532a14325c.png','size':90219,'width':500,'height':500,'filename':'41.png','metadata':{'width':500,'height':500,'blurHash':'elRpOFtP^n-rD~x]j[aejafkt9j]Rhadoh%2j@W=bHn%$+oMI.R*xa','blurHashWidth':32}}",8,40,3lt,FALSE,FALSE,FALSE,,,,,FALSE,,Squirt,,,,,,,,,,,,,,FALSE,,,FALSE,,,2025-04-21T21:03:04.788Z,2025-10-08T22:37:26.700Z
392,Coca Cola 3lt,Refresco Plastico 3lt,FALSE,"{'url':'4069c759d6948071c1ec0b41230e4b91eabac560b3c0a4c8775b0525eed63590.png','size':105060,'width':500,'height':500,'filename':'40.png','metadata':{'width':500,'height':500,'blurHash':'esR..Js:?^%gH?%Mj[R*WpoLx]kCMxaKtRtRbHoMoLayxuj[RPWBoz','blurHashWidth':32}}",6,30,3lt,FALSE,FALSE,FALSE,,,7,,FALSE,,Coca Cola,,,,,,,,,,,,,,FALSE,,,FALSE,,,2025-04-21T21:02:27.096Z,2025-10-08T22:36:11.826Z
391,Pepsi 3lt,Refresco Plastico 3lt,FALSE,"{'url':'b844d0ee9d3e8bea18024c0201e479232f7afd46aeb33546c649dc050baf5598.png','size':103423,'width':500,'height':500,'filename':'39.png','metadata':{'width':500,'height':500,'blurHash':'erQ,L2t7~q-;9F%Mj[WAayof%MoeIVWBtQt7fPogj]WBxuj[M{WBt7','blurHashWidth':32}}",8,40,3lt,FALSE,FALSE,FALSE,,,13,,FALSE,,Pepsi,,,,,,,,,,,,,,FALSE,,,FALSE,,,2025-04-21T21:01:25.256Z,2025-10-08T22:36:44.220Z
390,Tepachito Pineapple Soda 12oz,Refresco Vidrio Regular,TRUE,"{'url':'37fb632009b59e2a43b19add27844964062dedaa1475dc7c5a90d2a3391e1247.png','size':83985,'width':500,'height':500,'filename':'23.png','metadata':{'width':500,'height':500,'blurHash':'eYR{#=xu_N-;4n%Mj[WBf6j[%NkCIUWAx]xufQozkCWBt7j[Rjayt7','blurHashWidth':32}}",24,35,,FALSE,FALSE,TRUE,,,8,,FALSE,,Tepachito,,,,,,,,,,,,,,FALSE,,,FALSE,,,2025-04-21T20:58:05.160Z,2025-10-07T20:35:37.037Z
389,Tuna w/Vegetables 4.75oz,Grocery,,"{'url':'8c9f169184c3f1350226544df614c117280d2268560fc4ce87d38516b538d55f.png','size':203491,'width':500,'height':500,'filename':'35.png','metadata':{'width':500,'height':500,'blurHash':'eyPshjkCtSxaxuxuj[jFayae_Nt7aeX8Rj$*azX7oLoykXWWRPn$jY','blurHashWidth':32}}",24,39.99,,FALSE,FALSE,FALSE,,,,,TRUE,27.99,Tuny,,,,,,,,,,,,,,FALSE,,,,,,2025-04-21T20:56:02.110Z,2025-05-21T07:41:54.842Z
388,Tuna w/Vegetables & Mayo 4.75oz,Grocery,,"{'url':'d876c5fe83bf56b4f4580bbb638cfd42b2b5493a2be68339eb4c400ae3b55a49.png','size':186064,'width':500,'height':500,'filename':'36.png','metadata':{'width':500,'height':500,'blurHash':'e?P?p=kBtRxat8t7j[jtbGay_4s;adX7Rj%2fkWVn+ofRjWVV@n*js','blurHashWidth':32}}",24,39.99,,FALSE,FALSE,FALSE,,,,,TRUE,27.99,Tuny,,,,,,,,,,,,,,FALSE,,,,,,2025-04-21T20:54:46.997Z,2025-05-25T05:22:39.369Z
387,Tuna in Water 5oz,Grocery,,"{'url':'262a2d14f00f5d94d20356f4cf45d4080d1083b8cd27570cbc3b93d578b8be6e.png','size':196357,'width':500,'height':500,'filename':'37.png','metadata':{'width':500,'height':500,'blurHash':'ezQ9s9t7tlt7xutRayaej[ay_Nj[aKofRj%2ofbbWCj[WFj]R%a|oe','blurHashWidth':32}}",24,39.99,,FALSE,FALSE,FALSE,,,,,TRUE,27.99,Tuny,,,,,,,,,,,,,,FALSE,,,,,,2025-04-21T20:53:34.478Z,2025-05-25T05:22:33.902Z
386,Tuna in Oil 5oz,Grocery,,"{'url':'718588f3b1ddd5bf4abe35ca498a13bb6564b0fbde5a9a76f1768ce30bcdd59f.png','size':186376,'width':500,'height':500,'filename':'34.png','metadata':{'width':500,'height':500,'blurHash':'e+Q0Emt6tRofxut7ayaej[fP_NofV@ofRj-Woff+ayfRWCj[R%ayof','blurHashWidth':32}}",24,39.99,,FALSE,FALSE,FALSE,,,,,TRUE,27.99,Tuny,,,,,,,,,,,,,,FALSE,,,,,,2025-04-21T20:52:34.845Z,2025-05-25T05:22:27.872Z
385,Chongos Zamoranos 9.5oz,Grocery,,"{'url':'ff0f4d95f1175295e649a5db9ce6ff0aa6b55588d9ea5d7f822dc0878ddef7b3.png','size':194000,'width':500,'height':500,'filename':'33.png','metadata':{'width':500,'height':500,'blurHash':'e.R2@{WF%%-:xvs.WCf+oeoLtnoeaIWCR%t7j[o2a}bHtSoLaJayWB','blurHashWidth':32}}",12,49.87,,,,,,,,,,,Tres Reyes,,,,,,,,,,,,,,,,,,,,2025-04-21T20:50:37.388Z,2025-05-25T02:25:37.524Z
384,Molina Vainilla 4oz,Grocery,,"{'url':'023c0ea58811a77fe18a4589906cc847d2d2eeb03d21ec95d945e00a8d1df699.png','size':101416,'width':500,'height':500,'filename':'32.png','metadata':{'width':500,'height':500,'blurHash':'ejRMYt%M~qxu9F%Mj[WBj[ay%gayIUj[tR%Mj[V@j[oyxafQRjfQt7','blurHashWidth':32}}",12,17.17,,FALSE,FALSE,FALSE,,,6,,,,Molina,,,,,,,,,,,,,,FALSE,,,,,,2025-04-21T20:48:49.191Z,2025-05-26T23:59:05.705Z
383,Mayo w/Lime Squeeze 10.3oz,Grocery,,"{'url':'04c560e3c4eaa5e33d699764239554cf042d8dc9cc18bde10e4d40b0d0e001cf.png','size':120447,'width':500,'height':500,'filename':'30.png','metadata':{'width':500,'height':500,'blurHash':'emR{fE%M?^t7Mdxuj[aef7ozx]ayM{j[t7xuj[ahj[kBbbayjFkCba','blurHashWidth':32}}",6,29.5,,,,,,,6,,,,Mccormick ,,,,,,,,,,,,,,,,,,,,2025-04-21T20:46:43.022Z,2025-05-26T23:59:04.407Z
382,Mayo w/Chipotle Squeeze 10.3oz,Grocery,,"{'url':'5aeff49b5b1ad76be9e6f8a863ceff2fbac2e89a8ba62d1717962e8e3b140ad6.png','size':139188,'width':500,'height':500,'filename':'31.png','metadata':{'width':500,'height':500,'blurHash':'epSrr=xa*0x^MdxWjskWj[j?s,fkS5ayn$xuj@afj[j[krj[a0axkX','blurHashWidth':32}}",6,29.5,,FALSE,FALSE,FALSE,,,6,,,,Mccormick ,,,,,,,,,,,,,,FALSE,,,,,,2025-04-21T20:45:55.789Z,2025-05-26T23:59:02.621Z
381,Sardines Tomato Sauce 5.5oz,Grocery,,"{'url':'569702f66ffb10e3b03573973b0b8c24cf87e2780a473ddbc8143c54fcd15a80.png','size':232157,'width':500,'height':500,'filename':'29.png','metadata':{'width':500,'height':500,'blurHash':'e=PsVGxu_Nt7WBwIfRXTj[oKx]f6M{fkjakXj[sla#a#tQfRV[ayWV','blurHashWidth':32}}",25,25.5,,FALSE,FALSE,FALSE,,,,,TRUE,19.99,La Sirena,,,,,,,,,,,,,,FALSE,,,,,,2025-04-21T20:43:57.223Z,2025-05-23T18:29:54.643Z
380,Sardines Pica Tomato Sauce 5.5oz,Grocery,,"{'url':'8430eaa5135b504e938ec632936f2517f1b6885413a974d35abfe23c6ca0dbf7.png','size':197159,'width':500,'height':500,'filename':'28.png','metadata':{'width':500,'height':500,'blurHash':'e^Qb|Ot7?^t7adkCf7ofj[f+tRj[V@a|jGoKfjozj[f5b^a|nNjtWq','blurHashWidth':32}}",25,25.5,,FALSE,FALSE,FALSE,,,,,TRUE,19.99,La Sirena,,,,,,,,,,,,,,FALSE,,,,,,2025-04-21T20:42:39.988Z,2025-05-23T18:29:56.767Z
379,Sardines Oval Pica Tomato Sauce 15oz,Grocery,,"{'url':'43b73691a374dd92cd30a4bff40e32da2a7df95e9d888191943ec59b9630376e.png','size':126903,'width':500,'height':500,'filename':'27.png','metadata':{'width':500,'height':500,'blurHash':'e%Rov#t7t7t7ozxaa|ayjtfQ?^kCV@ofV@x]j[oLj[fkH?afofaxkC','blurHashWidth':32}}",24,44.99,,FALSE,FALSE,FALSE,,,,,TRUE,39.99,La Sirena,,,,,,,,,,,,,,FALSE,,,,,,2025-04-21T20:40:50.240Z,2025-05-21T07:38:36.953Z
378,Sardines Oval w/Jalapeño 15oz,Grocery,,"{'url':'4c8edcb0dcf889595a029e55a2045241c366a00d7bfeafb490e0acb66a4214d1.png','size':135412,'width':500,'height':500,'filename':'26.png','metadata':{'width':500,'height':500,'blurHash':'esRo:CxatRt7ozt7ayfjj[a|?^kCV@ofV@%foff7fkjtDiaxkCWBoz','blurHashWidth':32}}",24,44.99,,FALSE,FALSE,FALSE,,,,,TRUE,39.99,La Sirena,,,,,,,,,,,,,,FALSE,,,,,,2025-04-21T20:40:10.319Z,2025-05-21T07:38:43.169Z
377,La Morena Chopped Chipotle Sauce 9.7oz,Grocery,,"{'url':'26fc3121a45c7871a7083c9c059ade46c2a825a554ff51549b28958b8bb6dfa9.png','size':114942,'width':500,'height':500,'filename':'25.png','metadata':{'width':500,'height':500,'blurHash':'ewRC#tt7_N%MDi%Mj[Rjj[j?x]j[RPWBozxFfQbcj[s.xtj[NGayt7','blurHashWidth':32}}",6,22.72,,,,,,,6,,,,La Morena,,,,,,,,,,,,,,,,,,,,2025-04-21T20:37:51.354Z,2025-05-26T23:58:59.180Z
376,La Morena Sweet Chipotle Sauce 10.7oz,Grocery,,"{'url':'4c0d6988b7c015bd984971d471a5a21d73c410363a8aacc90ef1aeb5db1b3b78.png','size':116710,'width':500,'height':500,'filename':'24.png','metadata':{'width':500,'height':500,'blurHash':'exRMMLt7_N%MDi%MjtRjfkj?x]j[RPWVozs.fjbvj[soxtj[NGayt6','blurHashWidth':32}}",6,22.72,,FALSE,FALSE,FALSE,,,6,,,,La Morena,,,,,,,,,,,,,,FALSE,,,,,,2025-04-21T20:36:45.166Z,2025-05-26T23:58:57.316Z
375,Cachepigui Slaps Tamarind Blue 10ct,Mexican Candy,FALSE,"{'url':'c8e4b6163fac32c1292c6f0be4505473295f1337debf7de8d86312ff1bfcdaf1.png','size':190909,'width':500,'height':500,'filename':'23.png','metadata':{'width':500,'height':500,'blurHash':'e.PjJss;~px[E2oza}ofoKayr@jsSeWqoMkWa}s.oJWXg3bHaKjaj[','blurHashWidth':32}}",40,41.25,,FALSE,FALSE,FALSE,,,3,,FALSE,,Pigui,,,,,,,,,,,,,,FALSE,,,FALSE,,,2025-04-21T20:33:13.380Z,2025-10-07T21:22:15.442Z
374,Cachepigui Slaps Mango 10ct,Mexican Candy,FALSE,"{'url':'11b2eafc97a84b3d25b1a0497a4b131325519ddeffe05e54428a45a6f22dd45f.png','size':168310,'width':500,'height':500,'filename':'22.png','metadata':{'width':500,'height':500,'blurHash':'e}RL|Wof.TxvVrxGn%X8X7f6f,fkjEjZbbs:jtkCj[f6xaj[R%ayj]','blurHashWidth':32}}",40,41.25,,FALSE,FALSE,FALSE,,,3,,FALSE,,Pigui,,,,,,,,,,,,,,FALSE,,,FALSE,,,2025-04-21T20:32:27.093Z,2025-10-07T21:22:21.346Z
373,Cachepigui Slaps Doblex Picosito 10ct,Mexican Candy,FALSE,"{'url':'254a968f1f49dccbab8bdcef5b668d0f4a60c15c428b9a2d00c2722489550fb9.png','size':152806,'width':500,'height':500,'filename':'21.png','metadata':{'width':500,'height':500,'blurHash':'e^RCVts;.TxuMxoybGofn+WVXmj[i^aykDs:fQofj[jZo}fkV@jGkC','blurHashWidth':32}}",40,41.25,,FALSE,FALSE,FALSE,,,3,,FALSE,,Pigui,,,,,,,,,,,,,,FALSE,,,FALSE,,,2025-04-21T20:31:44.623Z,2025-10-07T21:22:26.601Z
372,Del Monte Tomato Ketchup Squeezable 24oz,Grocery,,"{'url':'5a0c80e359984a58c21507f6372e9e40b3f0eae6937eb335617d8fa8b951ddb5.png','size':90629,'width':500,'height':500,'filename':'20.png','metadata':{'width':500,'height':500,'blurHash':'enRo]Rxa_N%MDi%gj[Rjfkj[x]j[MxWBt7tQj[oMf6kBt7fQRja{oz','blurHashWidth':32}}",12,27.5,,FALSE,FALSE,FALSE,,,6,,,,Del Monte,,,,,,,,,,,,,,FALSE,,,,,,2025-04-21T20:29:49.987Z,2025-05-26T23:58:53.505Z
371,Del Fuerte Tomato Sauce 7.4oz,Grocery,,"{'url':'ca9720fed7c56cd497094f982ffc110e972318b2ed7e19d32a1cc7de0ea2b1aa.png','size':190100,'width':500,'height':500,'filename':'19.png','metadata':{'width':500,'height':500,'blurHash':'e%O:kcxu_Nt7x]X8n*spbHkC?vf6IUbHRj$+bbX8nijFx]WVRPoLWB','blurHashWidth':32}}",24,20.54,,,,,,,3,,,,Del Fuerte,,,,,,,,,,,,,,,,,,,,2025-04-21T20:28:21.184Z,2025-05-26T23:58:52.738Z
370,Pica Limon 7 100ct,Mexican Candy,FALSE,"{'url':'4ff6fa90da97a25c73331fc07203953a78ee20f1f4e4b647e236dd589c8ee55f.png','size':209016,'width':500,'height':500,'filename':'17.png','metadata':{'width':500,'height':500,'blurHash':'eYRyHAMayF.At8-SiuX9g5V??d%NRiROadoxbvsongo#yFbcadoeWA','blurHashWidth':32}}",24,58.43,,FALSE,FALSE,FALSE,,,3,,FALSE,,Anahuac,,,,,,,,,,,,,,FALSE,,,FALSE,,,2025-04-21T20:25:44.453Z,2025-10-07T21:23:15.958Z
369,Limon 7 100ct,Mexican Candy,FALSE,"{'url':'d4f856a684c416ceec4166693628029d9e5a8c96b67ee4e4082b991211f743cf.png','size':206700,'width':500,'height':500,'filename':'16.png','metadata':{'width':500,'height':500,'blurHash':'erPt0s-;^-R$t7xut8s;RiR%%NRiNExbWEbXaxogj]s:-qj]M{axax','blurHashWidth':32}}",24,58.43,,FALSE,FALSE,FALSE,,,3,,FALSE,,Anahuac,,,,,,,,,,,,,,FALSE,,,FALSE,,,2025-04-21T20:25:04.498Z,2025-10-07T21:23:35.416Z
368,Chipileta Naranja 12ct,Mexican Candy,FALSE,"{'url':'1a621627bc7edfa0fb89033fe9f44c8e3eba5775a9185f16c2e24d50184df967.png','size':200934,'width':500,'height':500,'filename':'18.png','metadata':{'width':500,'height':500,'blurHash':'ehSFFan3t,%2tS%gbaazozae*0tSRPX8Riv#i_kCf5jrcFXSjFjEn+','blurHashWidth':32}}",24,32.93,,FALSE,FALSE,FALSE,,,3,,FALSE,,Anahuac,,,,,,,,,,,,,,FALSE,,,FALSE,,,2025-04-20T20:13:39.689Z,2025-10-07T21:22:49.588Z
367,Alvbro Pollito Asado 40ct,Mexican Candy,TRUE,"{'url':'9e16bd342bf1b83d3abff897da49ebaf695ffbebcf38189ff51bec0d2f26e065.png','size':334577,'width':500,'height':500,'filename':'15.png','metadata':{'width':500,'height':500,'blurHash':'e*PG8Ix[_NxbtS%MfkR*jZWB-;axM{a|WAofofoMWBkBx]j]RPadja','blurHashWidth':32}}",24,84,,FALSE,FALSE,FALSE,,,6,,FALSE,,Alvbro,,,,,,,,,,,,,,FALSE,,,FALSE,,,2025-04-20T20:09:36.934Z,2025-10-07T21:20:08.686Z
366,Sponge Bob Slime Sour Dip,Candy,,"{'url':'27c56d3685a8cb3914b29683bc0708644ef1d571eaa00950f66d4ef06cf1a93d.png','size':192693,'width':500,'height':500,'filename':'18.png','metadata':{'width':500,'height':500,'blurHash':'eZRV^GRj%N?b%N%NM{WAxuof_4xvM{M{Rjs+x]t8RPWCtRWAjZWVRj','blurHashWidth':32}}",12,32.99,,,,,,,5,,,,Flix,,,,,,,,,,,,,,,,,,,,2025-04-20T19:17:27.793Z,2025-05-26T23:58:32.076Z
365,Kinder Joy Girl 16ct,Chocolate,,"{'url':'69afeccd6b32b8aec4afe2cf6a4725cdf34ac71182fa4ffb793262bc876e7336.png','size':183708,'width':500,'height':500,'filename':'49.png','metadata':{'width':500,'height':500,'blurHash':'evS5t=%2yEb^tSxtbba#nif6*0SdR5sBRPxInOkBXRf*aenjkBX7j]','blurHashWidth':32}}",16,32,,,,,,,18,,,,Kinder,,,,,,,,,,,,,,,,,,,,2025-04-12T23:34:02.137Z,2025-05-26T23:58:19.769Z
364,Kinder Joy Boy 16ct,Chocolate,,"{'url':'b86215b39f73547866555ec25c30881d6201369f30f6ecc158736832c7cedde7.png','size':176307,'width':500,'height':500,'filename':'48.png','metadata':{'width':500,'height':500,'blurHash':'enR{Pv-W%gXmtmxukCjbjFjZ.mNtMxwxROxIi_k8bvX8Vtn%kCSNkC','blurHashWidth':32}}",16,32,,,,,,,18,,,,Kinder,,,,,,,,,,,,,,,,,,,,2025-04-12T23:33:35.669Z,2025-05-26T23:58:18.657Z
363,El Tapatio Ramen Chile Y Limon 3.88oz,Ramen Noodle ,FALSE,"{'url':'8460e9b524adfdc12c8e160e086ccd397e3278c366712dc12829c43f1afacd07.png','size':150421,'width':500,'height':500,'filename':'44.png','metadata':{'width':500,'height':500,'blurHash':'ejRW3cs+-=%gtRt6kCoyWBay^-ozITWBRi-;WBRjt8baNFoMogR%oe','blurHashWidth':32}}",6,13.99,,FALSE,FALSE,FALSE,,,3,,FALSE,,Tapatio,,,,,,,,,,,,,,FALSE,,,FALSE,,,2025-04-12T23:28:25.245Z,2025-10-07T21:23:47.928Z
362,El Tapatio Ramen Chicken,Ramen Noodle ,FALSE,"{'url':'f6dee21ddee9afe7ecd315405eaece58757494d3ebef384184532b86d8bdc17e.png','size':157747,'width':500,'height':500,'filename':'40.png','metadata':{'width':500,'height':500,'blurHash':'ekR{iJt5%h%NtRt6ofofWBay.TogMwWBRi-;V@Rjt8j[aJkCbIadof','blurHashWidth':32}}",6,13.99,,FALSE,FALSE,FALSE,,,3,,FALSE,,Tapatio,,,,,,,,,,,,,,FALSE,,,FALSE,,,2025-04-12T23:27:45.414Z,2025-10-07T21:55:04.038Z
361,El Tapatio Ramen Birria 3.88oz,Ramen Noodle ,FALSE,"{'url':'a7e5d77a25744c238315b4efe252d875429e6babcb7e64fcfc88bb41574f6272.png','size':149837,'width':500,'height':500,'filename':'43.png','metadata':{'width':500,'height':500,'blurHash':'ejRMPTsm.8%gxvogkCofWBf5_NozIUWBRP-;WARjt8a#M{ofofRjof','blurHashWidth':32}}",6,13.99,,FALSE,FALSE,FALSE,,,3,,FALSE,,Tapatio,,,,,,,,,,,,,,FALSE,,,FALSE,,,2025-04-12T23:26:58.590Z,2025-10-07T21:55:13.579Z
360,El Tapatio Ramen Original 3.88oz,Ramen Noodle ,FALSE,"{'url':'cde189f6b3cfc1ecb7d72a0dd5e4f09cf64dbbfb668129adba2a0333d16dfeff.png','size':163764,'width':500,'height':500,'filename':'42.png','metadata':{'width':500,'height':500,'blurHash':'eoSFU~x[tRxutlt7ofofbGae.mafVsbHRP-pWAR*n%ofVEj[X8j[oz','blurHashWidth':32}}",6,13.99,,FALSE,FALSE,FALSE,,,3,,FALSE,,Tapatio,,,,,,,,,,,,,,FALSE,,,FALSE,,,2025-04-12T23:26:35.034Z,2025-10-07T21:55:24.376Z
359,El Tapatio Ramen Extra Spicy 3.88oz,Ramen Noodle ,FALSE,"{'url':'f06c6328c88df95840c40b4118ba0f6b3b1f0bbcfc90339cd2dfe46c76f7b433.png','size':162116,'width':500,'height':500,'filename':'41.png','metadata':{'width':500,'height':500,'blurHash':'eiRMPTsm.8%gxut7kCofWBf5_NozIUadRP-;WAWAt8WqM{ofofRjof','blurHashWidth':32}}",6,13.99,,FALSE,FALSE,FALSE,,,3,,FALSE,,Tapatio,,,,,,,,,,,,,,FALSE,,,FALSE,,,2025-04-12T23:26:07.276Z,2025-10-07T21:55:35.692Z
358,El Tapatio Peanuts 2.5oz,Peanuts,,"{'url':'ee0fb52224e86a569411ce5005298c5573ecb611421c2ca3073495b320d7b13a.png','size':184725,'width':500,'height':500,'filename':'46.png','metadata':{'width':500,'height':500,'blurHash':'eZR{Pwxv.m%Mx]t-WBnht7f5.mkBMda}RP,.t7T0Rjf+tRayV@j[a}','blurHashWidth':32}}",12,20.98,,,,,,,4,,,,Tapatio,,,,,,,,,,,,,,,,,,,,2025-04-12T23:23:54.164Z,2025-05-26T23:58:11.348Z
357,El Tapatio Mixed Nuts ,Peanuts,,"{'url':'66acdcb3339b9a0a8851d38fc0fc13474caf69d73e8eaf892371a7cf83e59d25.png','size':186543,'width':500,'height':500,'filename':'45.png','metadata':{'width':500,'height':500,'blurHash':'eaR.x{xu.m%2xupIaxr?ofof.moeIAW;V@=dt7T0V@WVtRbGaKoLWq','blurHashWidth':32}}",12,20.98,,FALSE,FALSE,FALSE,,,6,,,,Tapatio,,,,,,,,,,,,,,FALSE,,,,,,2025-04-12T23:23:10.432Z,2025-05-26T23:58:09.763Z
356,Amos Peelerz Orange,Jelly,,"{'url':'ffc3494cd05a2739a5a3acad89fd422f21a7ed4539aa3cf471d7add4aa69536e.png','size':167789,'width':500,'height':500,'filename':'37.png','metadata':{'width':500,'height':500,'blurHash':'e.RCuKxt.AjeogR%ayxaoebutmahVrkUbExYoeX9S3nPxcbHR$jZjG','blurHashWidth':32}}",12,39.75,,FALSE,FALSE,TRUE,,,,,,,Amos,,,,,,,,,,,,,,FALSE,,,,,,2025-04-12T23:18:56.757Z,2025-05-21T21:01:05.399Z
355,Amos Peelerz Grape,Jelly,,"{'url':'5b9c97836ac96afd0f08ec2e0fd0d5b4eb6d5d10eb4d932321b4cabd64be7785.png','size':190273,'width':500,'height':500,'filename':'38.png','metadata':{'width':500,'height':500,'blurHash':'e#PZM@xb_MtQxuWBaet7kCkC%gaxM{ofR*ruoLo|WojZ%Lj[RQafaz','blurHashWidth':32}}",12,39.75,,FALSE,FALSE,TRUE,,,10,,,,Amos,,,,,,,,,,,,,,FALSE,,,,,,2025-04-12T23:18:30.167Z,2025-09-17T20:46:23.121Z
354,Amos Peelerz Banana,Jelly,,"{'url':'65a1ce3b4dd7ce7b9cc72162d4ab70f866dec46c77b59961765cb16adf88ea0b.png','size':145804,'width':500,'height':500,'filename':'36.png','metadata':{'width':500,'height':500,'blurHash':'evRyZzs..A%MoyotjZsrW;kCx^oMROS1ayxHayXSofjEtRbHV@n$ay','blurHashWidth':32}}",12,39.75,,FALSE,FALSE,TRUE,,,,,,,Amos,,,,,,,,,,,,,,FALSE,,,,,,2025-04-12T23:17:53.588Z,2025-05-21T21:31:09.737Z
353,Amos Peelerz Lemon,Jelly,,"{'url':'cef10f7ca3cce9d52c321365e4c53aee9ddea85505e196be11a5cb503c614eb2.png','size':193591,'width':500,'height':500,'filename':'39.png','metadata':{'width':500,'height':500,'blurHash':'esRC;vxv-@xsx]$vo0bKW=bc%OjFNFbcWAo$WYf$obs+xvWVRioJWV','blurHashWidth':32}}",12,39.75,,FALSE,FALSE,TRUE,,,,,,,Amos,,,,,,,,,,,,,,FALSE,,,,,,2025-04-12T23:17:15.591Z,2025-05-21T21:01:07.140Z
352,El Peke Tarugo Azucar,Tradicional Tamarindo,FALSE,"{'url':'09ecb437e47b7f4abf6fdb8a9097bb75a82d083376b01626cf5eb70edd9c71e7.png','size':128349,'width':500,'height':500,'filename':'47.png','metadata':{'width':500,'height':500,'blurHash':'ebS66|xu.S%NV?%Mj[WCj[oL?^kCH?WBoztRj[s:jsWCVrayo}j[az','blurHashWidth':32}}",18,24,,FALSE,FALSE,FALSE,,,16,,FALSE,,El Peke,,,,,,,,,,,,,,FALSE,,,FALSE,,,2025-04-12T23:15:56.206Z,2025-10-08T22:58:06.570Z
351,Nong Shim Bowl Beef,Grocery,,"{'url':'33b31c1f73652ce7f89bf617f86590b164fbb39cdf70b0bebead776ae0809ca4.png','size':167637,'width':500,'height':500,'filename':'34.png','metadata':{'width':500,'height':500,'blurHash':'eRSPFNrq.A?vWXwHR4WUtRog%ijEI9Rkf6xuj[xun%V?SKkDogn$og','blurHashWidth':32}}",12,19.49,,,,,,,2,,,,Nong,,,,,,,,,,,,,,,,,,,,2025-04-12T23:14:55.027Z,2025-05-26T23:58:07.943Z
350,Nong Shim Bowl Spicy Shin,Grocery,,"{'url':'b265828645f7fa3f115ecdd9e8964d9b0fc3cfe2de4b31908843ab6f2843e04a.png','size':173648,'width':500,'height':500,'filename':'30.png','metadata':{'width':500,'height':500,'blurHash':'ebRodEm,?^.8W;m,Q-jttRf+.SV@H?jZWB%Mozt7aeV@sAtRb^V@t7','blurHashWidth':32}}",12,19.49,,,,,,,2,,,,Nong,,,,,,,,,,,,,,,,,,,,2025-04-12T23:14:31.657Z,2025-05-26T23:58:06.914Z
349,Nong Shim Bowl Spicy Chicken ,Grocery,,"{'url':'5fec1b6b90ea0c3d84e527893c22ea75a24a6e86ce5224e2591f4ed5d17e0ccb.png','size':177313,'width':500,'height':500,'filename':'32.png','metadata':{'width':500,'height':500,'blurHash':'eWSYQ^vy*J%$W?#7VXWoo}kC*0aeMIoIjYx]kCs;jZWAV@o}o}V@kD','blurHashWidth':32}}",12,19.49,,,,,,,2,,,,Nong,,,,,,,,,,,,,,,,,,,,2025-04-12T23:13:58.589Z,2025-05-26T23:58:04.940Z
348,Nong Shim Bowl Hot & Spicy ,Grocery,,"{'url':'81be26125ed531fe0c5da13c1d8b241edae407f735b4183cd0edbb286042a8ae.png','size':199936,'width':500,'height':500,'filename':'33.png','metadata':{'width':500,'height':500,'blurHash':'eXQ]pIMz?w?bs;N1IBWBxuoz.TRkDioMSd${s+tSWYaLrpxso}NHt8','blurHashWidth':32}}",12,19.49,,,,,,,2,,,,Nong,,,,,,,,,,,,,,,,,,,,2025-04-12T23:13:12.951Z,2025-05-26T23:58:03.932Z
347,Nong Shim Bowl Chicken ,Grocery,,"{'url':'2c86e9d91b34110d67c565e296d7268a7efe28dfc9cb01fda064a3631e544703.png','size':171428,'width':500,'height':500,'filename':'35.png','metadata':{'width':500,'height':500,'blurHash':'eRSYgXvy*0.SkD#7VEaxo}bc%$aKMcjsWBx]kWtRjFjEoyo~bdV?t7','blurHashWidth':32}}",12,19.49,,,,,,,2,,,,Nong,,,,,,,,,,,,,,,,,,,,2025-04-12T23:12:40.000Z,2025-05-26T23:58:03.320Z
346,Nong Shim Bowl Shrimp,Grocery,,"{'url':'f1b6379d14b7d1696e09a3d20242883d4826ecf5afaa1d69e6667675100a9dc7.png','size':193911,'width':500,'height':500,'filename':'31.png','metadata':{'width':500,'height':500,'blurHash':'eURopprE?^.8wIz?Q.WBtRkB_3a1DiofNwtQoexuWEV[OWpHoyVtxG','blurHashWidth':32}}",12,19.49,,,,,,,2,,,,Nong,,,,,,,,,,,,,,,,,,,,2025-04-12T23:11:53.482Z,2025-05-26T23:58:02.291Z
345,Skittles Original 14oz,Jugos ,,"{'url':'69f57cc894d757900ba5cae82b3f91988b789d051e3c948b98799d4a4408f969.png','size':86306,'width':500,'height':500,'filename':'29.png','metadata':{'width':500,'height':500,'blurHash':'etSYU7s:*J%gQmxujtbHj[aetRj]RPWBofxubHjuoLayghfkeTjFbv','blurHashWidth':32}}",12,30,,,,,,,,,,,Skittles,,,,,,,,,,,,,,,,,,,,2025-04-12T23:09:42.888Z,2025-05-20T04:04:38.695Z
344,Skittles Sour 14oz,Jugos ,,"{'url':'3ad9ad2d03061d9366b6ca78ebcb7940e699dc147f0907eecfb3ac748e14ece6.png','size':83036,'width':500,'height':500,'filename':'28.png','metadata':{'width':500,'height':500,'blurHash':'esRpH}t6?K%NISxuj[f7j[axtRj[RiWBofxufRbGj@jZxcj[R$WUog','blurHashWidth':32}}",12,30,,FALSE,FALSE,FALSE,,,,,,,Skittles,,,,,,,,,,,,,,FALSE,,,,,,2025-04-12T23:09:13.650Z,2025-05-20T04:04:31.006Z
343,Sunny D Original 11.3oz,Jugos ,,"{'url':'f986c0c94e7670a890cad8cac2915c66564462e40cfbee1c6a0f1f8fc7e88cd6.png','size':214774,'width':500,'height':500,'filename':'25.png','metadata':{'width':500,'height':500,'blurHash':'e[R2[Axat8xZt8o}j[j@bHjt.TWVWAW=V@xZf6WVoJbGjEj[jYn$WX','blurHashWidth':32}}",24,22.78,,,,,,,2,,,,Sunnyy D,,,,,,,,,,,,,,,,,,,,2025-04-12T23:07:46.977Z,2025-05-20T04:08:33.389Z
342,Sunny D Orange Strawberry 11.3oz,Jugos ,,"{'url':'bce15b12c187c25b0ecaefd002d5106937350fb372d104229b69bf1f842d6c36.png','size':205463,'width':500,'height':500,'filename':'26.png','metadata':{'width':500,'height':500,'blurHash':'e]Qv2mxat8xZtRo}j[oJa}js.mbFV@W=V@xYayWEoJWqjEj[aen$Wq','blurHashWidth':32}}",24,22.78,,,,,,,2,,,,Sunnyy D,,,,,,,,,,,,,,,,,,,,2025-04-12T23:07:11.376Z,2025-05-20T04:04:18.621Z
341,Sunny D Blue Rasperry 11.3oz,Jugos ,,"{'url':'a83269651787176c825e66e9e512dd0d111471bc09a5db20ded24e3d694c02a7.png','size':189933,'width':500,'height':500,'filename':'27.png','metadata':{'width':500,'height':500,'blurHash':'e?OgpTt8xtt6xtxtj[j[j@j[~VjYRkflRjt8ayaybHayadj]WXjra#','blurHashWidth':32}}",24,22.78,,,,,,,2,,,,Sunnyy D,,,,,,,,,,,,,,,,,,,,2025-04-12T23:06:38.871Z,2025-05-20T04:04:11.667Z
340,Nesquik Vainilla 14oz,Milkshakes,,"{'url':'e9ce7b5502b704897a6282fd03fe27731550945c8ea45e8d30a5bb0ff16a304e.png','size':96108,'width':500,'height':500,'filename':'22.png','metadata':{'width':500,'height':500,'blurHash':'ecSF;G%L?dxw9Yxva}j[ocWCxwa#M_obt8xvj@s,a#WEohf8W9j?og','blurHashWidth':32}}",12,30,,,,,,,1,,,,Nestle,,,,,,,,,,,,,,,,,,,,2025-04-12T23:04:06.624Z,2025-05-20T03:39:11.698Z
339,Nesquik Chocolate 14oz,Milkshakes,,"{'url':'f57eed2c8d1b872eb398b5b4810eb401bb48c418fc807a4d18070ceda1134509.png','size':96758,'width':500,'height':500,'filename':'23.png','metadata':{'width':500,'height':500,'blurHash':'ekSPRt%L?dt8D#xvfRfPoeayxwazM_oet8xbj[ofa#WBo#f8V?j?oh','blurHashWidth':32}}",12,30,,,,,,,1,,,,Nestle,,,,,,,,,,,,,,,,,,,,2025-04-12T23:03:45.325Z,2025-05-20T03:39:10.625Z
338,Nesquik Strawberry 14oz,Milkshakes,,"{'url':'294f9ea8dba0273b191a126806a9e7506cf94a2e45746fc175dd3f663fa7eb11.png','size':96092,'width':500,'height':500,'filename':'24.png','metadata':{'width':500,'height':500,'blurHash':'ejSY:L%L.At9I9xufRbGkBayxwazM_odt8xbj[kCa#aekXa#aJj?kE','blurHashWidth':32}}",12,30,,,,,,,1,,,,Nestle,,,,,,,,,,,,,,,,,,,,2025-04-12T23:01:32.338Z,2025-05-20T03:39:08.367Z
337,Nesquik Chocolate Chip Cookie 14oz,Milkshakes,,"{'url':'65aa30f9c6f010e04e3c591ecd8461ec4162bde60db9c14d7c1dd2ec8a4e1295.png','size':104603,'width':500,'height':500,'filename':'21.png','metadata':{'width':500,'height':500,'blurHash':'egSY?T%L.AxvI9%2juWrj[jYxwa#M_j?t8xuj[oda#WDt8azV?j?o#','blurHashWidth':32}}",12,30,,FALSE,FALSE,FALSE,,,1,,,,Nestle,,,,,,,,,,,,,,FALSE,,,,,,2025-04-12T23:00:52.011Z,2025-05-20T03:39:09.599Z
336,Kidsmania Mad Science,Candy + Toy,,"{'url':'f129ecd459fcdbb3fea7aa63e6c5da4a73bdd23ccd47e85c399cac86153f423f.png','size':187571,'width':500,'height':500,'filename':'20.png','metadata':{'width':500,'height':500,'blurHash':'eaRC*,tS_NxanOayt7%MM{M{?uxZMxS4Io-pWBNGozt7X8S2RPn$xu','blurHashWidth':32}}",12,19.99,,FALSE,FALSE,FALSE,,,,,,,Kidsmania,,,,,,,,,,,,,,FALSE,,,,,,2025-04-12T23:00:13.718Z,2025-05-20T04:58:44.438Z
335,Flix Candy Pop Ups Lollipop Collectables,Candy + Toy,,"{'url':'2d9b9fa9b11ee3cd16d082a147be268c0e6997a1476aa6a53df7e53f87e3e388.png','size':230756,'width':500,'height':500,'filename':'19.png','metadata':{'width':500,'height':500,'blurHash':'ejQ0N]x@_N%3xtV?oHt8WFoe_3jcD%W-Rj%Nb0bEobWCx]WEV@oyWB','blurHashWidth':32}}",12,33,,FALSE,FALSE,FALSE,,,,,,,Kidsmania,,,,,,,,,,,,,,FALSE,,,,,,2025-04-12T22:58:27.667Z,2025-05-20T04:58:54.800Z
334,Kisco Freezis Giant,Jelly,,"{'url':'dbdc9318115cf5b5d32823eb838d53d1b028581d63f438351a3a16191a94f1da.png','size':226647,'width':500,'height':500,'filename':'17.png','metadata':{'width':500,'height':500,'blurHash':'eVQm6b%f_4-p.7-oWXs:o0Si~qf9D%W;M{g4s,WFbI$x%gWERkkARQ','blurHashWidth':32}}",50,20,,,,,,,2,,,,Kisco,,,11.99,,,,,,,,,,,,,,,,,2025-04-12T22:55:13.758Z,2025-06-10T21:04:09.598Z
333,Amos Gummy Blocks,Jelly,,"{'url':'5365487dcdedb5dfae1732f426e0864940d21f089ef25c34050bbd826e6b51bd.png','size':261134,'width':500,'height':500,'filename':'12.png','metadata':{'width':500,'height':500,'blurHash':'etO4MKxu~pkV-oI{afxTf+kV-nnhNHX9NIwcn%bvShoLxvjaV?W;S#','blurHashWidth':32}}",12,39.75,,FALSE,FALSE,TRUE,,,,,,,Amos,,,,,,,,,,,,,,FALSE,,,,,,2025-04-12T01:19:23.629Z,2025-05-21T21:01:09.282Z
332,Amos Perlerz Peach,Jelly,,"{'url':'3f99b21ce9b357a0a69cdf5439716b72bf5fa1e27f46f4ea0ee56feb64473c75.png','size':223051,'width':500,'height':500,'filename':'11.png','metadata':{'width':500,'height':500,'blurHash':'e+R.Pms.*0x[p0s:adogoekCtkkCRQa#obxCn$X9WXjZo$jbWAbFa_','blurHashWidth':32}}",12,39.75,,FALSE,FALSE,FALSE,,,1,,,,Amos,,,,,,,,,,,,,,FALSE,,,,,,2025-04-12T01:18:42.586Z,2025-05-26T23:58:21.830Z
331,Amos Peelerz Mango ,Jelly,,"{'url':'2a1f010546ac0905736f6a7cc8d7786fb7c895f0adb89bea7da28a4fe7c49cbd.png','size':214926,'width':500,'height':500,'filename':'10.png','metadata':{'width':500,'height':500,'blurHash':'e@RVF2xZ%%bvtltMWVaiodj]xvahRjoejEwcn%X9W;kBo~bHaJn%ae','blurHashWidth':32}}",12,39.75,,FALSE,FALSE,FALSE,,,1,,,,Amos,,,,,,,,,,,,,,FALSE,,,,,,2025-04-12T01:17:04.578Z,2025-05-26T23:58:24.242Z
330,Vive 100 Ultra 473ml,Energy,,"{'url':'ee2935324e62e9166f285709807eedeaa83f2fe121beca2df0711b4f49702e6c.png','size':103137,'width':500,'height':500,'filename':'vivelata.png','metadata':{'width':500,'height':500,'blurHash':'eqR3QNxu~qt69Ft7j[ofjtWB%MayMxoft7tRj[offkWCxuayM{j[t7','blurHashWidth':32}}",24,48,,FALSE,FALSE,TRUE,,,15,,FALSE,,Vive 100,,,,,,,,,,,,,,FALSE,,,FALSE,,,2025-04-03T03:01:24.671Z,2025-07-28T22:43:41.938Z
329,Sweetarts Giant Chewy ,Candy,,"{'url':'69665c9e8dcb2ed55f27d986317baf10dbedd454cdf1c8bcadb029c154f3198f.png','size':120400,'width':500,'height':500,'filename':'229.png','metadata':{'width':500,'height':500,'blurHash':'emQ,2g-B.7pcx]oNjsofj[kB_MS}IUrrRP%fj]WBaxafjFnjf6X7Wr','blurHashWidth':32}}",36,37.99,,,,,,,1,,,,Sweetarts,,,,,,,,,,,,,,,,,,,,2025-04-03T02:45:59.871Z,2025-05-26T23:57:55.595Z
328,Laffy Taffy Cherry,Candy,,"{'url':'be69be84d759583668d928aae22a902d145805cd7811175e610d35ef0ec71fdb.png','size':193273,'width':500,'height':500,'filename':'236.png','metadata':{'width':500,'height':500,'blurHash':'ehRfFHxu.8x]ozt7RPoft7j[?^WBIBoLV@%Mx]WBRjWUaft7j[WBoz','blurHashWidth':32}}",24,14,,,,,,,1,,,,Laffy Taffy,,,,,,,,,,,,,,,,,,,,2025-04-03T02:44:20.797Z,2025-05-26T23:57:54.662Z
327,Laffy Taffy Mystery ,Candy,,"{'url':'82ec68a70bcec0ddbd0c46039ccd1b2946cb3ae89bb349a2ca866c626ab7b1d8.png','size':191335,'width':500,'height':500,'filename':'235.png','metadata':{'width':500,'height':500,'blurHash':'eXRMYs%2?v%gofoLM{t7t7j[~qWBD%ofWB?v%MM{RPWVWVt7ofRjof','blurHashWidth':32}}",24,14,,,,,,,1,,,,Laffy Taffy,,,,,,,,,,,,,,,,,,,,2025-04-03T02:43:54.361Z,2025-05-26T23:57:53.933Z
326,Laffy Taffy Sour Apple,Candy,,"{'url':'11c2252da7843798892c0beedb3ea5c17f801aa95c14f6912e1bf051e39fa424.png','size':198732,'width':500,'height':500,'filename':'233.png','metadata':{'width':500,'height':500,'blurHash':'eoQc-Xxu?Ixuogt7Rioft7j[^-WBITj[R%%M%3WBRjayWUs;jbWBs;','blurHashWidth':32}}",24,14,,,,,,,1,,,,Laffy Taffy,,,,,,,,,,,,,,,,,,,,2025-04-03T02:43:26.181Z,2025-05-26T23:57:53.303Z
325,Laffy Taffy Grape ,Candy,,"{'url':'67e85f2767c758d9f20c8404d4a3a3ddb16bf9b72d2f5ef7b670ccea09574dbb.png','size':214513,'width':500,'height':500,'filename':'234.png','metadata':{'width':500,'height':500,'blurHash':'enQJZdxu?ax[t7t7M|j[t7j[~pWBIBj[Rj%M%LWVRjayWCt7j@WBt7','blurHashWidth':32}}",24,14,,,,,,,1,,,,Laffy Taffy,,,,,,,,,,,,,,,,,,,,2025-04-03T02:43:04.045Z,2025-05-26T23:57:52.002Z
324,Mas Limon Lime 16.9oz,Aguas Frescas,,"{'url':'57c72b3f44078ddf257f49229230991d7d66c044c255bd47fd9cda0b2839ad9d.png','size':101207,'width':500,'height':500,'filename':'231.png','metadata':{'width':500,'height':500,'blurHash':'exRW0Txt?dxvD$-oj[NIa}s,x]fkM_ayt7bca|xZj[R*t8juRjayog','blurHashWidth':32}}",12,30,,,,,,,,,,,Más by Messi,,,,,,,,,,,,,,,,,,,,2025-04-03T02:41:56.242Z,2025-05-20T03:34:21.181Z
323,Mas Orange 16.9oz,Aguas Frescas,,"{'url':'3d888ecc49ec95956cfb5c132fd180d43f7050eb7dcbb6cf7ebc6f911322702f.png','size':95757,'width':500,'height':500,'filename':'230.png','metadata':{'width':500,'height':500,'blurHash':'e#Srffxa*0x]Mcxtj[WFfRj=tSfkROf6t7s;jtoyj[WBkXfkaJf6f,','blurHashWidth':32}}",12,30,,,,,,,,,,,Más by Messi,,,,,,,,,,,,,,,,,,,,2025-04-03T02:41:32.726Z,2025-05-20T03:34:22.681Z
322,Kinder Joy Girl 20g,Chocolate,,"{'url':'3b6d168d9b9674463ebc1114b959d8ce703367d42224f371b90d02bc49da1df1.png','size':308789,'width':500,'height':500,'filename':'225.png','metadata':{'width':500,'height':500,'blurHash':'enPYxP,s.SSx.8TcXlnjjFkC?^S~M{xHRP#=nObakBaxt,W=nOoJRj','blurHashWidth':32}}",24,48,,,,,,,12,,,,Kinder,,,,,,,,,,,,,,,,,,,,2025-04-03T02:40:23.277Z,2025-05-26T23:57:50.865Z
321,Kinder Joy Boy 20g,Chocolate,,"{'url':'85a3b2491710c34a7c7ab7c9a0b824be2c3343f3ebe1f51f104f5a52fff4b689.png','size':275336,'width':500,'height':500,'filename':'224.png','metadata':{'width':500,'height':500,'blurHash':'enP$q7-C?vS|%#S~kWjFjFoz?^S#IUspVr$Ri_oyk9axtlfPi_ayR*','blurHashWidth':32}}",24,48,,,,,,,12,,,,Kinder,,,,,,,,,,,,,,,,,,,,2025-04-03T02:39:49.749Z,2025-05-26T23:57:50.151Z
320,Nutella & Go 4ct,Chocolate,,"{'url':'b6fef83f4353704bd71ad25f85afa95fd37860a027eb8a07fd1735dcfeaef51e.png','size':173234,'width':500,'height':500,'filename':'228.png','metadata':{'width':500,'height':500,'blurHash':'ezR2}Yxax]oLxut7f6fkj[jZ?^bbRPozRQ%MkCf6jabHMxaebHjZof','blurHashWidth':32}}",6,32.99,,,,,,,4,,,,Kinder,,,,,,,,,,,,,,,,,,,,2025-04-03T02:39:08.850Z,2025-05-26T23:57:49.381Z
319,Nutella & Go Pretzel 1.9oz,Chocolate,,"{'url':'ba6480dcdf6aaed4dded587c0ed65feb009648f2d52b190fab4456735cf53907.png','size':131078,'width':500,'height':500,'filename':'227.png','metadata':{'width':500,'height':500,'blurHash':'eVRV^Lxv_N-;aj%0a$ozocR._3ozD%V@W;pJocnhRmt2%Nn#M|W?ng','blurHashWidth':32}}",16,23.99,,,,,,,3,,,,Kinder,,,,,,,,,,,,,,,,,,,,2025-04-03T02:38:01.724Z,2025-05-26T23:57:46.948Z
318,Nutella & Go 1.8oz,Chocolate,,"{'url':'2c8bd0d181bdd40ce3b2f491792df2734f5a89d9ee3968534ca400384ebf8c56.png','size':180100,'width':500,'height':500,'filename':'226.png','metadata':{'width':500,'height':500,'blurHash':'eZRVz#t8?v%Mx]oIWBt7j[of?^ofMxkCM_-;oykBj[Rit7f6Rjaeoy','blurHashWidth':32}}",16,23.99,,,,,,,5,,,,Kinder,,,,,,,,,,,,,,,,,,,,2025-04-03T02:37:29.579Z,2025-05-26T23:57:45.957Z
317,El Encanto Miel Natural,Grocery,,"{'url':'a7311eb99ceada188ffe2effffbd322794fce121993f2014789e6b263fc11ec3.png','size':135111,'width':500,'height':500,'filename':'223.png','metadata':{'width':500,'height':500,'blurHash':'egSYz0%M.Tt7I9x^jsn#kCWYx^ayR5j[oz%Lj[R-jZs.R+ayodj[W=','blurHashWidth':32}}",1,10,,,,FALSE,,,,,,,El Encanto,,,,,,,,,,,,,,,,,TRUE,,,2025-04-03T02:36:03.494Z,2025-06-19T04:45:56.868Z
316,Axxion Plain 8.75 / 22ct,Disposable,FALSE,"{'url':'31d985f732cc95218f6da8f46fb52ba9c2805f3588a49edabd63bae08499adf0.png','size':189579,'width':500,'height':500,'filename':'78.png','metadata':{'width':500,'height':500,'blurHash':'elQTJs%N^,xtoztQjbogj[jZ^-WAIna#RP-XbFR$j]W;bVbIV_oeog','blurHashWidth':32}}",24,60,,FALSE,FALSE,FALSE,,,,,TRUE,55,Axxion,,,,,,,,,,,,,,FALSE,,,FALSE,,,2025-04-01T21:16:38.578Z,2025-10-07T19:34:00.218Z
315,Axxion Compartment 8.75/ 22ct,Disposable,FALSE,"{'url':'4e6236f30b619bd7016e49795644407e91fc728ac419dab04ed88c0c1e2afb61.png','size':191271,'width':500,'height':500,'filename':'77.png','metadata':{'width':500,'height':500,'blurHash':'ehQJfr%M_2%2ozo#fQt6j[f7~pjFD*WVRP?GjsM~j]WURQW;j?oKkW','blurHashWidth':32}}",24,60,,FALSE,FALSE,FALSE,,,,,TRUE,55,Axxion,,,,,,,,,,,,,,FALSE,,,FALSE,,,2025-04-01T21:16:10.114Z,2025-10-07T19:34:06.339Z
314,Axxion Bowl 24oz /10ct,Disposable,FALSE,"{'url':'75349f934a2b763398b8f47faa2114d3d811f9a396453d6d71c2f53b6be8727c.png','size':191713,'width':500,'height':500,'filename':'big bowl.png','metadata':{'width':500,'height':500,'blurHash':'edRfOYx]?w%2of%3azk9ofae?wjZMdbHRj%eoLV[ayf,WGbHW9jZof','blurHashWidth':32}}",48,60,,FALSE,FALSE,FALSE,,,,,TRUE,55,Axxion,,,,,,,,,,,,,,FALSE,,,FALSE,,,2025-04-01T21:15:11.621Z,2025-10-07T19:34:12.783Z
313,Repone Suero Watermelon 33.8oz,Sueros,FALSE,"{'url':'e9677034d2badb506979a368958e011a7f7be284e1fd67f4b180491a59037cfb.png','size':118804,'width':500,'height':500,'filename':'83.png','metadata':{'width':500,'height':500,'blurHash':'e%RojWs:?^x]IAozazs.oLWCtlj[RPaxkCt7jtofj[WBpIfka0f5bb','blurHashWidth':32}}",8,37,,FALSE,FALSE,FALSE,,,3,,FALSE,,Repone,,,,,,,,,,,,,,FALSE,,,FALSE,,,2025-04-01T21:13:38.099Z,2025-10-07T19:48:33.401Z
312,Repone Suero Strawberry 33.8oz,Sueros,FALSE,"{'url':'f1c55bf32f0ef49004e5b71a3db8217b04af32154d49c88029fcf86547157f9f.png','size':126250,'width':500,'height':500,'filename':'84.png','metadata':{'width':500,'height':500,'blurHash':'ewRyEMxa?^xuMdt8ayoekCWCtla|ROj[bbtRj[jYjZazpIj[VsaekW','blurHashWidth':32}}",8,37,,FALSE,FALSE,FALSE,,,,,FALSE,,Repone,,,,,,,,,,,,,,FALSE,,,FALSE,,,2025-04-01T21:13:15.714Z,2025-10-07T19:48:40.996Z
311,Repone Suero Pineapple 33.8oz,Sueros,FALSE,"{'url':'4af70f209f2982012a865f1c5199ca6519bac82c5fff97e5263bca6071090587.png','size':150425,'width':500,'height':500,'filename':'80.png','metadata':{'width':500,'height':500,'blurHash':'e%RCxgt6?wx]ITtRj[oIjsWCt8fkV@jZbHt7fPofj]WBtSj]Rhaxj]','blurHashWidth':32}}",8,37,,FALSE,FALSE,FALSE,,,3,,FALSE,,Repone,,,,,,,,,,,,,,FALSE,,,FALSE,,,2025-04-01T21:12:49.656Z,2025-10-07T19:48:47.029Z
310,Repone Suero Mango 33.8oz,Sueros,FALSE,"{'url':'524dbd79d2a695c10cddce53bb0ad423e69d8781c877e88193e8b0d768f4fe9a.png','size':123590,'width':500,'height':500,'filename':'79.png','metadata':{'width':500,'height':500,'blurHash':'e+R..Bt7.TxuMwt8fQoej[WBxuj[Rjayj?t7j[off6WBXUfkngjZbI','blurHashWidth':32}}",8,37,,FALSE,FALSE,FALSE,,,2,,FALSE,,Repone,,,,,,,,,,,,,,FALSE,,,FALSE,,,2025-04-01T21:12:27.485Z,2025-10-07T19:48:53.573Z
309,Repone Suero Grape 33.8oz,Sueros,FALSE,"{'url':'5bb4e570e8c2f466b87cbc1245365b547e1026c9868b624515ee7f3cff4683ee.png','size':129634,'width':500,'height':500,'filename':'77.png','metadata':{'width':500,'height':500,'blurHash':'eyQm0Mxu_NxuD%xufQWVj[e.xufQM|fQoL%2j[WVf6e.%MfQM{fRt7','blurHashWidth':32}}",8,37,,FALSE,FALSE,FALSE,,,3,,FALSE,,Repone,,,,,,,,,,,,,,FALSE,,,FALSE,,,2025-04-01T21:12:06.496Z,2025-10-07T19:49:07.194Z
308,Repone Suero Fruit 33.8oz,Sueros,FALSE,"{'url':'e9677034d2badb506979a368958e011a7f7be284e1fd67f4b180491a59037cfb.png','size':118804,'width':500,'height':500,'filename':'83.png','metadata':{'width':500,'height':500,'blurHash':'e%RojWs:?^x]IAozazs.oLWCtlj[RPaxkCt7jtofj[WBpIfka0f5bb','blurHashWidth':32}}",8,37,,FALSE,FALSE,FALSE,,,,,FALSE,,Repone,,,,,,,,,,,,,,FALSE,,,FALSE,,,2025-04-01T21:11:38.029Z,2025-10-07T19:49:15.645Z
307,Repone Suero Coconut 33.8oz,Sueros,FALSE,"{'url':'6cc3b2b166f701bdcddd24b1e066d8b9ea6e56c7322b4aec968c29384ec55c72.png','size':110385,'width':500,'height':500,'filename':'82.png','metadata':{'width':500,'height':500,'blurHash':'epQ,E.t7~q%gD%tRfRoej[WBxvj[RPaekCt7ayogofV@x]j[M{axkC','blurHashWidth':32}}",8,37,,FALSE,FALSE,FALSE,,,1,,FALSE,,Repone,,,,,,,,,,,,,,FALSE,,,FALSE,,,2025-04-01T21:10:47.312Z,2025-10-07T19:49:22.418Z
306,Repone Suero Apple 33.8oz,Sueros,FALSE,"{'url':'b5d14062123676345305a778327e1f8beda881e28b131ab4fdc30af706e3e5d7.png','size':171464,'width':500,'height':500,'filename':'78.png','metadata':{'width':500,'height':500,'blurHash':'e%QcYaoe_N%MM_%2jsWVkCaexuj[RjayWBxufkjYjsWVtSj[V?aybI','blurHashWidth':32}}",8,37,,FALSE,FALSE,FALSE,,,3,,FALSE,,Repone,,,,,,,,,,,,,,FALSE,,,FALSE,,,2025-04-01T21:10:11.810Z,2025-10-07T19:49:29.423Z
305,Jarritos Spicy Lolipop 19ct,Mexican Candy,FALSE,"{'url':'31328c883eeceb959d981cf03e862c9f4d10410b64d5310a53e697a6e1ce99c0.png','size':150770,'width':500,'height':500,'filename':'75.png','metadata':{'width':500,'height':500,'blurHash':'e%R{e}xttAxbo~xafRj[j@az%%a#Rhj@V?xuj[aya#j[jIj?kBa#fi','blurHashWidth':32}}",12,29.99,,FALSE,FALSE,TRUE,,,,,FALSE,,Jarritos,,,,,,,,,,,,,,FALSE,,,FALSE,,,2025-04-01T21:08:54.912Z,2025-10-07T21:33:29.736Z
304,Jarrritos Lolipop 19ct,Mexican Candy,FALSE,"{'url':'8ced4131df80e0168ba554f56be0ad455849b0afecd20140184d4870df475ba5.png','size':148528,'width':500,'height':500,'filename':'76.png','metadata':{'width':500,'height':500,'blurHash':'e%Qvw9tQ-Xxbxwxuj[f7fPay?djbNEbGRit8fPfPj[j[s;bGW.jZay','blurHashWidth':32}}",12,29.99,,FALSE,FALSE,TRUE,,,,,FALSE,,Jarritos,,,,,,,,,,,,,,FALSE,,,FALSE,,,2025-04-01T21:08:16.981Z,2025-10-07T21:33:36.905Z
303,Jarritos Sour Gummies 8oz,Jelly,FALSE,"{'url':'18487f386daecf577176849e34de55be8521ae85be611a529ad470d9e403b0f8.png','size':158684,'width':500,'height':500,'filename':'sourgummies.png','metadata':{'width':500,'height':500,'blurHash':'e=Ro{4t7%jxub1tQa}jbj?a#XTfRi_fQoct7j@j[a#j?o$j[W9ayj?','blurHashWidth':32}}",12,29,,FALSE,FALSE,FALSE,,,3,,FALSE,,Jarritos,,,,,,,,,,,,,,FALSE,,,FALSE,,,2025-04-01T21:07:37.581Z,2025-10-07T21:15:41.741Z
302,Jarritos Gummies 8oz,Jelly,FALSE,"{'url':'d161189f8ee1e532e2524abb8b8b8fc7d6a0862be0f83aa351f17525029cd371.png','size':137164,'width':500,'height':500,'filename':'74.png','metadata':{'width':500,'height':500,'blurHash':'e,Q,Ent7?dxus;s.juofj?j]$,juNYjsW;snjskDfkbFxvj[Riayax','blurHashWidth':32}}",12,29,,FALSE,FALSE,FALSE,,,1,,FALSE,,Jarritos,,,,,,,,,,,,,,FALSE,,,FALSE,,,2025-04-01T21:07:08.955Z,2025-10-07T21:15:50.101Z
301,Yogo Vera Strawberry 1.5lt,Aloe Vera,FALSE,"{'url':'2b6fa4075c069effb1238e7c09887c6ed831f25d184d21432bd9d8802ed88294.png','size':76295,'width':500,'height':500,'filename':'64.png','metadata':{'width':500,'height':500,'blurHash':'eTSiT^-p?^%MDO-;j[Rjj[ozx]a{ROj[tR%gj[aejakCozf6V@j[oz','blurHashWidth':32}}",12,38,,FALSE,FALSE,FALSE,,,4,,TRUE,29.99,Yogo Vera,,,,,,,,,,,,,,FALSE,,,FALSE,,,2025-04-01T21:05:06.654Z,2025-10-07T20:20:37.832Z
300,Yogo Vera Pineapple 1.5lt,Aloe Vera,FALSE,"{'url':'25215890d0693f2e5898372fb1803e2ddc1e03f3e721b588199325ab5df5a58a.png','size':87105,'width':500,'height':500,'filename':'65.png','metadata':{'width':500,'height':500,'blurHash':'emS$M$xu*0xuMIx]j[aKj[f,o~fQVrjuo#%2j[R+j[oebvfQi_a|bc','blurHashWidth':32}}",12,38,,FALSE,FALSE,FALSE,,,4,,TRUE,29.99,Yogo Vera,,,,,,,,,,,,,,FALSE,,,FALSE,,,2025-04-01T21:04:30.356Z,2025-10-07T20:20:46.229Z
299,Yogo Vera Peach 1.5lt,Aloe Vera,FALSE,"{'url':'396c311afe08b1f0da55e6cae0e5c56a9616971b4beeca9ed7190d502ab3a219.png','size':68314,'width':500,'height':500,'filename':'63.png','metadata':{'width':500,'height':500,'blurHash':'ePSr[p-;?^-;DO.8j[Rij[oztlfkR6f6o}-;j[epjubat8ayRij[oz','blurHashWidth':32}}",12,38,,FALSE,FALSE,FALSE,,,4,,TRUE,29.99,Yogo Vera,,,,,,,,,,,,,,FALSE,,,FALSE,,,2025-04-01T21:03:53.537Z,2025-10-07T20:20:55.245Z
298,Yogo Vera Melon 1.5lt,Aloe Vera,FALSE,"{'url':'ea9cc0ca5ce9c419f850dc807d0a810ab1b387487bb30e097b6c170f882c9ba0.png','size':88160,'width':500,'height':500,'filename':'66.png','metadata':{'width':500,'height':500,'blurHash':'ekS6Vsxu?KxuD}%Nj[W9j[ogxcfRNFf6t8%Lj[R+fkofogjtWAayoN','blurHashWidth':32}}",12,38,,FALSE,FALSE,FALSE,,,4,,TRUE,29.99,Yogo Vera,,,,,,,,,,,,,,FALSE,,,FALSE,,,2025-04-01T21:03:08.103Z,2025-10-07T20:21:05.465Z
297,Yogo Vera Mango 1.5lt,Aloe Vera,FALSE,"{'url':'7aa4b386408ed736bc891a7b78a39bbfb7731300147afc25b4c5091b89d7dd27.png','size':89525,'width':500,'height':500,'filename':'67.png','metadata':{'width':500,'height':500,'blurHash':'ejS=-bxuysxuMI%NfkV?j[kDpIa{Vrjukq%Lj[WCj[kBj^fQawfkj]','blurHashWidth':32}}",12,38,,FALSE,FALSE,FALSE,,,4,,TRUE,29.99,Yogo Vera,,,,,,,,,,,,,,FALSE,,,FALSE,,,2025-04-01T21:02:36.813Z,2025-10-07T20:21:12.112Z
296,Yogo Vera Strawberry 16.9oz,Aloe Vera,FALSE,"{'url':'b44932cbdc3fbc9d2271378053f4542dd2cd1a450c54cd7c9dfa8d57ba783d5c.png','size':91277,'width':500,'height':500,'filename':'73.png','metadata':{'width':500,'height':500,'blurHash':'eVSY%E%M?^%gDP-;j[V[j[kBx^fkMxe.tR%Nj[bDjajvk9fQahazkA','blurHashWidth':32}}",20,30.5,,FALSE,FALSE,FALSE,,,5,,FALSE,,Yogo Vera,,,,,,,,,,,,,,FALSE,,,FALSE,,,2025-04-01T21:02:00.464Z,2025-10-07T20:21:20.243Z
295,Yogo Vera Pineapple 16.9oz,Aloe Vera,FALSE,"{'url':'cd680f5b5ef211380e5573e052ea8f681621fa52c6e3c45f54f569eaf50dd70a.png','size':86863,'width':500,'height':500,'filename':'68.png','metadata':{'width':500,'height':500,'blurHash':'ehSPOnxu?d%MD#%Mj[WAfQkCxvfkROf6t8xufQofj[aeo#fkV?ayog','blurHashWidth':32}}",20,30.5,,FALSE,FALSE,FALSE,,,5,,FALSE,,Yogo Vera,,,,,,,,,,,,,,FALSE,,,FALSE,,,2025-04-01T21:01:28.204Z,2025-10-07T20:21:39.369Z
294,Yogo Vera Peach 16.9oz,Aloe Vera,FALSE,"{'url':'0f4a0461da152da154e574e3bbf1c3e07c5c60053ab7d7b3200d179ad8dc59b5.png','size':95278,'width':500,'height':500,'filename':'71.png','metadata':{'width':500,'height':500,'blurHash':'ehS~L?%MysxtQlyDjuenj[bcpIayVYj[kqxuj[f+jue.X9f6nhfkX9','blurHashWidth':32}}",20,30.5,,FALSE,FALSE,FALSE,,,5,,FALSE,,Yogo Vera,,,,,,,,,,,,,,FALSE,,,FALSE,,,2025-04-01T21:00:59.873Z,2025-10-07T20:21:50.803Z
293,Yogo Vera Melon 16.9oz,Aloe Vera,FALSE,"{'url':'61c1daf08c64f45d61ef8c2f25caf5ef89d5abf3a748dee5d12347ee6e89cd69.png','size':90392,'width':500,'height':500,'filename':'72.png','metadata':{'width':500,'height':500,'blurHash':'ehR:Wlxu^n%M9q%Mj[WTfPjcxcjtNEa{s=x[j@aij[j?sXfRSJa{o4','blurHashWidth':32}}",20,30.5,,FALSE,FALSE,FALSE,,,5,,FALSE,,Yogo Vera,,,,,,,,,,,,,,FALSE,,,FALSE,,,2025-04-01T21:00:32.429Z,2025-10-07T20:22:00.504Z
292,Yogo Vera Mango 16.9oz,Aloe Vera,FALSE,"{'url':'67c14d18f2a3d66e5e79a0d8936bdd5672c083d06130247d4b959d4e609a8e75.png','size':90442,'width':500,'height':500,'filename':'70.png','metadata':{'width':500,'height':500,'blurHash':'eiSiQ$xu.AxuI8%Mj[adj[j]tSa{Vrjuo#xuj[j]j[a{ohfPWAa}og','blurHashWidth':32}}",20,30.5,,FALSE,FALSE,FALSE,,,3,,FALSE,,Yogo Vera,,,,,,,,,,,,,,FALSE,,,FALSE,,,2025-04-01T21:00:05.171Z,2025-10-07T20:22:09.943Z
291,Yogo Vera Coconut 16.9oz,Aloe Vera,FALSE,"{'url':'5e16fedb583b3a2439768d7bf712716264b1d8b754399e57a15ee762861b3258.png','size':99277,'width':500,'height':500,'filename':'69.png','metadata':{'width':500,'height':500,'blurHash':'eXSY:P%M?wxuDi-;j[Rjj[of%NayMxj]tR%Mj[j@j[a|V[fQoffRWB','blurHashWidth':32}}",20,30.5,,FALSE,FALSE,FALSE,,,4,,FALSE,,Yogo Vera,,,,,,,,,,,,,,FALSE,,,FALSE,,,2025-04-01T20:59:23.321Z,2025-10-07T20:22:19.471Z
290,Sabritas Peanuts Sal y Limon 7oz,Peanuts,,"{'url':'6e9186c4f73cb81513efdfa3d78fcb917684c559563c4633655289833ac65123.png','size':218335,'width':500,'height':500,'filename':'61.png','metadata':{'width':500,'height':500,'blurHash':'e?PGsatQ?dxb$,t6fikCjujctRf6V?fkbHowfRn,j?f*xujtV@ayR%','blurHashWidth':32}}",12,37,,,,,,,5,,,,Sabritas,,,,,,,,,,,,,,,,,,,,2025-04-01T20:57:50.834Z,2025-05-20T02:30:10.697Z
289,Sabritas Peanuts Chile y Limon 7oz,Peanuts,,"{'url':'1c0f76f2f668aee47405fe764df2b680ea8200dba4cc78112ea7f56e47f4e476.png','size':229881,'width':500,'height':500,'filename':'62.png','metadata':{'width':500,'height':500,'blurHash':'e[Q+1,xu.mt7tlxafQWoj[bItRayV@j[f6s:j[kCj@jZtlayRjj[e.','blurHashWidth':32}}",12,37,,,,,,,5,,,,Sabritas,,,,,,,,,,,,,,,,,,,,2025-04-01T20:57:17.464Z,2025-05-20T02:30:10.027Z
288,La Moderna Marias Rolls 4.94oz,Cookies,,"{'url':'3b5f7ceb9daf1ef1d5c94d18a39f041184412bfccf14bf3dfc1b45d8224f343f.png','size':116175,'width':500,'height':500,'filename':'60.png','metadata':{'width':500,'height':500,'blurHash':'erSO{%xut7xut7x[fkf6jtay.mX8V@jbV@ofj[j[bHoLH?n%ofj?of','blurHashWidth':32}}",20,15,,,,,,,5,,,,La Moderna,,,,,,,,,,,,,,,,,,,,2025-04-01T20:56:40.717Z,2025-05-26T23:57:38.330Z
287,La Moderna Malvavisco 14.7oz,Cookies,,"{'url':'6a6ce4316a2cff470be4aba0bc165b5a2835b6e003cf3ea10c04fc310be3d5b3.png','size':282109,'width':500,'height':500,'filename':'59.png','metadata':{'width':500,'height':500,'blurHash':'ekOzMkWYx]xv-;xaw_aeW;kC~ps.VsofM|tQOXofn%bG%gtQWVV[V@','blurHashWidth':32}}",10,38,,,,,,,5,,,,La Moderna,,,,,,,,,,,,,,,,,,,,2025-04-01T20:55:50.239Z,2025-05-26T23:57:36.077Z
286,La Moderna Grageas 14.11oz,Cookies,,"{'url':'0039e70d8a9a7567955dccd319935bd6e09a16f7facb2b24a7c78fc7808b285b.png','size':277046,'width':500,'height':500,'filename':'58.png','metadata':{'width':500,'height':500,'blurHash':'edPZcT%Ltm%g%fWZg4sRsRS$_NWWnNniRQ%gw@WsNzwH^*s-M|R*R%','blurHashWidth':32}}",12,34,,,,,,,5,,,,La Moderna,,,,,,,,,,,,,,,,,,,,2025-04-01T20:55:19.838Z,2025-05-26T23:57:35.038Z
285,Gamesa Saladitas 42ct,Cookies,,"{'url':'148c0bee389b928430185fde82e9af4172ce3bd198626e39b5349d502e93a1aa.png','size':179855,'width':500,'height':500,'filename':'57.png','metadata':{'width':500,'height':500,'blurHash':'ezP?%Uoz%Mt7xuxuofjsayj?~qs:M{oeRixaaxa}j]a#M{WCoJayj[','blurHashWidth':32}}",12,54,,,,,,,5,,,,Gamesa,,,,,,,,,,,,,,,,,,,,2025-04-01T20:54:23.383Z,2025-05-26T23:57:33.950Z
284,Gamesa Flor de Naranjo 20.3oz,Cookies,,"{'url':'68abfc056eb3cf3bcddd6ae0b6aa90904225c37f3db9e380cad45bdc112cfb47.png','size':255652,'width':500,'height':500,'filename':'56.png','metadata':{'width':500,'height':500,'blurHash':'e=Ro1:tRysxtx]t7j[j@a{fktmjZV?WVV@xafkW=jGn%tljZV?bHWB','blurHashWidth':32}}",12,56,,,,,,,5,,,,Gamesa,,,,,,,,,,,,,,,,,,,,2025-04-01T20:53:42.398Z,2025-05-26T23:57:33.078Z
283,Gamesa Emperador Combinado 14.3oz,Cookies,,"{'url':'625a5e57729f27d48828ce658ff4a60df76fee16f9b7ff154b2440069e9109ed.png','size':210468,'width':500,'height':500,'filename':'55.png','metadata':{'width':500,'height':500,'blurHash':'e:RVd]t7xvt7XTxaj]WWf6j@.Tj[M{oLn#t7jrs.j]WXW?oLs-WWWC','blurHashWidth':32}}",12,46,,FALSE,FALSE,FALSE,,,,,TRUE,39.99,Gamesa,,,,,,,,,,,,,,FALSE,,,,,,2025-04-01T20:53:11.688Z,2025-05-21T07:43:11.517Z
282,Gamesa Barra de Coco,Cookies,,"{'url':'97f982c161b12a54d50b721e2167d5538196a878214e3e60ac0325d6b91ef4a0.png','size':244579,'width':500,'height':500,'filename':'54.png','metadata':{'width':500,'height':500,'blurHash':'ewRoQjo#pLxt%gt7bcbIjYoe%%oJela#RP%1slj[WXWXx^j[V?fkWC','blurHashWidth':32}}",12,56,,,,,,,5,,,,Gamesa,,,,,,,,,,,,,,,,,,,,2025-04-01T20:52:06.170Z,2025-05-26T23:57:31.111Z
281,Gabriela Pink Guava Juice 490ml,Jugos ,,"{'url':'dfb474daa3ad91bc788001e1ab1b54e70317f35d4c176459492dc5d2c41a28d7.png','size':156124,'width':500,'height':500,'filename':'53.png','metadata':{'width':500,'height':500,'blurHash':'euSFO+x].moeQ-xvfjbDjuj]t8a{W9jbf9xsjuj^j@f5cDayiwkCXR','blurHashWidth':32}}",24,30,,,,,,,4,,,,Gabriela,,,,,,,,,,,,,,,,,,,,2025-04-01T20:51:01.966Z,2025-05-20T03:56:49.336Z
280,Gabriela Mixted Fruit Juice 490ml,Jugos ,,"{'url':'fbe59d1220df9f61acc75681dc04f80fc76198d14b5af9c618353623b0357616.png','size':148861,'width':500,'height':500,'filename':'52.png','metadata':{'width':500,'height':500,'blurHash':'e-R{b}xv.AsRMwxZj[bIbFj?o#jZWAbIj[t7bHofj[WBkXayaKj[kC','blurHashWidth':32}}",24,30,,,,,,,4,,,,Gabriela,,,,,,,,,,,,,,,,,,,,2025-04-01T20:50:31.821Z,2025-05-20T03:56:32.888Z
279,Gabriela Coconut Watermelon 490ml,Coconut Drinks,FALSE,"{'url':'d1ab84dae2b1d71966a65051199d3183a4b38bc2b968044814ec6a12dd70d59b.png','size':151138,'width':500,'height':500,'filename':'23.png','metadata':{'width':500,'height':500,'blurHash':'eyRW9mt7?d%MImouaysrkBX4t8j@RiWCoNxabFkCoMaetRj[RjWCof','blurHashWidth':32}}",24,30,,FALSE,FALSE,FALSE,,,3,,FALSE,,Gabriela,,,,,,,,,,,,,,FALSE,,,FALSE,,,2025-04-01T20:49:54.216Z,2025-10-07T20:23:38.315Z
278,Gabriela Coconut Water w/ Pulp 490ml,Coconut Drinks,FALSE,"{'url':'4a9e69684f2d9fc5a0e3589935d8f0002641da29c27b45d371d5675b6d83cd13.png','size':139983,'width':500,'height':500,'filename':'21.png','metadata':{'width':500,'height':500,'blurHash':'eiR3i.t7~X-;E0o}aysooeX8%2kCM{V@of%2j[W=jse.xuj[NFWBog','blurHashWidth':32}}",24,30,,FALSE,FALSE,FALSE,,,3,,FALSE,,Gabriela,,,,,,,,,,,,,,FALSE,,,FALSE,,,2025-04-01T20:49:26.710Z,2025-10-07T20:23:52.427Z
277,Gabriela Coconut Pineapple 490ml,Coconut Drinks,FALSE,"{'url':'5a41699b02b778300a483e905bbe0fb00af0b8dcf03c4457eeb08e6f11382ff0.png','size':155238,'width':500,'height':500,'filename':'22.png','metadata':{'width':500,'height':500,'blurHash':'exR{oVof.A-;RNxYf6bcj[n$tSoeRiWBj^tQfPo3j]WUtRj[RiWBog','blurHashWidth':32}}",24,30,,FALSE,FALSE,FALSE,,,4,,FALSE,,Gabriela,,,,,,,,,,,,,,FALSE,,,FALSE,,,2025-04-01T20:48:37.770Z,2025-10-07T20:24:03.444Z
276,Cuetara Tostas Crackers 10.6oz,Cookies,,"{'url':'52f3aeda263c97af06da501b74769806e70e001e5b95be9dd2ad60442a7a97f5.png','size':254043,'width':500,'height':500,'filename':'48.png','metadata':{'width':500,'height':500,'blurHash':'e:Rx4PxuysxutlsooLbbayj[X.n$i^WYnOspoKkVWXoJtlf6VtbHe.','blurHashWidth':32}}",22,12,,,,,,,5,,,,Cuetara,,,,,,,,,,,,,,,,,,,,2025-04-01T20:47:19.206Z,2025-05-26T23:57:30.159Z
275,Cuetara Saladas Crackers 45pk,Cookies,,"{'url':'0e7b9696473f69fb47d697faf659caf8b2a83833b6c6cd125143bbd8746362b8.png','size':200592,'width':500,'height':500,'filename':'47.png','metadata':{'width':500,'height':500,'blurHash':'ewQcYet7%1t7tRt9fRoIj[a{_NoeM}ofV@%Gj?R.f8jbM|a#oIaykB','blurHashWidth':32}}",12,39,,,,,,,5,,,,Cuetara,,,,,,,,,,,,,,,,,,,,2025-04-01T20:46:31.447Z,2025-05-26T23:57:29.087Z
274,Cuetara Recoco 19.05oz,Cookies,,"{'url':'9482f7d23ad00edd511b455cf97c021b625609d4addffc2ef8d7c7d9fe91271c.png','size':309377,'width':500,'height':500,'filename':'46.png','metadata':{'width':500,'height':500,'blurHash':'elP$s~yU-XxvyD$zbaWXaxbH.TR-RjnOV?Xmj[sCj]oK.9rZWTXSV@','blurHashWidth':32}}",12,30,,,,,,,5,,,,Cuetara,,,,,,,,,,,,,,,,,,,,2025-04-01T20:45:47.225Z,2025-05-26T23:57:27.343Z
273,Cuetara Mexicanas 14.28oz,Cookies,,"{'url':'ab50cba1a6757058028a3826f06f6dd2bfab012bedf5f90a7b9e2b519d281c20.png','size':287369,'width':500,'height':500,'filename':'45.png','metadata':{'width':500,'height':500,'blurHash':'e*P$dpb]-=$*yDt7n%kCX7fj?^sCM{SgRPt7bHayn%bHyDWWV@o1i_','blurHashWidth':32}}",14,27,,,,,,,5,,,,Cuetara,,,,,,,,,,,,,,,,,,,,2025-04-01T20:45:16.717Z,2025-05-26T23:57:26.036Z
272,Cuetara Diavolin 9.88oz,Cookies,,"{'url':'7380bbc7ebc6389b99b94f729df4e6f552ce8c8e88c09fe27ff96ea9ab177969.png','size':229376,'width':500,'height':500,'filename':'44.png','metadata':{'width':500,'height':500,'blurHash':'ekQ+]L%M.7xuyCt7RQoKtQbb_MV@MxbbRP%MtQWYRQjEotbIV|oKn$','blurHashWidth':32}}",12,30,,,,,,,5,,,,Cuetara,,,,,,,,,,,,,,,,,,,,2025-04-01T20:44:35.488Z,2025-05-26T23:57:24.743Z
271,Cuetara Chavalin 9.88oz,Cookies,,"{'url':'72bff50c98845e28de102a7e1f4a5020c1d13c501d6016a0d2a016ce22d8c350.png','size':235626,'width':500,'height':500,'filename':'43.png','metadata':{'width':500,'height':500,'blurHash':'e%Rxo:xGo~xuo}t7ofbHjsbH*JbbaJaeaKxuWVoLa$jYt3bbaibGf6','blurHashWidth':32}}",12,30,,,,,,,5,,,,Cuetara,,,,,,,,,,,,,,,,,,,,2025-04-01T20:44:05.644Z,2025-05-26T23:57:23.091Z
270,Cuetara Barquillo Stick 10.23oz,Cookies,,"{'url':'82e4175c09de3414a877c2ad148c745a785ce10ed16d0a81cd0be51d66cb6814.png','size':229537,'width':500,'height':500,'filename':'42.png','metadata':{'width':500,'height':500,'blurHash':'e#Pj7Iof~p%MWCs-f6kDkCjsxtj[Rka#WBo}fksljZWXx]fkRPjYa}','blurHashWidth':32}}",12,40,,,,,,,,,,,Cuetara,,,,,,,,,,,,,,,,,TRUE,,,2025-04-01T20:43:28.653Z,2025-05-26T23:57:18.601Z
269,Boing Tetra Mango 33.8oz,Jugos ,,"{'url':'84eb4a432350bef0dd463e19e202397d502b895ad93b5e0f0a116d0c34e79f41.png','size':159997,'width':500,'height':500,'filename':'41.png','metadata':{'width':500,'height':500,'blurHash':'e$R:A;xt.At8ISxuayjHofbFo#azV@oLbbxaj@j]bHf5t7j@Rjazof','blurHashWidth':32}}",12,30,,,,,,,4,,,,Boing,,,,,,,,,,,,,,,,,,,,2025-04-01T20:41:57.759Z,2025-05-20T03:46:59.333Z
268,Boing Glass Strawberry 11.8oz,Jugos De Vidrio,FALSE,"{'url':'ac8b527a0d45c19cbc2414e9000d4147c04d9b09a37f2e77a2d1c176591046b6.png','size':89721,'width':500,'height':500,'filename':'40.png','metadata':{'width':500,'height':500,'blurHash':'efS6DExu?^%M8_-qj[Rjj[ofxuj[RPayt7tRfkspj[SLozj[V@ayoz','blurHashWidth':32}}",24,36,,FALSE,FALSE,FALSE,,,4,,FALSE,,Boing,,,,,,,,,,,,,,FALSE,,,FALSE,,,2025-04-01T20:41:19.696Z,2025-10-07T20:14:34.769Z
267,Boing Glass Peach 11.8oz,Jugos De Vidrio,FALSE,"{'url':'66ddfba76469f8af49446e42baaa2433d9aeb13c9acf07fd01c1d9780f89e2ba.png','size':88052,'width':500,'height':500,'filename':'39.png','metadata':{'width':500,'height':500,'blurHash':'eeSFw:%M?wxuDO%gj[Rjj[ogxufQRifkt7tRj[s:j[S2ozj[V@ayoz','blurHashWidth':32}}",24,36,,FALSE,FALSE,FALSE,,,5,,FALSE,,Boing,,,,,,,,,,,,,,FALSE,,,FALSE,,,2025-04-01T20:40:52.487Z,2025-10-07T20:15:42.382Z
266,Boing Glass Mango 11.8oz,Jugos De Vidrio,FALSE,"{'url':'9fbf7c06e1f81f077f79a75d790f62638bcb3be25ebf5e0dd41e80b9263b987f.png','size':83687,'width':500,'height':500,'filename':'38.png','metadata':{'width':500,'height':500,'blurHash':'edSY:O%L.T%MDh-;j[Rjj[oztRfRRPf6t8t8j[xZj[Rko#j[V@ayoz','blurHashWidth':32}}",24,36,,FALSE,FALSE,FALSE,,,8,,FALSE,,Boing,,,,,,,,,,,,,,FALSE,,,FALSE,,,2025-04-01T20:40:25.165Z,2025-10-07T20:15:52.680Z
265,Boing Glass Guava 11.8oz,Jugos De Vidrio,FALSE,"{'url':'591ceefea34fdaafbb4e753ff61dd3dd2048ea3206bad535ef92d99d1e63d688.png','size':86463,'width':500,'height':500,'filename':'37.png','metadata':{'width':500,'height':500,'blurHash':'eaSPLj%M?^xuDO-;j[Rjj[s;xuayRPj[t8tRj[xHjuR*o}fkV@ayoz','blurHashWidth':32}}",24,36,,FALSE,FALSE,FALSE,,,9,,FALSE,,Boing,,,,,,,,,,,,,,FALSE,,,FALSE,,,2025-04-01T20:39:59.977Z,2025-10-07T20:16:02.182Z
264,Sabritas Original,Sabritas Regular,FALSE,"{'url':'cf18f56cfb449e431e87aec15865f3ef5e64012512d851105ea8090e0a9429de.png','size':153676,'width':500,'height':500,'filename':'original.png','metadata':{'width':500,'height':500,'blurHash':'e]SO]cxZ%%t8V?t6j@kCWXayo#fRV?jZogt6azj]j[j?tRfkV?f6j]','blurHashWidth':32}}",26,,Regular,FALSE,FALSE,FALSE,,,6,,FALSE,,Sabritas,,,48.1,,,,ernesto@mvicorp.net,,,Surtimex LLC,,,,FALSE,,,FALSE,,,2025-03-28T20:49:14.001Z,2025-10-07T01:34:46.547Z
263,Vive 100 Ultra 500ml,Energy,,"{'url':'98c209b185a0ad07c067115f0d31db13c2a335cdaa0ced5e9785563c0e60e506.png','size':90324,'width':500,'height':500,'filename':'viveUltra.png','metadata':{'width':500,'height':500,'blurHash':'ebRysg%M~qt74nxuj[offQWB%MayM_ofxu%Mj[azj[fPxuayM{j[xa','blurHashWidth':32}}",24,48,Medio Litro,FALSE,FALSE,TRUE,,,,,,,Vive 100,,,23,,,,ernesto@mvicorp.net,,,Surtimex LLC,,,,FALSE,,,,,,2025-03-28T20:17:45.994Z,2025-05-21T07:45:56.641Z
262,La Molienda Oblea Mini / Cajeta,Traditional Leche,,"{'url':'0bc070e922fe835bf9846a32af3d1eb635e78a5701ea29ba0afee1039cd45cb3.png','size':186995,'width':500,'height':500,'filename':'40.png','metadata':{'width':500,'height':500,'blurHash':'ewQJZTx]_Ns:V@tQj[j]ayay-;aeM_ofayt7j[oMa|a|x]f6M{fkkC','blurHashWidth':32}}",32,144,Regular,FALSE,FALSE,FALSE,,,,,,,La Molienda,,,84.5,,,,ernesto@mvicorp.net,,,Surtimex LLC,,,,FALSE,,,,,,2025-03-28T20:07:50.560Z,2025-05-25T05:40:25.911Z
261,La Molienda Rollo de Guayaba Natural ,Tradicional Guayaba,FALSE,"{'url':'8f3fafff72b97cb60fcf7f6de16b4b2a644689084ac50d081e9498d92fe2d20f.png','size':123714,'width':500,'height':500,'filename':'41.png','metadata':{'width':500,'height':500,'blurHash':'erRyd0%2tRxutRxuf6ayj[ay?wWXRij[Rit7kCj[jtj[DhoJt7ayt7','blurHashWidth':32}}",60,,Regular,FALSE,FALSE,FALSE,,,3,,FALSE,,La Molienda,,,54.7,,,,ernesto@mvicorp.net,,,Surtimex LLC,,,,FALSE,,,FALSE,,,2025-03-28T20:03:42.818Z,2025-10-08T23:10:26.565Z
260,La Molienda Rollo de Guayaba con Chile,Tradicional Guayaba,FALSE,"{'url':'60f8934a9c6bc97a768c7b64408bbdd7d2d80addefca26e68f9111214faace5e.png','size':101864,'width':500,'height':500,'filename':'42.png','metadata':{'width':500,'height':500,'blurHash':'efR{rm%2%MxutR%Mayayj[ay_NbHMxj?RPt7ofofaej[8_aexubHt8','blurHashWidth':32}}",60,,Regular,FALSE,FALSE,FALSE,,,4,,FALSE,,La Molienda,,,54.7,,,,ernesto@mvicorp.net,,,Surtimex LLC,,,,FALSE,,,FALSE,,,2025-03-28T20:02:38.839Z,2025-10-08T23:11:02.348Z
259,La Molienda Coco Pasas con Leche 80g,Tradicional Coco,FALSE,"{'url':'ab925b21d6ad35e60cef4b40717f88335faccb2f9db6a3ea0a1b2a7186b93329.png','size':124687,'width':500,'height':500,'filename':'46.png','metadata':{'width':500,'height':500,'blurHash':'epSiHdxuo~xutRx]fQayjuay*0a{VrayRPs:j]j[j[j[Mcf6kXj[t7','blurHashWidth':32}}",40,,Regular,FALSE,FALSE,FALSE,,,6,,FALSE,,La Molienda,,,38,,,,ernesto@mvicorp.net,,,Surtimex LLC,,,,FALSE,,,FALSE,,,2025-03-28T20:01:37.967Z,2025-10-08T23:02:02.413Z
258,La Molienda Ate de Membrillo ,Traditional Leche,,"{'url':'9b7384458e383439a481cac3fb9a1456e3c8a7bbb1114d53b62c06a0391fa322.png','size':168790,'width':500,'height':500,'filename':'21.png','metadata':{'width':500,'height':500,'blurHash':'ewQvj^xu_NxuIUxaj[bbfkae%MjtM{bHoftRfkjZj@bI%Mj[M_aeoz','blurHashWidth':32}}",48,100,Regular,FALSE,FALSE,FALSE,,,3,,FALSE,,La Molienda,,,51.6,,,,ernesto@mvicorp.net,,,Surtimex LLC,,,,FALSE,,,FALSE,,,2025-03-28T20:00:17.233Z,2025-07-28T18:24:56.141Z
257,La Molienda Granola con Nuez 454g,Traditional Leche,,"{'url':'6ad9d74da7dd8d46ef8f3ccb61166a03876fd29e26a9df58e7cec73dc840f708.png','size':139798,'width':500,'height':500,'filename':'Granola.png','metadata':{'width':500,'height':500,'blurHash':'egRyg8t7?w-;Mx%Nj@V?a#og%gofIURjt7t5a}t8oJWAtSj[Vsafbb','blurHashWidth':32}}",30,135,Regular,FALSE,FALSE,FALSE,,,3,,FALSE,,La Molienda,,,74,,,,ernesto@mvicorp.net,,,Surtimex LLC,,,,FALSE,,,,,,2025-03-28T19:57:57.787Z,2025-05-21T06:39:57.184Z
256,La Molienda Quesito de Leche,Traditional Leche,,"{'url':'6498ba5cbab02c78f4ff4fbd53a82ea8b527d3f3e93680fa00eae51cbb2f94e1.png','size':178461,'width':500,'height':500,'filename':'QuesitoLM.png','metadata':{'width':500,'height':500,'blurHash':'ezRe${xa*0xuo#xZfkbIjaj[*0flR5j[Vsxujtj]j[axo#fQRPf6kD','blurHashWidth':32}}",80,160,Regular,FALSE,FALSE,TRUE,,,9,,TRUE,155,La Molienda,,,86,,,,ernesto@mvicorp.net,,,Surtimex LLC,,,,FALSE,,,,,,2025-03-28T19:55:08.358Z,2025-05-21T21:25:07.037Z
255,La Molienda Mega Piña 90g,Tradicional Coco,FALSE,"{'url':'9a4423f072f30be456a6347afc3ccc0fee84b878d2b1eee972fcc090091ad351.png','size':137924,'width':500,'height':500,'filename':'47.png','metadata':{'width':500,'height':500,'blurHash':'e*R{S$t7o#xttRxuayf6j[ay.TkCV@a}RjsmkCflayj[H?aeozj@oz','blurHashWidth':32}}",72,,Regular,FALSE,FALSE,FALSE,,,6,,FALSE,,La Molienda,,,68,,,,ernesto@mvicorp.net,,,Surtimex LLC,,,,FALSE,,,FALSE,,,2025-03-28T19:54:04.680Z,2025-10-08T23:03:25.680Z
254,Takis Crisp Canister 5.5oz,Barcel Chicas,FALSE,"{'url':'dbde046a84924e041e0816b4cd687db7dd16ad4b3ee9d7279ecec110a34f1dd6.png','size':94361,'width':500,'height':500,'filename':'48.png','metadata':{'width':500,'height':500,'blurHash':'elRo{cxu_N%M8{tRj[n%j[W;tSfRRPfPt8%2j[Shfjn%x[j[MyaytQ','blurHashWidth':32}}",15,35.99,Regular,FALSE,FALSE,TRUE,,,15,,FALSE,,Barcel,,,34,,,,ernesto@mvicorp.net,,,Surtimex LLC,,,,FALSE,,,FALSE,,,2025-03-28T19:52:26.967Z,2025-10-07T18:09:55.099Z
253,Cheeto Poff,Sabritas Regular,FALSE,"{'url':'b77eb1108481fec9b01d457c4b3f246a09444b2c66fd86c349b3e7faad4aa127.png','size':183561,'width':500,'height':500,'filename':'poff.png','metadata':{'width':500,'height':500,'blurHash':'e@OzPrxu~ps:RPozfkofj?f6bwazemockDs;j[off8a$xtjsRja}oe','blurHashWidth':32}}",23,59.8,Regular,FALSE,FALSE,FALSE,,,,,FALSE,,Sabritas,,,42.55,,,,ernesto@mvicorp.net,,,Surtimex LLC,,,,FALSE,,,FALSE,,,2025-03-28T19:30:47.585Z,2025-10-07T01:30:46.150Z
252,Nestlé Media Crema 225g (Méx),Grocery,,"{'url':'d3986adb032869cc170f371d7866e1362b9a84b9f84291980dc30635879df9b1.png','size':224416,'width':500,'height':500,'filename':'21.png','metadata':{'width':500,'height':500,'blurHash':'eXQ0K;xv_N%2.7D+Rjxtozx[-:a_Rjj]Rk=]t7b_i_NI%gV[RPtQR*','blurHashWidth':32}}",24,48,,FALSE,FALSE,FALSE,,,6,,,,Nestle,,,,,,,,,,,,,,FALSE,,,,,,2025-03-27T03:48:19.723Z,2025-05-26T23:59:06.594Z
251,Boing Durazno 500ml Tetra ,Jugos ,,"{'url':'2fe89fd942d80adb7903b72c8a882160bb11132fc69e2bed8840e0b49909aa5f.png','size':148578,'width':500,'height':500,'filename':'17.png','metadata':{'width':500,'height':500,'blurHash':'ezRMME%M?wjrRiozj[s.WWWXt8jYW9W=a#xBj[XTbGjFt8WVWAoMj]','blurHashWidth':32}}",24,35,,FALSE,FALSE,FALSE,,,,,,,Boing,,,,,,,,,,,,,,FALSE,,,,,,2025-03-27T03:46:50.501Z,2025-05-20T03:45:54.932Z
250,Boing Mango 500ml Tetra,Jugos ,,"{'url':'6d88863aa27edecacbf0c8b8eb0a75960252440cc922a9074e833594a984a97b.png','size':172990,'width':500,'height':500,'filename':'18.png','metadata':{'width':500,'height':500,'blurHash':'e$RyQixu.ToyROtQfjn+j[WqtSbGaJf6W=wIj[XTbHnixuf6Rif+of','blurHashWidth':32}}",24,35,,FALSE,FALSE,FALSE,,,10,,,,Boing,,,,,,,,,,,,,,FALSE,,,,,,2025-03-27T03:46:09.759Z,2025-05-25T06:51:50.476Z
249,Boing Manzana 500ml Tetra,Jugos ,,"{'url':'6b3050f6af0591a5392b9be3be33eec0cf2891f731718f39fda0da01b3dd94c7.png','size':178252,'width':500,'height':500,'filename':'19.png','metadata':{'width':500,'height':500,'blurHash':'e%Ql|8xa_4xuRit7jtkCj[WXxbj[R%WVWEr?f6ozkBoJxujZRibHof','blurHashWidth':32}}",24,35,,FALSE,FALSE,FALSE,,,7,,,,Boing,,,,,,,,,,,,,,FALSE,,,,,,2025-03-27T03:42:08.123Z,2025-05-25T06:52:09.682Z
248,Frito Chorizo y Chipotle ,Sabritas Regular,FALSE,"{'url':'a4b766cb997f5523c4b2619afaa795a49175e585ea06047c651218b9e08d4777.png','size':161961,'width':500,'height':500,'filename':'20.png','metadata':{'width':500,'height':500,'blurHash':'e@Q08Zxu_Nt7Mxo2j[oza{jZtRayV?kBogWofQt7j[WVtRj[RjWVoL','blurHashWidth':32}}",20,52,Regular,FALSE,FALSE,FALSE,,,5,,FALSE,,Sabritas,,,37,,,,,,,,,,,FALSE,,,FALSE,,,2025-03-27T03:06:54.017Z,2025-10-07T01:33:36.284Z
247,Chocolate Carlos V 96ct,Chocolate,,"{'url':'17cd36ec1795e92aad5f4912cfdb781b887bcab88019972d77ffcfc02c85fab1.png','size':207616,'width':500,'height':500,'filename':'22.png','metadata':{'width':500,'height':500,'blurHash':'e$QIMWxt.mt7%gxGj[bbaebI%#WVRPofRjofj[ofjZoLyDjuRPayV@','blurHashWidth':32}}",96,60,,FALSE,FALSE,FALSE,,,3,,,,Nestle,,,,,,,,,,,,,,FALSE,,,,,,2025-03-25T03:53:15.347Z,2025-05-20T05:08:35.046Z
246,Diana Yucatekas ,Chips,,"{'url':'e518b13063dca60d920a6f45a02067dd4309fb2063b2e06d833e1eed8aa4f639.png','size':174814,'width':500,'height':500,'filename':'24.png','metadata':{'width':500,'height':500,'blurHash':'e;R.=Exa%%tRVrt6j]kCWBe:b^fka0f5kWt6j?kCbHf6t8fkW9f5oM','blurHashWidth':32}}",24,34.8,,FALSE,FALSE,FALSE,,,3,,,,Diana,,,,,,,,,,,,,,FALSE,,,,,,2025-03-25T03:51:05.392Z,2025-05-26T23:52:49.381Z
245,Zambos Originales 150g,Chips,,"{'url':'ae5e3a4bb959c4d3366b43452860bba069bfd5c45eabd13a2831569f7b1a0c00.png','size':170032,'width':500,'height':500,'filename':'21.png','metadata':{'width':500,'height':500,'blurHash':'e=PGmUxv_4s.ofofjaoff*j[oPaxR$kCofoef*ofjFbF%MayRPbHWU','blurHashWidth':32}}",24,70.8,,FALSE,FALSE,FALSE,,,5,,,,Zambos,,,,,,,,,,,,,,FALSE,,,,,,2025-03-25T03:47:50.717Z,2025-05-26T23:52:50.200Z
244,Zambos Picositas 150g,Chips,,"{'url':'ec49608f1eed4892ed6a64aa1b631232c2d8736b7776221068f71bd5378d3f2f.png','size':202499,'width':500,'height':500,'filename':'23.png','metadata':{'width':500,'height':500,'blurHash':'e=Q9o;tR?wxaxuxGj[bbbFj[%4n%NESNa{r?a|ozoLbHyCWVRPoLWB','blurHashWidth':32}}",24,70.8,,FALSE,FALSE,FALSE,,,2,,,,Zambos,,,,,,,,,,,,,,FALSE,,,,,,2025-03-25T03:46:49.216Z,2025-05-26T23:52:50.803Z
243,Zambos Ceviche 150g,Chips,,"{'url':'cd5787af0d2357c52f5d186070e0a9144cbdc380aa426f244aa0d4636343ddc0.png','size':199511,'width':500,'height':500,'filename':'22.png','metadata':{'width':500,'height':500,'blurHash':'ezP75.xv_4xaxtbGjut7bHoLxwe.RhbbofWFbHt6n%kB-:bFM|jaR%','blurHashWidth':32}}",24,70.8,,FALSE,FALSE,FALSE,,,4,,,,Zambos,,,,,,,,,,,,,,FALSE,,,,,,2025-03-25T03:45:39.498Z,2025-05-26T23:52:51.708Z
242,Jumex Durazno 413ml,Jugos De Vidrio,FALSE,"{'url':'d3be1d7f29f95142cf005037dbef540bd8d109bf002782c0fd4e5dd5cacf907c.png','size':102103,'width':500,'height':500,'filename':'20.png','metadata':{'width':500,'height':500,'blurHash':'enR{lT%M?wnhI9%LazWCj[j=%MWBIUoft7bdoLxWWXR.SjjZs7bISP','blurHashWidth':32}}",12,24,,FALSE,FALSE,FALSE,,,3,,FALSE,,Jumex,,,,,,,,,,,,,,FALSE,,,FALSE,,Jumex 2 cases,2025-03-25T03:43:08.468Z,2025-10-07T20:17:03.430Z
241,Manzelazo Cacahuate Japonés 148g,Peanuts,,"{'url':'3298523a34ec468ae7b07a120ab5d17d4bb305ac5ac627bea463f3179b8d0dfa.png','size':274326,'width':500,'height':500,'filename':'19.png','metadata':{'width':500,'height':500,'blurHash':'esPP[oxu~qtRtRs:WBayj[oz-=a}Mxf6adxvozofWBWA-;ayM{ofWB','blurHashWidth':32}}",10,17.99,,FALSE,FALSE,FALSE,,,29,,,,Manzela,,,,,,,,,,,,,,FALSE,,,,,,2025-03-25T03:36:27.874Z,2025-05-26T23:52:52.327Z
240,Taitto Cacahuate Japonez 1.76oz,Peanuts,,"{'url':'717df006ce346ec046752261c494bb7b1206b7c737b4d22cf19a192e14ff5106.png','size':249259,'width':500,'height':500,'filename':'20.png','metadata':{'width':500,'height':500,'blurHash':'eWP%L*D*_3-:-:WFIUj?%Mof~pxtIUogM|xuj@kCf8ogxuWWRkt6ay','blurHashWidth':32}}",50,25,,FALSE,FALSE,FALSE,,,5,,,,Taitto,,,,,,,,,,,,,,FALSE,,,,,,2025-03-25T03:32:48.886Z,2025-05-26T23:52:53.208Z
239,Churros Mexicanos Chile Y Limon 16oz,Churros,,"{'url':'f7d164b6e1a23a4554b318ccdb2087fbee83a53f3b57ea1e4721f15379aff253.png','size':206311,'width':500,'height':500,'filename':'19.png','metadata':{'width':500,'height':500,'blurHash':'e*Q]pDxa_4tRMwxaj[bHayjZx]j[M_axs;t7fQj[j[ayxvayRPj[og','blurHashWidth':32}}",20,91.5,,FALSE,FALSE,FALSE,,,,,,,El Super Leon ,,,,,,,,,,,,,,FALSE,,,,,,2025-03-25T03:30:15.028Z,2025-05-25T05:44:24.406Z
238,Churros Mexicanos Sal Y Limon 16oz,Churros,,"{'url':'16044e8bbdad647d370506b357dd6ee21db33c8bb6c474330d6f4e5021cd525e.png','size':199860,'width':500,'height':500,'filename':'18.png','metadata':{'width':500,'height':500,'blurHash':'e,Q]vQxu?wozMwxuazWCj[j?x]a}M_j?t7t7j[fkayf7xvayRPj[og','blurHashWidth':32}}",20,91.5,,FALSE,FALSE,FALSE,,,,,,,El Super Leon ,,,,,,,,,,,,,,FALSE,,,,,,2025-03-25T03:29:00.493Z,2025-05-25T06:02:05.671Z
237,Churros Mexicanos Naturales 16oz,Churros,,"{'url':'16044e8bbdad647d370506b357dd6ee21db33c8bb6c474330d6f4e5021cd525e.png','size':199860,'width':500,'height':500,'filename':'18.png','metadata':{'width':500,'height':500,'blurHash':'e,Q]vQxu?wozMwxuazWCj[j?x]a}M_j?t7t7j[fkayf7xvayRPj[og','blurHashWidth':32}}",20,91.5,,FALSE,FALSE,FALSE,,,3,,,,El Super Leon ,,,,,,,,,,,,,,FALSE,,,,,,2025-03-25T03:27:54.937Z,2025-05-25T02:52:54.244Z
236,Súper Churros Locos Chile y Limón 16oz,Churros,,"{'url':'da2909bae8785327aa62111752a36b74a73cbf7dbb07e98af08260d2391b9528.png','size':228564,'width':500,'height':500,'filename':'21.png','metadata':{'width':500,'height':500,'blurHash':'e?QcI]s:?wxuV@snjtg3fRaexvj]M{WBj]t7j[j]a{bFx]j[RPayfk','blurHashWidth':32}}",20,91.5,,FALSE,FALSE,FALSE,,,3,,,,El Super Leon ,,,,,,,,,,,,,,FALSE,,,,,,2025-03-25T03:25:56.345Z,2025-05-25T06:03:22.509Z
235,Súper Churros Locos Natural 16oz,Churros,,"{'url':'881049f049520770a1559f6213826a0b68d59edd957e3193a5d897c619b41f6f.png','size':221617,'width':500,'height':500,'filename':'22.png','metadata':{'width':500,'height':500,'blurHash':'e?P%Fboz_4xuWAoMa}oyj@a}%Nj[M_ayj]t7ayj[kBfjxvj[NFayj[','blurHashWidth':32}}",20,91.5,,FALSE,FALSE,FALSE,,,1,,,,El Super Leon ,,,,,,,,,,,,,,FALSE,,,,,,2025-03-25T03:24:01.432Z,2025-05-25T02:52:40.942Z
234,Electrolit Mora Azul,Sueros,FALSE,"{'url':'e36dd811bef10d40626349dc014d5f29ffff17576094cd9e9eece843c4c58cc9.png','size':134596,'width':500,'height':500,'filename':'Electrolit Mora Azul.png','metadata':{'width':500,'height':500,'blurHash':'ebRfkF%M~pxu9G%Mayn~ofR+ogayjrfkRl%MofjYWBWY%MayMykCt7','blurHashWidth':32}}",12,24,,FALSE,FALSE,FALSE,,,5,,FALSE,,Electrolit,,,17.5,,,,,,,,,,,FALSE,,,FALSE,,,2025-03-25T00:03:42.204Z,2025-10-07T19:46:56.460Z
233,Electrolit Naranja Mandarina,Sueros,FALSE,"{'url':'205263e5568c32e51830620565e279c7042009423e4c09eb50f1d21683e6da16.png','size':138090,'width':500,'height':500,'filename':'Electrolit Naranja Mandarina.png','metadata':{'width':500,'height':500,'blurHash':'ehSiHf%M.TxtMdtmjZs8kDR-j]aybFjuWBx^kCnhjEW?Xof6n3flXT','blurHashWidth':32}}",12,24,,FALSE,FALSE,FALSE,,,11,,FALSE,,Electrolit,,,,,,,,,,,,,,FALSE,,,FALSE,,,2025-03-25T00:03:08.417Z,2025-10-07T19:47:02.607Z
232,Electrolit Ponche de Frutas,Sueros,FALSE,"{'url':'135fb58b81a9365d305727bec30e2ee245e0b40d455cefa333d19aa69b0ddebb.png','size':148316,'width':500,'height':500,'filename':'Electrolit Ponche de Frutas.png','metadata':{'width':500,'height':500,'blurHash':'elS5^rxu?]xuIAtSf6s+kCR-kXf6jEfkWCtSkCs9aKWYpcayZ$kCgN','blurHashWidth':32}}",12,24,,FALSE,FALSE,FALSE,,,4,,FALSE,,Electrolit,,,,,,,,,,,,,,FALSE,,,FALSE,,,2025-03-25T00:02:31.233Z,2025-10-07T19:47:08.097Z
231,Electrolit Coco,Sueros,FALSE,"{'url':'00aa1b723381692237323b2da18d3f28d19c30eb15dd4ea753f3df0b56650dde.png','size':137779,'width':500,'height':500,'filename':'Electrolit Coco.png','metadata':{'width':500,'height':500,'blurHash':'eVR:KO%M~W%MD%xvazt3ofRkj^f7j;fkRl%NoMobWUWExcfQRifioN','blurHashWidth':32}}",12,24,,FALSE,FALSE,FALSE,,,5,,FALSE,,Electrolit,,,,,,,,,,,,,,FALSE,,,FALSE,,,2025-03-25T00:01:47.261Z,2025-10-07T19:47:16.681Z
230,Electrolit Horchata,Sueros,FALSE,"{'url':'d624d40a67e29a076bdd896791b0ec958991af4ee484e0c793e43af2856069dc.png','size':118272,'width':500,'height':500,'filename':'Electrolit Horchata.png','metadata':{'width':500,'height':500,'blurHash':'eNSF@T-;~p%M9Z%Nj[t3j]Rkogf6awbHRl%Nj[xYj[RlS5ays+j[R,','blurHashWidth':32}}",12,24,,FALSE,FALSE,FALSE,,,,,FALSE,,Electrolit,,,,,,,,,,,,,,FALSE,,,FALSE,,,2025-03-25T00:01:18.251Z,2025-10-07T19:47:23.865Z
229,Electrolit Fresa,Sueros,FALSE,"{'url':'9db64c47e4f189251eafce41418291d2b9134f1d83c1b8a5f2eb8160894a161f.png','size':176239,'width':500,'height':500,'filename':'Electrolit Fresa.png','metadata':{'width':500,'height':500,'blurHash':'epSO?ox].mxaIApIjFr=bvR+aKfkkWafV@t,kCn4eoX9XnjFn4bbX8','blurHashWidth':32}}",12,24,,FALSE,FALSE,FALSE,,,7,,FALSE,,Electrolit,,,,,,,,,,,,,,FALSE,,,FALSE,,,2025-03-25T00:00:38.087Z,2025-10-07T19:47:31.574Z
228,Electrolit Uva,Sueros,FALSE,"{'url':'a0c006470acdbdf1b845b5943732d1a49084112de016c3d46aa29f1c4fbfc795.png','size':149829,'width':500,'height':500,'filename':'Electrolit Uva.png','metadata':{'width':500,'height':500,'blurHash':'eiRMYw%M~pxuD%xvayoJofR+bIf6oIfRRl%MofadRkbI%fayIUoetR','blurHashWidth':32}}",12,24,,FALSE,FALSE,FALSE,,,20,,FALSE,,Electrolit,,,,,,,,,,,,,,FALSE,,,FALSE,,,2025-03-24T23:59:48.980Z,2025-10-07T19:47:38.958Z
227,Electrolit Manzana,Sueros,FALSE,"{'url':'1acbcbf9cca5cc3719be7cda1209d5fc25e3b1d1645f46e8016a7a385b0d1c12.png','size':133222,'width':500,'height':500,'filename':'Electrolit Manzana.png','metadata':{'width':500,'height':500,'blurHash':'eiSPFPxu.TxuIAx^jZs8kCR-jbfQf*fPV[x^kCngjEW?Xnf6nMflX9','blurHashWidth':32}}",12,24,,FALSE,FALSE,FALSE,,,7,,FALSE,,Electrolit,,,,,,,,,,,,,,FALSE,,,FALSE,,,2025-03-24T23:59:12.001Z,2025-10-07T19:47:45.366Z
226,Borrachin Cajeta 24ct,Mexican Candy,FALSE,"{'url':'80d9645d61122efb722f0028dec4f051f260c1d586bf017b586f339d96e84847.png','size':149267,'width':500,'height':500,'filename':'9.png','metadata':{'width':500,'height':500,'blurHash':'emS5|uxtyDx]t8%Mayazj[ay.TkDMxWAV@t7kCo0j[f+R4WAkWj]kD','blurHashWidth':32}}",20,80,,FALSE,FALSE,TRUE,,,,,FALSE,,La Coculense,,,,,,,,,,,,,,FALSE,,,FALSE,,,2025-03-23T06:15:02.477Z,2025-10-07T21:21:23.714Z
225,Borrachin Tequila 24ct,Mexican Candy,FALSE,"{'url':'4c2c0a8e3b12f700140554e6020fec8641df563103f633f3e2720c0aa9ef4924.png','size':163265,'width':500,'height':500,'filename':'8.png','metadata':{'width':500,'height':500,'blurHash':'eoRMSaxt-;xvo#%MfQWBfRay_4j]IUoIadf5j[ofj[f+MxWAozWCbI','blurHashWidth':32}}",20,80,,FALSE,FALSE,FALSE,,,3,,FALSE,,La Coculense,,,,,,,,,,,,,,FALSE,,,FALSE,,,2025-03-23T06:14:47.895Z,2025-10-07T21:21:29.025Z
224,Borrachin Rompope 24ct,Mexican Candy,FALSE,"{'url':'f10ecfce4a9614685ef85a96b934c16d80e4d385413c0c0a7250556e9127f3ef.png','size':164447,'width':500,'height':500,'filename':'10.png','metadata':{'width':500,'height':500,'blurHash':'ekSFqo%Ltmxut7%Mj[ayaxf6.TWCVroKV@oJf6jZkCWXVrjYf,WCfl','blurHashWidth':32}}",20,80,,FALSE,FALSE,TRUE,,,,,FALSE,,La Coculense,,,,,,,,,,,,,,FALSE,,,FALSE,,,2025-03-23T06:14:21.802Z,2025-10-07T21:21:35.197Z
223,Sweet Soaker,Candy + Toy,,"{'url':'f2e57f2b84396e1375a1286bb40f786213c20c82db4a1e07bfacfe013db18105.png','size':200749,'width':500,'height':500,'filename':'201.png','metadata':{'width':500,'height':500,'blurHash':'eiQ0XIkW_3?H%1x[NGWCxuof~qjZIAbHIpjGxtxtNGWXr?t7NbM|xa','blurHashWidth':32}}",12,24,,FALSE,FALSE,TRUE,,,12,,,,Kidsmania,,,,,,,,,,,,,,FALSE,,,,,,2025-03-22T04:21:09.367Z,2025-05-21T21:26:48.847Z
222,Bobo Lipsy Pop,Candy + Toy,,"{'url':'59e2a9ba4460dbf0bdd66f50548a414d3a51ed348530be1c8dd2b3141b68b085.png','size':144972,'width':500,'height':500,'filename':'202.png','metadata':{'width':500,'height':500,'blurHash':'eTRfUwpJ?v={tR?G%MR.IBf+_Mt6IAS5VtOuD*xW.7ad$*jFR+bIkB','blurHashWidth':32}}",20,25,,FALSE,FALSE,FALSE,,,20,,,,Cosby,,,,,,,,,,,,,,FALSE,,,,,,2025-03-22T04:19:47.534Z,2025-05-20T05:01:35.949Z
221,Nestlé Smarties 38g,Candy,,"{'url':'a1b7d0d0a8baf298b321703dcdf853d68fa61beec95576cc99a8c19f722ef7f3.png','size':189247,'width':500,'height':500,'filename':'204.png','metadata':{'width':500,'height':500,'blurHash':'eUPsx9M~~q-:-:D+IVxut6oJ_MfiD*ofRj_2xtM{WYog~p%1RPj]M|','blurHashWidth':32}}",24,34,,FALSE,FALSE,FALSE,,,22,,,,Nestle,,,,,,,,,,,,,,FALSE,,,,,,2025-03-22T04:18:36.005Z,2025-05-20T02:44:30.749Z
220,Coco Candy Burger Truck,Candy + Toy,,"{'url':'6510979410658cb700cbaf33c30d43c41ae42d6b828a1335caaaed492fee8031.png','size':175018,'width':500,'height':500,'filename':'205.png','metadata':{'width':500,'height':500,'blurHash':'edRMPQxZ_4%gW=xvxvt7MxRj?wkCIAjFae-pMxNG%Nt7xukCRiWAof','blurHashWidth':32}}",18,36,,FALSE,FALSE,FALSE,,,,,,,Cosby,,,,,,,,,,,,,,FALSE,,,,,,2025-03-22T04:16:58.978Z,2025-05-20T05:02:39.527Z
219,Cosby Candy Toys,Candy + Toy,,"{'url':'475b4a6d5a8a8fe74ef0450e44772bd9684c7c42a2454fbb3467eebb9777a275.png','size':170696,'width':500,'height':500,'filename':'206.png','metadata':{'width':500,'height':500,'blurHash':'ekR{Y}xu?^%MMy%MV@WVtRae%hjsMwa#ofoIozt8V?a#o#bHV@jFoe','blurHashWidth':32}}",12,36,,FALSE,FALSE,FALSE,,,16,,,,Cosby,,,,,,,,,,,,,,FALSE,,,,,,2025-03-22T04:15:24.135Z,2025-05-20T05:04:00.515Z
218,Totis Mini Mix ,Chips,,"{'url':'c1c7210613a28a7664a89b71863816cba8aa85a97d528c6bc97f78c3a2aeb32e.png','size':101713,'width':500,'height':500,'filename':'207.png','metadata':{'width':500,'height':500,'blurHash':'ecRpB@xu-q%MxutQj[ofayfQ~XogIUj@M{?IWVRjt7a}D$WBt7ayt8','blurHashWidth':32}}",30,30,,FALSE,FALSE,FALSE,,,6,,,,Totis,,,,,,,,,,,,,,FALSE,,,,,,2025-03-22T04:02:51.959Z,2025-05-20T02:44:32.629Z
217,Mazapán De La Rosa 50g,Mexican Candy,FALSE,"{'url':'82fd91347004d8d3e33c323ce1552ff30eaec8ec6c44c42674c67b9abf2b659f.png','size':112752,'width':500,'height':500,'filename':'208.png','metadata':{'width':500,'height':500,'blurHash':'enRyjCoz-=%1WFxZWBWDofog?wt6ITWFoI%ht7s.RkRiITWBt8oej]','blurHashWidth':32}}",20,8,,FALSE,FALSE,FALSE,,,32,,FALSE,,De la Rosa,,,,,,,,,,,,,,FALSE,,,FALSE,,,2025-03-22T04:01:58.453Z,2025-10-07T21:24:10.433Z
216,Drink N’ Joy ,Candy + Toy,,"{'url':'0f1ab6b1a66d4734ea97d23345aa41b2e51c543160e67e23677ebe9510a9362e.png','size':109441,'width':500,'height':500,'filename':'209.png','metadata':{'width':500,'height':500,'blurHash':'eOS6Mcxu~q_4Io?aV[NGtRt7_4t89FIUxuozt7%MRPM{jYa{W=jbnh','blurHashWidth':32}}",20,25,,FALSE,FALSE,FALSE,,,,,,,Cosby,,,,,,,,,,,,,,FALSE,,,,,,2025-03-22T04:00:56.852Z,2025-05-20T05:02:52.124Z
215,Halls Watermelon ,Breath,FALSE,"{'url':'fb301a8f5a6475dd392c505a3ec288d8219649d4e39260547af5c51f4889ee83.png','size':180934,'width':500,'height':500,'filename':'214.png','metadata':{'width':500,'height':500,'blurHash':'elP$OLxb?^tQ.RaKayozjtoz.mW.MxoMVssVjuoza{fQ.8ofRjbHRP','blurHashWidth':32}}",20,25,,FALSE,FALSE,FALSE,,,29,,FALSE,,Halls,,,,,,,,,,,,,,FALSE,,,FALSE,,,2025-03-22T03:58:12.315Z,2025-10-07T21:52:49.830Z
214,Halls Honey & Lemon,Breath,FALSE,"{'url':'2ceba3ff050dd5dbff389b58e795f507adc4305b8d614d3c9f640e06eca54774.png','size':233937,'width':500,'height':500,'filename':'213.png','metadata':{'width':500,'height':500,'blurHash':'evRf8%t6.AxutToLa#t7jsj]tmj]Ria}jE%0j?WYflfRx^j]VrayWC','blurHashWidth':32}}",20,25,,FALSE,FALSE,FALSE,,,23,,FALSE,,Halls,,,,,,,,,,,,,,FALSE,,,FALSE,,,2025-03-22T03:57:06.159Z,2025-10-07T21:52:54.810Z
213,Halls Yerbabuena ,Breath,FALSE,"{'url':'5948160c05f005ecb1ebdb97b44f8f1bb4180d2d1c96a71065a78160da51d3ff.png','size':169485,'width':500,'height':500,'filename':'212.png','metadata':{'width':500,'height':500,'blurHash':'evPjPxj[?Hxut7RjWBoffQof~qofIUafRj?bt7afofRjRjofafbFt7','blurHashWidth':32}}",12,20,,FALSE,FALSE,FALSE,,,80,,FALSE,,Halls,,,,,,,,,,,,,,FALSE,,,FALSE,,,2025-03-22T03:55:36.803Z,2025-10-07T21:52:59.898Z
212,Halls Extra Strong ,Breath,FALSE,"{'url':'74ef2c97abddedb1a9e9de7c6f1b1ab3cdf138939d5bae73e8c335b095003841.png','size':144299,'width':500,'height':500,'filename':'211.png','metadata':{'width':500,'height':500,'blurHash':'eqP?:hof?b%MxuRjWBt7j[of~qt7IUayM{_3t7WBofRjRjj[ayayt7','blurHashWidth':32}}",12,20,,FALSE,FALSE,FALSE,,,51,,FALSE,,Halls,,,,,,,,,,,,,,FALSE,,,FALSE,,,2025-03-22T03:53:25.909Z,2025-10-07T21:53:06.058Z
210,Halls Miel y Limón ,Breath,FALSE,"{'url':'c941efd08ceb00d234560017699db11c0eb6f80872a8eefb5b03c4c9ab87ea63.png','size':161318,'width':500,'height':500,'filename':'210.png','metadata':{'width':500,'height':500,'blurHash':'etRCxjt7%gxut8oIWCbIj[of_4j[MxoLRj-=ofoJayRjMxofofWVog','blurHashWidth':32}}",12,20,,FALSE,FALSE,FALSE,,,55,,FALSE,,Halls,,,,,,,,,,,,,,FALSE,,,FALSE,,,2025-03-22T03:49:33.978Z,2025-10-07T21:53:11.336Z
209,Chocolate Carlos V 18g,Chocolate,,"{'url':'43f101231a501186a684be120103bda64261091db9f82787dbbfe5f3f50218d1.png','size':132681,'width':500,'height':500,'filename':'215.png','metadata':{'width':500,'height':500,'blurHash':'eqR.+Axu%#xut7xFV@X8ozof?^aeMdofRjyDtRr?RPV@Mxozozaes:','blurHashWidth':32}}",32,24,,FALSE,FALSE,FALSE,,,8,,,,Nestle,,,,,,,,,,,,,,FALSE,,,,,,2025-03-22T03:46:33.704Z,2025-05-20T02:44:37.458Z
208,Charola Mixta ,Traditional Leche,,"{'url':'96de055a658abf20a7a1ecee83f3ac1697733b3e240e76435b1ad728c32bab67.png','size':173937,'width':500,'height':500,'filename':'la molienda charola mixt.png','metadata':{'width':500,'height':500,'blurHash':'evQ]sMt7-=xutRs:fQogj[fR_4ofITWCRi%Nj[RjayjsMxWCofj?kC','blurHashWidth':32}}",60,80,,FALSE,FALSE,FALSE,,,5,,,,La Molienda,,,,,,,,,,,,,,FALSE,,,,,,2025-03-22T03:44:47.487Z,2025-05-20T02:41:01.826Z
207,Nutella B Redy 132g,Chocolate,,"{'url':'7d71a23421440d9bb4f84654422cf6dd84879f8cfdabf25cced2309d4e9a2a0a.png','size':198131,'width':500,'height':500,'filename':'185.png','metadata':{'width':500,'height':500,'blurHash':'efRfUp%2.8x]xu%2j[WCofkC?^bIMxf5M{tSays:aeaeoLoLNGj[t7','blurHashWidth':32}}",16,67.12,,FALSE,FALSE,FALSE,,,9,,,,Kinder,,,,,,,,,,,,,,FALSE,,,,,,2025-03-20T04:11:42.914Z,2025-05-20T02:44:38.185Z
206,Whirly Lollipop w/ Stand,Candy,,"{'url':'c8ee6ad97c0e01d8622ab33a78ce54159e9d20e6b20f7b5efdf55936881a31e3.png','size':174976,'width':500,'height':500,'filename':'216.png','metadata':{'width':500,'height':500,'blurHash':'eoRyZ[t7?w-;IAs:ayt7ofaex^ofMxWBoz%Mj[aeWBWWj]fkaejZkC','blurHashWidth':32}}",100,60,,FALSE,FALSE,FALSE,,,,,,,Chupa Chups,,,,,,,,,,,,,,FALSE,,,,,,2025-03-20T04:10:22.071Z,2025-05-20T02:44:41.862Z
205,Nickelodeon Lollipop Display,Candy,,"{'url':'0b33753d6e6488dd9df2224cd98f7b524985bc1c210945768189fbf0afb74320.png','size':142195,'width':500,'height':500,'filename':'181.png','metadata':{'width':500,'height':500,'blurHash':'eiR{odxu?w%MDi%2j@S5j[s.xuf7M{fit8x]j@aefkbHx]j[M_ayt8','blurHashWidth':32}}",200,95,,FALSE,FALSE,FALSE,,,4,,,,Nickelodeon,,,,,,,,,,,,,,FALSE,,,,,,2025-03-20T04:07:53.676Z,2025-05-20T02:44:43.057Z
204,Chupa Chups Lollipop Display,Candy,,"{'url':'c3682f829ca59cca7d514418d5f77a36eb247f9c32217444e081a06e88c58e74.png','size':161112,'width':500,'height':500,'filename':'180.png','metadata':{'width':500,'height':500,'blurHash':'evR._dxt?wxvI9%2j[R-a}oI%Nj[Mxayt7t6j@ogj[ayo#fRV@f6oz','blurHashWidth':32}}",200,89.99,,FALSE,FALSE,FALSE,,,,,FALSE,,Chupa Chups,,,,,,,,,,,,,,FALSE,,,,,,2025-03-20T04:06:35.983Z,2025-05-25T01:16:05.172Z
203,Cosby Slam Dunk ,Candy + Toy,,"{'url':'ba0102649f01732823e507dead7d23fb5184baabdc074cf58e4e295012ea8086.png','size':250155,'width':500,'height':500,'filename':'187.png','metadata':{'width':500,'height':500,'blurHash':'eqRoZ|xY%$xvtSxuVsaeozbI*0bIR5ofVskAo#o#aen%t8j?WAWXkC','blurHashWidth':32}}",24,48,,FALSE,FALSE,FALSE,,,1,,FALSE,,Cosby,,,,,,,,,,,,,,FALSE,,,,,,2025-03-20T04:03:12.540Z,2025-05-25T01:15:48.923Z
202,Cosby Gum Jackpot,Candy + Toy,,"{'url':'df80a0a63f8313d9b25ddaa582978bbddca7fac002766a6e06cd61a329aeae36.png','size':230312,'width':500,'height':500,'filename':'186.png','metadata':{'width':500,'height':500,'blurHash':'egQS^=xr_4-qxvx[M_adx]o#_NWBIAbaNFs,%Mo#M{niWaofjXWBt7','blurHashWidth':32}}",12,24,,FALSE,FALSE,TRUE,,,50,,,,Cosby,,,,,,,,,,,,,,FALSE,,,,,,2025-03-20T04:01:27.081Z,2025-05-21T21:26:31.523Z
201,Cacahuate Quemado,Peanuts,,"{'url':'69acb9f60356becdcb7ab8dafd42d37f1689ba98b887a90a069c7b58d6fb188e.png','size':162058,'width':500,'height':500,'filename':'183.png','metadata':{'width':500,'height':500,'blurHash':'epS5|sxa.T%NR4-;j[M{ayoztmkCVYWAbwxtj[kCj@WBs:j[R*WUof','blurHashWidth':32}}",12,36,,FALSE,FALSE,TRUE,,,,,,,Mr. Happy Peanut,,,,,"{'url':'c28d7e4649f63bb61e995e912d8f34135e37635a5c695f9f0f634759800503d1.jpg','size':2972065,'width':4032,'height':3024,'filename':'image.jpg','metadata':{'width':4032,'height':3024,'blurHash':'eNHe5q9Z58%0g3~pW=WAozWU-;RjofRjof%1RkRjjFWBoLWBRkoJae','blurHashWidth':32}}",,,,,,,,,FALSE,,,,,,2025-03-20T03:58:42.718Z,2025-05-21T21:01:11.216Z
200,Kinder Schoko Bons 35g,Chocolate,,"{'url':'59115b42c0da495e93e4ab759322df46a3dae780d9aff454b68b0cd2685fe842.png','size':209243,'width':500,'height':500,'filename':'Kinder Schoko Bons.png','metadata':{'width':500,'height':500,'blurHash':'eVQ]j2xt.S%M%M%MV@bbayay_Nj]M{ofM{x]oznij[jZ%~ofMwV@V@','blurHashWidth':32}}",12,120,Regular,FALSE,FALSE,FALSE,,,,,,,Kinder,Cajas,,,,,,,,,,,,,FALSE,,,,,,2025-03-19T17:39:51.163Z,2025-05-20T02:44:44.510Z
199,Miguelito Bote,Mexican Candy,FALSE,"{'url':'7df3c7eb3924afc338ab3f940daeba8ceb7c5d276893ab21a6c646782ebd0190.png','size':138626,'width':500,'height':500,'filename':'Miguelito Polvo Bote.png','metadata':{'width':500,'height':500,'blurHash':'erR._gxu?^tRDit8j[s:azWBo#fRV?jZozt7a}ozoLWBo~a|VsjukW','blurHashWidth':32}}",12,90,Regular,FALSE,FALSE,FALSE,,,5,,FALSE,,Miguelito,,,,,,,,,,,,,,FALSE,,,FALSE,,,2025-03-19T17:37:35.277Z,2025-10-07T21:24:35.777Z
198,Botana Michoacana Churros,Churros,,"{'url':'0bd448e8bcc7f6db94fb0dc255848c1fd2ba19111945571ba016e737c11c096e.png','size':130242,'width':500,'height':500,'filename':'botanamichoacana.png','metadata':{'width':500,'height':500,'blurHash':'emRV^Js:_N.8Di%MofRjWBofxukCM{WAt7xuj[ofj[WBtRj]RPWBoz','blurHashWidth':32}}",20,68,Regular,FALSE,FALSE,FALSE,,,6,,FALSE,,Botanas Michoacanas,Cajas,,,,,,,,,,,,,FALSE,,,,,,2025-03-19T17:35:34.261Z,2025-05-21T07:49:30.694Z
197,Cry Baby's Surprise Ball,Candy + Toy,,"{'url':'e7f38edd28508b6945963cd5784321bd3eaefaea6e1169955d55950e09b4160e.png','size':120964,'width':500,'height':500,'filename':'8.png','metadata':{'width':500,'height':500,'blurHash':'eSSY%B%M?^%gMx-oaeXSt7jE?ckCD$aet7yDofsRR*a$buW:i_r@kW','blurHashWidth':32}}",36,150,,FALSE,FALSE,FALSE,,,,,,,Cry Baby's,,,,,,,,,,,,,,FALSE,,,,,,2025-03-18T20:26:12.338Z,2025-05-20T04:55:21.318Z
196,Kinder Delice 10ct,Chocolate,,"{'url':'96fc2f22d9fea850679d07888f2e0e10830f5f9182bd258110ebca73ed50c959.png','size':153971,'width':500,'height':500,'filename':'9.png','metadata':{'width':500,'height':500,'blurHash':'eiQ]pIxu_NxuoL%Mj[ayWBj[_NkCD%aeRja{oft7ayfkRjjZWBoftR','blurHashWidth':32}}",10,14,,FALSE,FALSE,FALSE,,,35,,,,Kinder,,,102,,,,,,,,,,,FALSE,,,,,,2025-03-18T20:21:27.121Z,2025-05-20T05:11:56.298Z
195,Churros El Japo ,Churros,,"{'url':'99b62595500f8f268577263ffe4dac6c6aafc79ca355fac4f0e52f7327682cee.png','size':199235,'width':500,'height':500,'filename':'Churro Japo.png','metadata':{'width':500,'height':500,'blurHash':'e%QvUXtR?wxaRjnhbHkDoLoz-;f6IUbHkC%Mj@a}WWRitSj@RjayoJ','blurHashWidth':32}}",16,54.4,,FALSE,FALSE,TRUE,,,124,,,,El Japo,,,,,,,,,,,,,,FALSE,,,,,,2025-03-18T20:19:40.902Z,2025-05-21T21:26:24.509Z
194,Bombón De la Rosa 340g,Mexican Candy,FALSE,"{'url':'62321b2a32b299adafb51760363fc2ab5022a0eb42bf02ac34738ad2a91f79fd.png','size':206802,'width':500,'height':500,'filename':'Bombon Gigante.png','metadata':{'width':500,'height':500,'blurHash':'epRyEKxb%gtQo}%2j]bHf5fk?^baMxofV?tRaxn%kCjZRQj[oyWCfl','blurHashWidth':32}}",15,28.5,,FALSE,FALSE,TRUE,,,,,FALSE,,De la Rosa,,,,,,,,,,,,,,FALSE,,,FALSE,,,2025-03-18T18:30:53.887Z,2025-10-07T21:22:09.270Z
192,Pepsi 250ml,Refresco Vidrio 250ml,,"{'url':'755a1541f103cc4e99195fd4e191df730f36e6a32c8794e25d91a07467dbf5bd.png','size':72827,'width':500,'height':500,'filename':'Pepsi 250ml.png','metadata':{'width':500,'height':500,'blurHash':'eeRypYxu~q%M4n%Mj[WAj[j]%gj[IUaex]xuj[ogj[WAt7fjRkayt6','blurHashWidth':32}}",24,30,250ml,FALSE,FALSE,FALSE,,,50,,FALSE,,Pepsi,,,,,,,,,,,,,,FALSE,,,FALSE,,,2025-03-18T18:23:05.776Z,2025-07-29T17:58:40.325Z
191,Sprite 250ml,Refresco Vidrio 250ml,,"{'url':'3a7295fa6548c52c0204c321e4dc4528b5964f91254fad74a04d2c55730ebd58.png','size':76993,'width':500,'height':500,'filename':'Sprite 250ml.png','metadata':{'width':500,'height':500,'blurHash':'edRpOLx[~E%M54%Mj[WBj[fi$,jtI.a{xIxuj[s:j[WBt7fQRjayt7','blurHashWidth':32}}",24,30,250ml,FALSE,FALSE,FALSE,,,17,,FALSE,,Sprite,,,,,,,,,,,,,,FALSE,,,FALSE,,,2025-03-18T18:21:59.782Z,2025-07-29T17:58:49.399Z
190,Topo Chico 355ml,Refresco Vidrio Regular,FALSE,"{'url':'70d254bdaabfcbbd43d2ca0c4cf8553407788098d59883b159f3c448b7df3755.png','size':74954,'width':500,'height':500,'filename':'Topo Chico 355ml.png','metadata':{'width':500,'height':500,'blurHash':'eLSs4}-;_4?b9E?bj[V@jtogxvj[M_aexv%Lj@tSofRis;fRR%ayog','blurHashWidth':32}}",24,35,Regular,FALSE,FALSE,FALSE,,,31,,FALSE,,Topo Chico,Cajas,,,,,,,,,,,,,FALSE,,,FALSE,,,2025-03-18T18:15:35.137Z,2025-10-07T20:35:54.166Z
189,Fanta Naranja 250ml,Refresco Vidrio 250ml,,"{'url':'690ab0296ff162900dcf3b3db05a6bde78813c26e9973e08bf47f1b04e47c46c.png','size':80180,'width':500,'height':500,'filename':'Fanta 250ml.png','metadata':{'width':500,'height':500,'blurHash':'egS$M+xu*0%MH=%Mj[afj[j@k=j[Z$aeb^xufkofj[WBozj[V@ayoz','blurHashWidth':32}}",24,30,250ml,FALSE,FALSE,FALSE,,,14,,FALSE,,Coca Cola,,,,,,,,,,,,,,FALSE,,,FALSE,,,2025-03-18T18:13:46.668Z,2025-07-29T17:58:58.199Z
188,Bonafont Uva 1lt,Aguas Frescas,,"{'url':'d67f1dd03154e88183bf9aff256d891c2e62f2d69af7eae882255143f7ee58f1.png','size':75336,'width':500,'height':500,'filename':'Bonafont Uva 1lt.png','metadata':{'width':500,'height':500,'blurHash':'eaSFw=xu_N-;8_%Lj@bIj[jYx]j[MxWBx[xvj[oefjay%Mj[IUWBxu','blurHashWidth':32}}",6,18,,FALSE,FALSE,FALSE,,,1,,,,Bonafont,,,,,,,,,,,,,,FALSE,,,,,,2025-03-18T18:11:37.126Z,2025-05-20T03:32:20.452Z
187,Bonafont Agua Limon 1lt,Aguas Frescas,,"{'url':'9b3867e03237d128a67a968c7e46126b3c349f4e02328dc8b89c058629e63991.png','size':75719,'width':500,'height':500,'filename':'Bonafont Limon 1lt.png','metadata':{'width':500,'height':500,'blurHash':'eVSY{m%M_4-;9E%Mj[bbj[e.xvj[M_axxb%fj[WCfQkBxbj[Rjayt7','blurHashWidth':32}}",6,18,,FALSE,FALSE,FALSE,,,0,,,,Bonafont,,,,,,,,,,,,,,FALSE,,,,,,2025-03-18T18:10:33.195Z,2025-07-24T19:41:28.195Z
186,Bonafont Agua Naranja 1lt,Aguas Frescas,,"{'url':'d4cff7a386e0c17f0c3d308c3c596ac0cf651f088446d507e4a6683f98c05029.png','size':82804,'width':500,'height':500,'filename':'Bonafont Naranja 1t.png','metadata':{'width':500,'height':500,'blurHash':'edS$W5xu*0%MH=xvj[j@j[ayo~j[Vraxo#%Lj[S5a|oItSj[Riayo#','blurHashWidth':32}}",6,18,,FALSE,FALSE,FALSE,,,,,,,Bonafont,,,,,,,,,,,,,,FALSE,,,,,,2025-03-18T18:09:34.922Z,2025-05-20T03:34:17.767Z
185,7 Up 250ml,Refresco Vidrio 250ml,,"{'url':'18358ac8ba38a8cd60f6b6770981b72e9a92a60acc1c93ec44abdc5bbec99df9.png','size':82653,'width':500,'height':500,'filename':'7 up 250ml.png','metadata':{'width':500,'height':500,'blurHash':'eYR:Wp%M~E-q54%fj[V[j[kUxcj[NEayxbxuj[ozj[V[xHjtNZa{s;','blurHashWidth':32}}",24,30,250ml,FALSE,FALSE,FALSE,,,59,,FALSE,,7 Up,,,,,,,,,,,,,,FALSE,,,FALSE,,,2025-03-18T18:08:08.892Z,2025-09-05T23:22:40.338Z
184,Mirinda 250ml,Refresco Vidrio 250ml,,"{'url':'7e56d7570690007bc26f7fcdad9acdc608e15e9f49f013f5e9b735e09c11dc27.png','size':67619,'width':500,'height':500,'filename':'mirinda 250ml.png','metadata':{'width':500,'height':500,'blurHash':'eYS~bT%Lys%gMI%gj[aKjZkWk?fke8e.b_%2j[bufkjFogfkWAayog','blurHashWidth':32}}",24,30,250ml,FALSE,FALSE,FALSE,,,,,FALSE,,Mirinda,,,,,,,,,,,,,,FALSE,,,FALSE,,,2025-03-18T18:06:17.320Z,2025-07-29T17:59:15.875Z
183,Mirinda 500ml,Refresco Vidrio 500ml,FALSE,"{'url':'7e50b21a049dc4839dd1f247091f90f93f7cd5d111c4130ef16bee61f052feda.png','size':50380,'width':500,'height':500,'filename':'Mirinda 500ml.png','metadata':{'width':500,'height':500,'blurHash':'eUT904%Mys%gL~-;j[WBj[ofcFfkibe.cE%Mj[ofj[WBozfQV@fPoz','blurHashWidth':32}}",24,44,Medio Litro,FALSE,FALSE,FALSE,,,,,FALSE,,Mirinda,Cajas,,,,,,,,,,,,,FALSE,,,FALSE,,,2025-03-18T18:05:16.718Z,2025-10-07T20:26:04.641Z
182,Fresca 500ml,Refresco Vidrio 500ml,FALSE,"{'url':'e140032445a53c4c96329bb00489c57fbfa986313da5ab252cfc456d24f0219b.png','size':62631,'width':500,'height':500,'filename':'5.png','metadata':{'width':500,'height':500,'blurHash':'eQSY{o%M_4-=8_-;j[R*ayofxvj[M_aexv%Nj[oJoeWXs:j[WBayof','blurHashWidth':32}}",24,44,Medio Litro,FALSE,FALSE,FALSE,,,,,FALSE,,Fresca,Cajas,,,,,,,,,,,,,FALSE,,,FALSE,,,2025-03-18T18:03:38.936Z,2025-10-07T20:26:41.608Z
181,Fanta Fresa 500ml,Refresco Vidrio 500ml,FALSE,"{'url':'2e240a6acebdfc2c1bca62083ab5b607e398d97257cc1ddcbc04d50c95814208.png','size':74076,'width':500,'height':500,'filename':'Fanta Fresa 500ml.png','metadata':{'width':500,'height':500,'blurHash':'eZSYz5xu?^.8DO%Mj[aejtflx]kCMxV@tR%2j[bbfkjFtRj[RPaeoz','blurHashWidth':32}}",24,44,Medio Litro,FALSE,FALSE,FALSE,,,10,,FALSE,,Coca Cola,,,,,,,,,,,,,,FALSE,,,FALSE,,,2025-03-18T17:59:44.754Z,2025-10-07T20:27:07.294Z
180,Joya Piña 500ml,Refresco Vidrio 500ml,FALSE,"{'url':'604ebdb47b7dbab26804ea908a9935dda9c2c68e7af5b7b7546b37fc9975f52b.png','size':61169,'width':500,'height':500,'filename':'Joya Piña.png','metadata':{'width':500,'height':500,'blurHash':'eZSs1.%L.A%gI8%Mj[axj[j]o%j[V=axo$%Lj[kCj[aeogj[WAayog','blurHashWidth':32}}",24,44,Medio Litro,FALSE,FALSE,FALSE,,,10,,FALSE,,Joya,,,,,,,,,,,,,,FALSE,,,FALSE,,,2025-03-18T17:57:35.155Z,2025-10-07T20:27:17.737Z
179,Joya Ponche de Frutas 500ml,Refresco Vidrio 500ml,FALSE,"{'url':'b99d1707928b3065bbfbf45f5c0e8731bd19ba1f0141c22b3cee03ff2e59bc0e.png','size':67716,'width':500,'height':500,'filename':'Joya Ponche de frutas 500 l.png','metadata':{'width':500,'height':500,'blurHash':'eZS$P]%2.m%gHr%Mj[aeaykBpIj[VYaepI%2jtofkCaeozj[V@ayog','blurHashWidth':32}}",24,44,Medio Litro,FALSE,FALSE,FALSE,,,,,FALSE,,Joya,,,,,,,,,,,,,,FALSE,,,FALSE,,,2025-03-18T17:56:46.220Z,2025-10-07T20:27:28.954Z
178,Sidral Mundet 500ml,Refresco Vidrio 500ml,FALSE,"{'url':'9cdf1de55ef8e7a86c5fcfd71b4de586bcca897fa0569b3cde3468f81988ddcc.png','size':64850,'width':500,'height':500,'filename':'2.png','metadata':{'width':500,'height':500,'blurHash':'eYSr[m%M.T%gHr-:j[V[f7oftlj[ROaeo~%3j[ofj[WBo}fkVsjZo#','blurHashWidth':32}}",24,44,Medio Litro,FALSE,FALSE,FALSE,,,,,FALSE,,Coca Cola,,,,,,,,,,,,,,FALSE,,,FALSE,,,2025-03-18T17:54:01.921Z,2025-10-07T20:27:40.204Z
177,Manzanita Sol 500ml,Refresco Vidrio 500ml,FALSE,"{'url':'e97a0980f3906155aab1eb6e38746eedb06ffee93e1a83474be928540bb45f4f.png','size':80833,'width':500,'height':500,'filename':'Manzanita Sol 500ml.png','metadata':{'width':500,'height':500,'blurHash':'eTSr[o%M?w.8DO-;j]V@aeozx^kCR5aKtl%3jZkVkCaLofjtaea|kC','blurHashWidth':32}}",24,44,Medio Litro,FALSE,FALSE,FALSE,,,,,FALSE,,Pepsi,,,,,,,,,,,,,,FALSE,,,FALSE,,,2025-03-18T17:53:13.786Z,2025-10-07T20:26:26.606Z
176,Coca Cola 500ml,Refresco Vidrio 500ml,FALSE,"{'url':'55a9898489d22ae71cade5a9f790f47058432beb313322255f0c15d58e8d17d6.png','size':66691,'width':500,'height':500,'filename':'Coca Cola 500ml.png','metadata':{'width':500,'height':500,'blurHash':'eWSPOs%M_N-;8_-pj[WBj[oL%gj[IUaex]x[j[s:j[R*tRj[RPayt8','blurHashWidth':32}}",24,44,Medio Litro,FALSE,FALSE,FALSE,,,18,,FALSE,,Coca Cola,Cajas,,,,,,,,,,,,,FALSE,,,FALSE,,,2025-03-18T17:51:32.891Z,2025-10-07T20:27:50.383Z
175,Yoli 500ml,Refresco Vidrio 500ml,FALSE,"{'url':'c662a35db6fb834d16491eff9fe12298aaf956ffc0df3aecfe7b5b690d14b450.png','size':76074,'width':500,'height':500,'filename':'3.png','metadata':{'width':500,'height':500,'blurHash':'eSSY]h%M_4-=9E-;j[axj[fkxvj[ROaxt8%Mj[kDj]adozj[V@ayog','blurHashWidth':32}}",24,44,Medio Litro,FALSE,FALSE,FALSE,,,3,,FALSE,,Coca Cola,Cajas,,,,,,,,,,,,,FALSE,,,FALSE,,,2025-03-18T17:50:49.822Z,2025-10-07T20:28:02.413Z
174,Coca Cola 250ml,Refresco Vidrio 250ml,,"{'url':'6a00e49c6dc78ba0c5b719a56ab83f5fbfcaee1bf5321d4be86b3bc713d78491.png','size':82164,'width':500,'height':500,'filename':'Coca 250ml.png','metadata':{'width':500,'height':500,'blurHash':'eeR:A~xu_N-;8_%Mj[R*fRoL%gj[MxWBxutRfQxZj[R*xbj[NGayt7','blurHashWidth':32}}",24,30,250ml,FALSE,FALSE,FALSE,,,160,,FALSE,,Coca Cola,,,,,,,,,,,,,,FALSE,,,FALSE,,,2025-03-18T17:50:04.398Z,2025-07-29T17:59:25.075Z
173,Squirt Toronja 355ml,Refresco Vidrio Regular,FALSE,"{'url':'8faaa3635ea2baea3a18e85459e14dcaa4fe1a693c6bc2477ee25a7f81fdc2c9.png','size':74513,'width':500,'height':500,'filename':'Squirt 355ml.png','metadata':{'width':500,'height':500,'blurHash':'eYSF|dx[^n-;9X-;j[Rjazs:xcj[NEWBxbtRbGxHoMR*t7j[Rjayoz','blurHashWidth':32}}",24,44,Regular,FALSE,FALSE,FALSE,,,4,,FALSE,,Squirt,Cajas,,,,,,,,,,,,,FALSE,,,FALSE,,,2025-03-18T17:48:50.566Z,2025-10-07T20:35:47.610Z
172,Parrot Coconut Milk Coconut 9.8oz,Coconut Drinks,FALSE,"{'url':'5ea7e275fae972cd6dbeab04091754b72af4a3c1200b29c29fc4ac4bb00a4195.png','size':69397,'width':500,'height':500,'filename':'parrot leche de coco.png','metadata':{'width':500,'height':500,'blurHash':'eNSY{p-;_N?b8_-;j[kBofWB%Nj[IUaxxu-;j]Rjaxt7tQj[RjWBt7','blurHashWidth':32}}",12,24,,FALSE,FALSE,FALSE,,,1,,FALSE,,Parrot,,,,,,,,,,,,,,FALSE,,,FALSE,,,2025-03-18T17:46:38.597Z,2025-10-07T20:24:12.221Z
171,Parrot Coconut Milk Banana 9.8oz,Coconut Drinks,FALSE,"{'url':'2fe274bc8d646000e30d5dfcac7408de8ad086790959d6f45e2d11b9c7cbfa93.png','size':92784,'width':500,'height':500,'filename':'191.png','metadata':{'width':500,'height':500,'blurHash':'eeSY?Uxu?d-;D#%gj[Rjayoft9j[V?WBogxtfPkDkCjYo#fkV?f5og','blurHashWidth':32}}",12,24,,FALSE,FALSE,FALSE,,,1,,FALSE,,Parrot,,,,,,,,,,,,,,FALSE,,,FALSE,,,2025-03-18T17:45:50.388Z,2025-10-07T20:24:26.411Z
170,Parrot Coconut Milk Strawberry 9.8oz,Coconut Drinks,FALSE,"{'url':'e8e78c1032c8a3f001f53753cab16c05393b025fc771dbe786afed6277dad35c.png','size':99489,'width':500,'height':500,'filename':'192.png','metadata':{'width':500,'height':500,'blurHash':'eZSiKr%2.m%gH?%Nj[adj@WXpIj[Vsaybv%2jsf,kCjYbvbHi_jGbv','blurHashWidth':32}}",12,24,,FALSE,FALSE,FALSE,,,,,FALSE,,Parrot,,,,,,,,,,,,,,FALSE,,,FALSE,,,2025-03-18T17:44:46.937Z,2025-10-07T20:24:35.801Z
169,Parrot Aloe Vera Coco 16.9oz,Aloe Vera,FALSE,"{'url':'2e23edaa21b206a26cb037961f04ee9b78f4a7b79f486ac0e0933042f806ea5e.png','size':93925,'width':500,'height':500,'filename':'188.png','metadata':{'width':500,'height':500,'blurHash':'eUSY{m%M?w%MDh%MfQocofWC%NfQM_fjxu%Mj[WVf6j[j^a|awjtj]','blurHashWidth':32}}",20,27,,FALSE,FALSE,FALSE,,,1,,FALSE,,Parrot,,,,,,,,,,,,,,FALSE,,,FALSE,,,2025-03-18T17:43:43.052Z,2025-10-07T20:23:21.648Z
168,Red Bull 8.4oz,Energy,,"{'url':'73b254f5bb8f4459428e6358df2e916c12dd6e9f682f9eeb2e45c9b0aa0f71fc.png','size':93416,'width':500,'height':500,'filename':'199.png','metadata':{'width':500,'height':500,'blurHash':'ehRV|Vxu~p%M9FxbWCoft7ae%Ma|Mxj[tRxvofo0RjWV%2j[IpWBxa','blurHashWidth':32}}",24,30,,FALSE,FALSE,FALSE,,,,,,,Red Bull,,,,,,,,,,,,,,FALSE,,,,,,2025-03-18T17:42:42.618Z,2025-05-25T05:45:16.630Z
167,Ghost Tropical Mango 16oz,Energy,,"{'url':'f45fbe4a96c1240cfcf12ceca7e10ec7cff2543e7079cc5bdd8604e3b6e0e2e7.png','size':145113,'width':500,'height':500,'filename':'197.png','metadata':{'width':500,'height':500,'blurHash':'euR:1pxa?wx]IT$*bHX8o0jYTLbHrWn$bbtRjsoKbIWVt8bHRjjYkD','blurHashWidth':32}}",12,30,,FALSE,FALSE,FALSE,,,1,,,,Ghost,,,,,,,,,,,,,,FALSE,,,,,,2025-03-18T17:39:21.331Z,2025-05-20T03:36:16.288Z
166,Ghost Sour Patch Redberry 16oz,Energy,,"{'url':'2995fe707b5743e7aea716cb8d9481504b6b4fcbf06d93e95a0817687a1d8a81.png','size':151043,'width':500,'height':500,'filename':'196.png','metadata':{'width':500,'height':500,'blurHash':'e$SFnat7.AxvMwxtf7jJkBbFoPfRWSj=jus;j@oyjbaeo}juV?bFkD','blurHashWidth':32}}",12,30,,FALSE,FALSE,FALSE,,,,,,,Ghost,,,,,,,,,,,,,,FALSE,,,,,,2025-03-18T17:37:33.959Z,2025-05-20T03:36:17.216Z
165,Ghost Sour Patch Blue Raspberry 16oz,Energy,,"{'url':'8786f354a8d0cfbffae5cb23465237fc6684f5ce4a276c21904b94c1916c1a78.png','size':161612,'width':500,'height':500,'filename':'195.png','metadata':{'width':500,'height':500,'blurHash':'enRW9qt6^--qIU%0azWZoeoIbfa~jCjqbIo#j?s,flWCxbfSNGjrof','blurHashWidth':32}}",12,30,,FALSE,FALSE,FALSE,,,1,,,,Ghost,,,,,,,,,,,,,,FALSE,,,,,,2025-03-18T17:36:48.941Z,2025-05-20T03:36:18.085Z
164,Ghost Warheads Sour Watermelon 16oz,Energy,,"{'url':'f8378063e37f30b26a22b6b4d51ada4e6c69ed3feed8d44de4425940832cc348.png','size':154906,'width':500,'height':500,'filename':'198.png','metadata':{'width':500,'height':500,'blurHash':'e#RMh+tQ?dxuIUtQjanmf*W.wQjbORbFjaxafjbajuaft8jbV?bFkC','blurHashWidth':32}}",12,30,,FALSE,FALSE,FALSE,,,1,,,,Ghost,,,,,,,,,,,,,,FALSE,,,,,,2025-03-18T17:35:43.470Z,2025-05-20T03:36:19.376Z
163,Parrot Guava Juice 16.4oz,Jugos ,,"{'url':'1baf1f55bbe73a2438f657d85bf11eb40ce77b4e49ef933ae54c76f810b1fc50.png','size':164198,'width':500,'height':500,'filename':'194.png','metadata':{'width':500,'height':500,'blurHash':'ezRo$]xa?^x]I9t7f7oMj[bGo}bHVsjZg2t7j@ofj[WUkqj[aKaybb','blurHashWidth':32}}",24,36,,FALSE,FALSE,FALSE,,,1,,,,Parrot,,,,,,,,,,,,,,FALSE,,,,,,2025-03-18T17:33:06.565Z,2025-05-20T04:06:27.502Z
162,Parrot Aloe Vera Mango 16.9oz,Aloe Vera,FALSE,"{'url':'10cdf49536c705f5490a11a35cab2500e991dd83f0b24d865417a9b2fcf6ef7a.png','size':87869,'width':500,'height':500,'filename':'189.png','metadata':{'width':500,'height':500,'blurHash':'eiS$Z9xu%%x]Mbx^fkngj@W?tSj[ROayt8%1j[SibHn~bxbHi^jYbd','blurHashWidth':32}}",20,27,,FALSE,FALSE,FALSE,,,,,FALSE,,Parrot,,,,,,,,,,,,,,FALSE,,,FALSE,,,2025-03-18T17:31:12.115Z,2025-10-07T20:22:59.424Z
161,Parrot Aloe Vera Piña 16.9oz,Aloe Vera,FALSE,"{'url':'76394e3da7f53e8155f7b186c36736895f8a2c10cac0b2d17797649ef5112a64.png','size':92241,'width':500,'height':500,'filename':'190.png','metadata':{'width':500,'height':500,'blurHash':'ejSY?Sxu.Ax]I8x^j[jEj?bJxvj[M_ayt8%Lj[WYa}oIf-fRe,jYf,','blurHashWidth':32}}",20,27,,FALSE,FALSE,FALSE,,,,,FALSE,,Parrot,,,,,,,,,,,,,,FALSE,,,FALSE,,,2025-03-18T17:30:10.679Z,2025-10-07T20:23:10.021Z
160,Parrot Ponche Tropical 16.4oz,Jugos ,,"{'url':'12f551a3bff22fe95042efcd77fba2399106c6ea04559f6d36c0dbc6cc0cae66.png','size':172521,'width':500,'height':500,'filename':'193.png','metadata':{'width':500,'height':500,'blurHash':'e*S5^gs..Tx^Mwt7jsofbHWVkqkBaJaebbt6fij^jvaxt8fkV@f5kC','blurHashWidth':32}}",24,36,,FALSE,FALSE,FALSE,,,1,,,,Parrot,,,,,,,,,,,,,,FALSE,,,,,,2025-03-18T17:28:25.824Z,2025-05-20T04:07:30.713Z
159,Bonafont Agua Tamarindo 1lt,Aguas Frescas,,"{'url':'88035ed2fe9d59d3508144d822f9d7834e2bd9167d006db42a85b68be32bac04.png','size':84851,'width':500,'height':500,'filename':'200.png','metadata':{'width':500,'height':500,'blurHash':'efSPIaxu?w-;Dh%Mj[WBj[oetSj[ROWBo#%Mj[ayayj[xvj[RPWBt8','blurHashWidth':32}}",6,18,,FALSE,FALSE,FALSE,,,6,,,,Bonafont,,,,,,,,,,,,,,FALSE,,,,,,2025-03-18T17:26:52.759Z,2025-05-20T03:33:05.705Z
158,Snapple Pink Lemonade 16oz,Tea,,"{'url':'83a10e4c834edf15e941362c197c95e7998b4f1103bb1228bab0fe9f84c28384.png','size':95436,'width':500,'height':500,'filename':'217.png','metadata':{'width':500,'height':500,'blurHash':'ecSiHi%2.m%gH?x]fkjaoLWCo~fkVsjGf,tkfQsqj[SdXlbHn5n%XR','blurHashWidth':32}}",12,20,,FALSE,FALSE,FALSE,,,1,,,,Snapple,,,,,,,,,,,,,,FALSE,,,,,,2025-03-18T17:24:34.776Z,2025-05-20T02:45:08.231Z
157,Snapple Air Element 16oz,Tea,,"{'url':'a610d287352a61038d7c5e16388bb0cb45987074d8a7334f49c4f69118c4efcc.png','size':116977,'width':500,'height':500,'filename':'218.png','metadata':{'width':500,'height':500,'blurHash':'enSYv@xt.Tx^I9xufkjsj[WVo~bHVsjFg3t8fRt5oLR+XAa}ngjrW?','blurHashWidth':32}}",12,20,,FALSE,FALSE,FALSE,,,1,,,,Snapple,,,,,,,,,,,,,,FALSE,,,,,,2025-03-18T17:23:48.100Z,2025-05-20T02:45:08.862Z
156,Snapple Raspberry ,Tea,,"{'url':'29c0290cb02f3286101b300d28e702eb52fe2655fc7452d89e74e34f2729ab58.png','size':109924,'width':500,'height':500,'filename':'219.png','metadata':{'width':500,'height':500,'blurHash':'evRfLVt7?^%MDitRbHnlo2WUtRj[RiWUkCxujubEj?jbkqbHa0jGkW','blurHashWidth':32}}",12,20,,FALSE,FALSE,FALSE,,,1,,,,Snapple,,,,,,,,,,,,,,FALSE,,,,,,2025-03-18T17:22:53.616Z,2025-05-20T02:45:09.650Z
155,Snapple Apple 16oz,Tea,,"{'url':'1e60e3edca76481cdfa47654bd4dd4a2ff77ecb9a6621f7270c1919b972f80d5.png','size':100227,'width':500,'height':500,'filename':'snapple apple.png','metadata':{'width':500,'height':500,'blurHash':'etRfUqt7_N%MDi-Wj[N@bGnlkqfkaJf6X8o}fkr?j@S#tRjuRiayoz','blurHashWidth':32}}",12,20,,FALSE,FALSE,FALSE,,,1,,,,Snapple,,,,,,,,,,,,,,FALSE,,,,,,2025-03-18T17:22:07.655Z,2025-05-20T02:45:10.213Z
154,Snapple Kiwi Strawberry 16oz,Tea,,"{'url':'acb0280fca75bf8b8022a80fd02cca781c939af4fdae83338072f66f5e6bf2d2.png','size':103957,'width':500,'height':500,'filename':'220.png','metadata':{'width':500,'height':500,'blurHash':'eqRfd@t7_4%MDi-Wj[NsbFsDo}fkVsf5f,kqfkw{j[SLt8juV?a{og','blurHashWidth':32}}",12,20,,FALSE,FALSE,FALSE,,,1,,,,Snapple,,,,,,,,,,,,,,FALSE,,,,,,2025-03-18T17:21:20.021Z,2025-05-20T02:45:10.869Z
153,Snapple Peach 16oz,Tea,,"{'url':'3757d03925d29f5914a46b322158ed5f67e09ec2ae5e3330275549f3a60e3f98.png','size':109536,'width':500,'height':500,'filename':'221.png','metadata':{'width':500,'height':500,'blurHash':'euRyW+t7?^%MDitlfknhjZWrs;j[WAWVf9%2j[WBfkofgNbHa0n%kW','blurHashWidth':32}}",12,20,,FALSE,FALSE,FALSE,,,1,,,,Snapple,,,,,,,,,,,,,,FALSE,,,,,,2025-03-18T17:20:13.940Z,2025-05-20T02:45:11.472Z
152,Lipton Iced Tea Raspberry ,Tea,,"{'url':'86d367c05a9435db72c8c8b7a6edea7a7abd3aa1c4382a21215062510b6ae82c.png','size':140593,'width':500,'height':500,'filename':'Lipton Raspberry.png','metadata':{'width':500,'height':500,'blurHash':'evR{c4t7.T%MMwxZj@bcjbjYo}j[V@a{bbxbjbkTf%e=ogfkWAjZj]','blurHashWidth':32}}",24,24,,FALSE,FALSE,FALSE,,,,,TRUE,21.99,Lipton,,,,,,,,,,,,,,FALSE,,,,,,2025-03-18T17:18:31.864Z,2025-05-25T01:16:43.357Z
151,Lipton Iced Tea Watermelon,Tea,,"{'url':'b806c00a01ebc6e419adcdc3ca15832d0df47cb5575a01d4e66042539a667863.png','size':119476,'width':500,'height':500,'filename':'Lipton Watermelon.png','metadata':{'width':500,'height':500,'blurHash':'ewRfXvt7?wx]I9s,j@o#fkWAxvj[RPayozt7fQofj[WBt7j@Rjazof','blurHashWidth':32}}",24,24,,FALSE,FALSE,FALSE,,,,,TRUE,21.99,Lipton,,,,,,,,,,,,,,FALSE,,,,,,2025-03-18T17:17:39.203Z,2025-05-21T21:40:06.402Z
150,Lipton Iced Tea Durazno,Tea,,"{'url':'e92cd0a2b361de182ac3e6f4ccc2067141f607075d8d4174a233106a664683ce.png','size':88669,'width':500,'height':500,'filename':'Lipton Peach.png','metadata':{'width':500,'height':500,'blurHash':'ezSP2@xt*0xuQ,ovfjs=jbWTkqj[eTaybvxajuX8bHn$t7f7V@fjof','blurHashWidth':32}}",24,24,,FALSE,FALSE,FALSE,,,,,TRUE,21.99,Lipton,,,,,,,,,,,,,,FALSE,,,,,,2025-03-18T17:17:02.290Z,2025-05-22T01:21:29.410Z
149,Lipton Iced Tea Menta,Tea,,"{'url':'0a4aa8b39d1bcbfa32870eb00fe77ff9702aae2e4dad7467cf6b17722a115a3d.png','size':121196,'width':500,'height':500,'filename':'Lipton Green.png','metadata':{'width':500,'height':500,'blurHash':'etRMk_t7^-%MD~xZfQf,j[jYxvj[NFays;XSa|xHj[S1t7j[V@axof','blurHashWidth':32}}",24,24,,FALSE,FALSE,FALSE,,,,,TRUE,21.99,Lipton,,,,,,,,,,,,,,FALSE,,,,,,2025-03-18T17:15:42.221Z,2025-05-22T01:21:32.049Z
148,Jumex Guayaba 413ml,Jugos De Vidrio,FALSE,"{'url':'24a9a754306b864ce43d4ca66ba754cbe79cd7c3202cb5d717a9b4daf10c9de0.png','size':84665,'width':500,'height':500,'filename':'11.png','metadata':{'width':500,'height':500,'blurHash':'efSFw:xu?w%MDh%2j[W;fQae%Mj[MxaytRtRfRs:j[R+S%azr;j[S%','blurHashWidth':32}}",12,24,Regular,FALSE,FALSE,FALSE,,,5,,FALSE,,Jumex,Cajas,,,,,,,,,,,,,FALSE,,,FALSE,,Jumex 2 cases,2025-03-18T17:10:47.188Z,2025-10-07T20:17:11.947Z
147,Jumex Mango 413ml,Jugos De Vidrio,FALSE,"{'url':'3e374c62116de5a456a9026b4993e7a6ac60f38fa1663be7d6085fd06e021e19.png','size':79352,'width':500,'height':500,'filename':'12.png','metadata':{'width':500,'height':500,'blurHash':'eiR{rkxu?w%NDh%Lj[WDfkjs%Nj[MxWBtRo#a}t5oLR,XAa}ngj?bc','blurHashWidth':32}}",12,24,Regular,FALSE,FALSE,FALSE,,,3,,FALSE,,Jumex,Cajas,,,,,,,,,,,,,FALSE,,,FALSE,,Jumex 2 cases,2025-03-18T17:09:51.075Z,2025-10-07T20:17:22.042Z
146,Jumex Manzana 413ml,Jugos De Vidrio,FALSE,"{'url':'28f0bf497af36267a103420f767bec86fc3ff23489b9335303f79077a7c6344a.png','size':80002,'width':500,'height':500,'filename':'10.png','metadata':{'width':500,'height':500,'blurHash':'egR{rl%M_Nxu9E%Lj[WXj[jY%NayIUj[xut8j[t6fRR,XAaynhj[bc','blurHashWidth':32}}",12,24,Regular,FALSE,FALSE,FALSE,,,3,,FALSE,,Jumex,,,,,,,,,,,,,,FALSE,,,FALSE,,Jumex 2 cases,2025-03-18T17:08:49.208Z,2025-10-07T20:17:48.443Z
145,Jumex Uva 413ml. ,Jugos De Vidrio,FALSE,"{'url':'a6bb1c1314b3cca21bb652a0845c38cf6880a9d0f80a1d39742e1c067d6a183f.png','size':82651,'width':500,'height':500,'filename':'13.png','metadata':{'width':500,'height':500,'blurHash':'eiRfd{xu~q%M8_xuj[oLj[WB%Mj[IUayxuxuj[f+j[jZtRfQRPfPt8','blurHashWidth':32}}",12,24,,FALSE,FALSE,FALSE,,,4,,FALSE,,Jumex,,,,,,,,,,,,,,FALSE,,,FALSE,,Jumex 2 cases,2025-03-18T17:07:49.225Z,2025-10-07T20:17:59.196Z
144,Fresca 2.5lt,Refresco Vidrio 250ml,,"{'url':'fcc22b11712c50006816b6acc7f188689da6b2e11e7b553cac22bb4da79be458.png','size':76726,'width':500,'height':500,'filename':'182.png','metadata':{'width':500,'height':500,'blurHash':'ebRy]B%M}^xu5O-pj[R*fRoLxcayNEj[t8x]fks9j[W=#ma|J-jawc','blurHashWidth':32}}",8,35,,FALSE,FALSE,FALSE,,,,,,,Fresca,,,,,,,,,,,,,,FALSE,,,,,,2025-03-18T17:02:17.001Z,2025-05-20T03:19:48.870Z
143,Cubanito Limon,Michelada Cups,,"{'url':'88d82a73da670a796ea4cd0d8fa5966293f0bd2c4c8919493c453e0dd73566fb.png','size':147029,'width':500,'height':500,'filename':'184.png','metadata':{'width':500,'height':500,'blurHash':'exQ,H=t6_4%ND%odayogofofxvj[RPWBt7t7j[t6j?Rjxuj[RPWBoz','blurHashWidth':32}}",24,58,,FALSE,FALSE,FALSE,,,9,,,,Cubanito,,,,,,,,,,,,,,FALSE,,,,,,2025-03-18T16:58:04.804Z,2025-05-20T02:49:06.932Z
142,Nutella Bready 36ct,Chocolate,TRUE,"{'url':'c8e88bfe2e26c05b44ff8e0e4e8f7ac5a3959355b09ef1079c5705a1692f0fc1.png','size':165285,'width':500,'height':500,'filename':'Bredy 36ct.png','metadata':{'width':500,'height':500,'blurHash':'eWR{iMxu?w%gs:%MWVoeoKWB.SbHIAoKaf$*oJW=X9t7x]ozV?V@WB','blurHashWidth':32}}",36,36,,FALSE,FALSE,FALSE,,,,,FALSE,,Kinder,,,,,"{'url':'5758518f44bf11d013900d5c66bb60322e84d3056edc1f21328dda73916d7201.jpg','size':2935935,'width':4032,'height':3024,'filename':'image.jpg','metadata':{'width':4032,'height':3024,'blurHash':'eLH1xit89as9ni~B?GNGM{ae0Kxu-:Rkxu9Gnht7xuxan%M{jFxuM|','blurHashWidth':32}}",,,,,,,,,FALSE,,,FALSE,,,2025-03-18T06:27:26.229Z,2025-10-07T02:55:48.018Z
141,Kinder Chocolate T4,Chocolate,,"{'url':'f94918b49de19fd93bc9d40f462690da691834cc03cf06c202c26f7e2982dbde.png','size':186419,'width':500,'height':500,'filename':'Kinder T4.png','metadata':{'width':500,'height':500,'blurHash':'eSRo?K%M_N%Nxu%gjZjEkCkC?^bHMdofRj-pf+kWniRP-Uj[NbaeWB','blurHashWidth':32}}",20,26,,FALSE,FALSE,FALSE,,,38,,,,Kinder,,,,,"{'url':'5a00733f1993f6c4ecce55393e7024a38dad5c23183491cc74770a37b3d544d5.jpg','size':2799588,'width':4032,'height':3024,'filename':'image.jpg','metadata':{'width':4032,'height':3024,'blurHash':'eNFhx3ofD%%2Rj~V%KM{floeIAkW-:R*t74nt7%MWBxunhaeWDt7bI','blurHashWidth':32}}",,,,,,,,,FALSE,,,,,,2025-03-18T06:23:11.923Z,2025-05-20T05:05:44.830Z
140,Kinder Bueno 30ct,Chocolate,,"{'url':'c5ada518ea46b779d40d783822dd4318d4711065956a6aade8813b469e25f6b6.png','size':186301,'width':500,'height':500,'filename':'179.png','metadata':{'width':500,'height':500,'blurHash':'ecRMPUxu-=%M%MxuWBjZj[j[_NofMxWCIU%Mt7kCj[axWBWBV@oftR','blurHashWidth':32}}",30,40,,FALSE,FALSE,FALSE,,,1,,,,Kinder,,,,,"{'url':'6fa7b28b3c4ed1633396f84feb6a82cfee0cb322d4954c92a9902b1b96cfb78c.jpg','size':3062282,'width':4032,'height':3024,'filename':'image.jpg','metadata':{'width':4032,'height':3024,'blurHash':'eHGu2SXSs=Nf^k~B_1E2xZXSEka$xCi|NI58e-wHRk$irqs,M{Rjsl','blurHashWidth':32}}",,,,,,,,,FALSE,,,,,,2025-03-18T06:20:53.668Z,2025-05-20T05:06:06.151Z
139,Kinder Bueno Crispy Creamy 43g,Chocolate,,"{'url':'9f1fa11097b34bd2db8ba6960ae0da4f27e219ddca3f3377ada67e1dd25e056f.png','size':180126,'width':500,'height':500,'filename':'178.png','metadata':{'width':500,'height':500,'blurHash':'efRfUrxu_N%MV@x[fQn%j]a{xuj[RjaeWBxZj[ozbGWBx]kCRPWBay','blurHashWidth':32}}",20,26,,FALSE,FALSE,FALSE,,,6,,,,Kinder,,,,,"{'url':'30e42923215512101ad1ea067c0e2d47b46ae92d135a85514914fc2852aa218b.jpg','size':2881816,'width':4032,'height':3024,'filename':'image.jpg','metadata':{'width':4032,'height':3024,'blurHash':'eOHdjRn49tk=sm-;-nRjj]kC0xO?=|rXWE9F%2o}Io$j=yxFELXRR+','blurHashWidth':32}}",,,,,,,,,FALSE,,,,,,2025-03-18T06:17:35.512Z,2025-05-26T23:58:01.247Z
138,Kinder Happy Hippo Hazelnut 5ct,Chocolate,,"{'url':'1a30093d4296b17c79183eb99d236f0758ecb86c567629778a09770fe20d48f2.png','size':239541,'width':500,'height':500,'filename':'177.png','metadata':{'width':500,'height':500,'blurHash':'efQl,y%M?v%Mxvt6j[ozWAoL_NRjM{j[M{-;t7V@a#WCx^t7ROWVfk','blurHashWidth':32}}",10,50,,FALSE,FALSE,FALSE,,,14,,,,Kinder,,,,,,,,,,,,,,FALSE,,,,,,2025-03-18T06:13:25.876Z,2025-05-20T05:06:33.327Z
137,Kinder Happy Hippo Cacao 5ct,Chocolate,,"{'url':'80edbb2aab8d5798a73a6cf961429a0762e2e0550d64b732d59f1d2bf87359df.png','size':182104,'width':500,'height':500,'filename':'176.png','metadata':{'width':500,'height':500,'blurHash':'egRfOb%N-;xatRozWBs:jZae?^V@Mxo#Vs=|ofS2ozkCniofaeV@bc','blurHashWidth':32}}",10,50,,FALSE,FALSE,FALSE,,,5,,,,Kinder,,,,,"{'url':'7cf116d43d2534f18ba99cd8bdf8ac266d2405186d5649ddcb690e0b3e4fd45e.jpg','size':2823722,'width':4032,'height':3024,'filename':'image.jpg','metadata':{'width':4032,'height':3024,'blurHash':'eIG*.*NLNG-:t7-;?FaJs+owV?X9%MxtI;01jZ?bIq%2IAWBIpxZ$$','blurHashWidth':32}}",,,,,,,,,FALSE,,,,,,2025-03-18T06:08:54.113Z,2025-05-20T05:06:53.564Z
136,Lucas Bomvaso ,Mexican Candy,FALSE,"{'url':'45ef2848a6b5c1e4a7d8585ffbc938376126820efc18bc19412284a21e5c8e52.png','size':236559,'width':500,'height':500,'filename':'222.png','metadata':{'width':500,'height':500,'blurHash':'e$RoNfxZt-xutRrEogXRe.oz.AbcV?jbRjyDWAnmkBWATcfka0axn+','blurHashWidth':32}}",10,5,,FALSE,FALSE,FALSE,,,19,,FALSE,,Lucas,,,,,"{'url':'19c6a38b6e7fa3f5754369c4bd908c42ab04330b020c557bb1c442b28a49a9ff.jpg','size':2758492,'width':4032,'height':3024,'filename':'image.jpg','metadata':{'width':4032,'height':3024,'blurHash':'eDF=Ekspxv%MEN}s~TXQV?t2bxI=%KtQen2b-p-UNI$*?sS2M|%1V?','blurHashWidth':32}}",,,,,,,,,FALSE,,,FALSE,,,2025-03-18T06:04:32.093Z,2025-10-07T21:18:02.351Z
135,Lucas Salsaghetti Mango ,Mexican Candy,TRUE,"{'url':'72e896e55b1b583f09e913fb6bbe34cce241212d8aa2e41061ed1eba35151b2c.png','size':230355,'width':500,'height':500,'filename':'Salsaguettymango.png','metadata':{'width':500,'height':500,'blurHash':'e,Rx$EsTyDtRkWxaV@bbozf6.mkWRPn%aKt7o}o0V@kCV@a|V@aekD','blurHashWidth':32}}",12,6.99,,FALSE,FALSE,FALSE,,,15,,FALSE,,Lucas,,,,,,,,,,,,,,FALSE,,,FALSE,,,2025-03-18T06:02:30.814Z,2025-10-09T02:31:06.990Z
134,Lucas Muecas Cereza,Mexican Candy,FALSE,"{'url':'973f18ec92a4c8f765beeaf713fa0a6b1c1efd0b33cbb4a362049e318fbe1040.png','size':147805,'width':500,'height':500,'filename':'225.png','metadata':{'width':500,'height':500,'blurHash':'e+QvUct7x[t7xus;jbj[fkj[_NoMRPkCRPx]bGWBjtafIUayofayof','blurHashWidth':32}}",10,4.58,,FALSE,FALSE,FALSE,,,4,,FALSE,,Lucas,,,,,,,,,,,,,,FALSE,,,FALSE,,,2025-03-18T06:00:30.609Z,2025-10-07T21:18:17.900Z
133,Lucas Muecas Mango,Mexican Candy,FALSE,"{'url':'9b454a92bc1642ba760b49f7801bf81e2bf5bd597604d13b6b2f83c7973f56dd.png','size':149786,'width':500,'height':500,'filename':'226.png','metadata':{'width':500,'height':500,'blurHash':'e=RCY$t7tRt7tRs:juj[j[fk?wofV?j]RjtRbGaxfQf6Mxayoff6of','blurHashWidth':32}}",10,4.58,,FALSE,FALSE,FALSE,,,19,,FALSE,,Lucas,,,,,,,,,,,,,,FALSE,,,FALSE,,,2025-03-18T05:59:11.240Z,2025-10-07T21:18:24.934Z
132,Lucas Muecas Pepino,Mexican Candy,FALSE,"{'url':'de749213abe998d5e8cc7d593b2d36d28bb449c1f84e0ed8157c18fa78456738.png','size':153537,'width':500,'height':500,'filename':'224.png','metadata':{'width':500,'height':500,'blurHash':'e#QcxCt7%3t7xuoyfkoMj[j[_4ofM{j[NF%3jbWUfRWUIUayogayof','blurHashWidth':32}}",10,4.58,,FALSE,FALSE,FALSE,,,23,,FALSE,,Lucas,,,,,"{'url':'407067852c8c85c71a7d4ece7916b60971dd8e4e60b40bc66dff919f17bc835c.jpg','size':3023289,'width':4032,'height':3024,'filename':'image.jpg','metadata':{'width':4032,'height':3024,'blurHash':'eCEV_:8|;Bn%ryy9~AIYw{xHzOb;kis:X4HiR*t%Iox@RiIqELtQI;','blurHashWidth':32}}",,,,,,,,,FALSE,,,FALSE,,,2025-03-18T05:58:01.056Z,2025-10-07T21:18:38.907Z
131,Lucas Muecas Chamoy,Mexican Candy,FALSE,"{'url':'cc569e0ccda236cfeb1af1379cef014ee0cfa93231d6764b54b3e3cc4d5c3431.png','size':147793,'width':500,'height':500,'filename':'223.png','metadata':{'width':500,'height':500,'blurHash':'ezQcYgxtx[t7xut7a#j[j[j[_Nj]M{j[M{%LkAWBazayIUayozf6of','blurHashWidth':32}}",10,4.58,,FALSE,FALSE,FALSE,,,19,,FALSE,,Lucas,,,,,"{'url':'5aeec8a270dce1c6dc41ae407a714590811c7f491952a51e01f44511eb89bd52.jpg','size':2207953,'width':4032,'height':3024,'filename':'image.jpg','metadata':{'width':4032,'height':3024,'blurHash':'eIEB{q%0N;t7N=~U-pt6X4WBJ^ofxJoyoNoNScS2xbbFM-kDkToek9','blurHashWidth':32}}",,,,,,,,,FALSE,,,FALSE,,,2025-03-18T05:55:43.406Z,2025-10-07T21:18:32.131Z
130,Vero Manita 40ct,Mexican Candy,FALSE,"{'url':'ffaa62396c068bd27a74648e4fca80a85b0954016357313c69288b1d46e1df17.png','size':157059,'width':500,'height':500,'filename':'57.png','metadata':{'width':500,'height':500,'blurHash':'etRoaCs:.l%MWTxHjtX8bHj?%#j[MeaejZtRayoekBaftSoyRPaKof','blurHashWidth':32}}",7,33,,FALSE,FALSE,FALSE,,,2,,FALSE,,Vero,,,,,,,,,,,,,,FALSE,,,FALSE,,,2025-03-18T05:50:00.607Z,2025-10-07T21:19:04.418Z
129,Vero Elote 40ct,Mexican Candy,FALSE,"{'url':'9222009e4eca5852801590259244aca21e2aa5d600a24389c7b81dad3c4bd66e.png','size':170970,'width':500,'height':500,'filename':'58.png','metadata':{'width':500,'height':500,'blurHash':'ezQ+mMsT?^x^kCxGjZX8bHj[.Sa#MdjZV@tRaeoLofWBtRt7RPRioz','blurHashWidth':32}}",7,33,,FALSE,FALSE,FALSE,,,2,,FALSE,,Vero,,,,,,,,,,,,,,FALSE,,,FALSE,,,2025-03-18T05:48:49.934Z,2025-10-07T21:19:10.061Z
128,Vero Mango 40ct,Mexican Candy,FALSE,"{'url':'1d692107f44bf7fca1dd5e55604eb321c29b65e754ab4288104bce28975cc9fe.png','size':157411,'width':500,'height':500,'filename':'56.png','metadata':{'width':500,'height':500,'blurHash':'ezR{V#xa.AxvV@xXj[X9fkjb%iayMwj@oKo#axs,kCWBo#kCV?adkC','blurHashWidth':32}}",7,33,,FALSE,FALSE,FALSE,,,2,,FALSE,,Vero,,,,,,,,,,,,,,FALSE,,,FALSE,,,2025-03-18T05:46:08.133Z,2025-10-07T21:19:18.519Z
127,Vero Picagoma Tamarindo 100ct,Mexican Candy,FALSE,"{'url':'8b1970c66b95f69b2f6b89d9791c902db52ddc4fe322ef2630500a612392f085.png','size':195003,'width':500,'height':500,'filename':'62.png','metadata':{'width':500,'height':500,'blurHash':'e%R2oZs:.mx]og$*jtShbHj[%#WVMxjZWBbvays:j[aytRozRPV@of','blurHashWidth':32}}",8,36.5,,FALSE,FALSE,FALSE,,,3,,FALSE,,Vero,,,,,,,,,,,,,,FALSE,,,FALSE,,,2025-03-18T05:44:39.500Z,2025-10-07T21:19:28.448Z
126,Vero Mix Banda Fuego 40ct,Mexican Candy,FALSE,"{'url':'530bebd23aebbac723fdcb7c68dc781c8a79c64af53d1f538d3a67903be3ec1e.png','size':202410,'width':500,'height':500,'filename':'59.png','metadata':{'width':500,'height':500,'blurHash':'esRfB:%L%j%ga%%1oeR+a#j[%%RjV=V@aet8WCt5kBWCxvkDRPaekA','blurHashWidth':32}}",7,33,,FALSE,FALSE,FALSE,,,3,,FALSE,,Vero,,,,,,,,,,,,,,FALSE,,,FALSE,,,2025-03-18T05:30:17.100Z,2025-10-07T21:19:34.610Z
125,Vero Rellerindo 65ct,Mexican Candy,FALSE,"{'url':'62806d59991f9874469fa43c62d92b3efae7129192570aa5e2781650b348e115.png','size':193008,'width':500,'height':500,'filename':'64.png','metadata':{'width':500,'height':500,'blurHash':'e?RC0zxu.mtRV@xGf6X8j[jsyDWBRPa|jsogjZofbHayo}ozRPe.og','blurHashWidth':32}}",8,35.5,,FALSE,FALSE,FALSE,,,4,,FALSE,,Vero,,,,,,,,,,,,,,FALSE,,,FALSE,,,2025-03-18T05:20:55.261Z,2025-10-07T21:19:40.385Z
124,Vero Pinta Azul 40ct,Mexican Candy,FALSE,"{'url':'4ba7bc1df20d6f71a775de6575583ffa20b835070598dbe5a7a42b23b49ebf95.png','size':196462,'width':500,'height':500,'filename':'65.png','metadata':{'width':500,'height':500,'blurHash':'exONk5bI~V%MxCt7j@bHbHoJ^jjZELWWWBt8WCoeoeWCxut6RPRkof','blurHashWidth':32}}",7,33,,FALSE,FALSE,FALSE,,,4,,FALSE,,Vero,,,,,,,,,,,,,,FALSE,,,FALSE,,,2025-03-18T05:10:20.090Z,2025-10-07T21:19:48.870Z
123,Vero Picagoma Sandía ,Mexican Candy,FALSE,"{'url':'c1087b363d83cd355cfa527e958d9e25e16582ab29445d9f50a31143377aa323.png','size':186914,'width':500,'height':500,'filename':'63.png','metadata':{'width':500,'height':500,'blurHash':'e#P?:VtQ_4xusXxZjtW=bHo2-=WBInfjWBozays:j[WVtSogRPWBbu','blurHashWidth':32}}",8,36.5,,FALSE,FALSE,FALSE,,,3,,FALSE,,Vero,,,,,"{'url':'286e7caf6620bade489cc29e9f6fd121cdc74733a843fde7882663c9da37f995.jpg','size':2771204,'width':4032,'height':3024,'filename':'image.jpg','metadata':{'width':4032,'height':3024,'blurHash':'eUG8WEXTn#w[NG0kV@adNKjYwYxVS6xts;IVIrxtRlbGsjs:a~ockC','blurHashWidth':32}}",,,,,,,,,FALSE,,,FALSE,,,2025-03-18T03:31:29.940Z,2025-10-07T21:19:55.800Z
122,Vero Pica Fresa,Mexican Candy,FALSE,"{'url':'73dcfae458d2df6117d60fb89ad1f0235b08e0578e31f02c781254af30e267bb.png','size':194164,'width':500,'height':500,'filename':'61.png','metadata':{'width':500,'height':500,'blurHash':'e#Ro++t2.Ax]jdxYjsW=bHjv%Oa#ROj=WAt7f5ofj]aeo#ogV?V@oy','blurHashWidth':32}}",8,36.5,,FALSE,FALSE,FALSE,,,3,,FALSE,,Vero,,,,,"{'url':'31eb819e8cf2f8be816387a8c9e9d680e2740efd98973ac49302084df5f16a29.jpg','size':1950791,'width':4032,'height':3024,'filename':'image.jpg','metadata':{'width':4032,'height':3024,'blurHash':'e88p=TtlD%ITV?0MNG?Gg3n,-UM{E2NdxbrVNH%MxZofNg%1s-RjRj','blurHashWidth':32}}",,ernesto@mvicorp.net,,,,,,,FALSE,,,FALSE,,,2025-03-18T00:54:46.235Z,2025-10-07T21:20:01.583Z
121,Lala Cafe Clasico 330ml,Milkshakes,,"{'url':'2c84340efdff03bfa494e99067804acbb4b6db23f173fc96fdb49aafcb322f59.png','size':103878,'width':500,'height':500,'filename':'10.png','metadata':{'width':500,'height':500,'blurHash':'egRp2pxa_N-;Di%Mj[WAf6a#ozj[WAaya}s,aytRofWA%Mj[MxWBtR','blurHashWidth':32}}",28,56,,FALSE,FALSE,FALSE,,,1,,,,Lala,,,42.5,,,,ernesto@mvicorp.net,,,,,,,FALSE,,,,,,2025-03-18T00:08:53.289Z,2025-05-20T03:41:49.159Z
120,Kellogs Choco Crispis Lechita,Milkshakes,,"{'url':'5030388cc553ccc4786fea56dd8e4a3903684b8715d497b19cc70bdf7a881f75.png','size':155258,'width':500,'height':500,'filename':'29.png','metadata':{'width':500,'height':500,'blurHash':'ezQJcdxu~qt7IUt7jtoej[ay%NayM_j[ogxuj[fPjta#%2ayM{j[of','blurHashWidth':32}}",27,54.9,,FALSE,FALSE,FALSE,,,,,FALSE,,Marinela,,,33,,,,ernesto@mvicorp.net,,,,,,,FALSE,,,FALSE,,,2025-03-18T00:07:55.640Z,2025-08-12T16:57:46.374Z
119,El Tio Pol Sandia,Michelada Cups,TRUE,"{'url':'39c58f6a34d92f2120b78092ab33659091b350e79d385234f24416f366e368bc.png','size':216109,'width':500,'height':500,'filename':'14.png','metadata':{'width':500,'height':500,'blurHash':'eyQ9fwxu.8t7x]%3V@bGkCae_Nt7IAayRPx[kCjZj[ayXSV@oLkCjZ','blurHashWidth':32}}",12,30,,FALSE,FALSE,FALSE,,,1,,FALSE,,Tio Pol,,,21,,,,ernesto@mvicorp.net,,,,,,,FALSE,,,FALSE,,,2025-03-18T00:01:02.217Z,2025-10-07T21:01:36.774Z
118,Adobada,Sabritas Regular,FALSE,"{'url':'d08afe280afc6c2b73a7470c185748ec9f5b977b13cb713168858f5af1bd4a8e.png','size':233573,'width':500,'height':500,'filename':'adobada.png','metadata':{'width':500,'height':500,'blurHash':'e~RUgjxa*JkWXSoyj[oMWXj@W=jZjFfkofnjjZoyX7a#ozjaWAbGj[','blurHashWidth':32}}",26,67.6,Regular,FALSE,FALSE,FALSE,,,14,,FALSE,,Sabritas,,,48.1,,,,ernesto@mvicorp.net,,,Surtimex LLC,,,,FALSE,,,FALSE,,,2025-03-17T23:45:12.066Z,2025-10-07T01:30:30.116Z
117,Tostito Salsa Verde,Sabritas Regular,FALSE,"{'url':'ac7911009441458c9b0f6400cb9d2cb4603553b85f0099e09a3473cac766a4f9.png','size':206400,'width':500,'height':500,'filename':'32.png','metadata':{'width':500,'height':500,'blurHash':'e[Oq1Zxu_4s;njxtj[a#jbf7x]ayRPoekVoyj[offja{%3f7M{bFjZ','blurHashWidth':32}}",26,67.6,Regular,FALSE,FALSE,FALSE,,,3,,FALSE,,Sabritas,,,40.7,,,,ernesto@mvicorp.net,,,Surtimex LLC,,,,FALSE,,,FALSE,,,2025-03-17T23:32:46.548Z,2025-10-07T01:35:32.291Z
116,Leche Nito 236ml,Milkshakes,,"{'url':'5ed0f224d86c177536864f054d23de4038abfb5e84c27d4deb3691791b932717.png','size':164209,'width':500,'height':500,'filename':'6.png','metadata':{'width':500,'height':500,'blurHash':'e*Qcq[xt_4t8M|tQj?n,aha}xvfPRifkkBoLj[t7a#aexuj[RjayoL','blurHashWidth':32}}",27,39,,,,FALSE,,,,,,,Marinela,,,23,,,,ernesto@mvicorp.net,,,,,,,,,,,,,2025-03-17T22:17:48.111Z,2025-05-20T03:37:05.527Z
115,Yomi Chocolate 190ml,Milkshakes,,"{'url':'6301144c04933a2754d57a29150ba63117d03c8d6687587c04cc367b89a6df4a.png','size':141671,'width':500,'height':500,'filename':'13.png','metadata':{'width':500,'height':500,'blurHash':'ewRMC~t7?^x]IAt7j[ofj[WBx]j[MxaeozxajtbafkoLtRfQRjjZog','blurHashWidth':32}}",27,37.8,,,,TRUE,,,4,7801020556964,,,Lala,,,28.5,,,,ernesto@mvicorp.net,,,,,,,,,,,,,2025-03-17T22:16:08.540Z,2025-05-21T21:26:18.368Z
114,Yomi Fresa 190ml,Milkshakes,,"{'url':'a593961a91f96f91a28c86567fe2399282352043225495295ca31e053d474841.png','size':117532,'width':500,'height':500,'filename':'12.png','metadata':{'width':500,'height':500,'blurHash':'elR{Z3xu?^%MIAs:j[t7fkWBx]j[R5aet7%2j[Seayn+tRj[RPayoz','blurHashWidth':32}}",27,37.8,,,,TRUE,,,,7501020556971,,,Lala,,,28.5,,,,ernesto@mvicorp.net,,,,,,,,,,,,,2025-03-17T22:14:42.195Z,2025-05-22T20:33:57.732Z
113,Yomi Vainilla ,Milkshakes,,"{'url':'1ab36827ac4d9608db9124123f05838f173c035d207ad0d1d1f775a545052244.png','size':114448,'width':500,'height':500,'filename':'11.png','metadata':{'width':500,'height':500,'blurHash':'eoSPIVxb.T%MI9xtfQoMj[a{tSj[VrWCo}xuj[ayazj[t8j[V?afog','blurHashWidth':32}}",27,38.7,,,,TRUE,,,3,7501020556988,,,Lala,,,28.5,,,,ernesto@mvicorp.net,,,,,,,,,,,,,2025-03-17T22:12:56.872Z,2025-05-21T21:26:15.180Z
112,Kinder Sorpresa Barbie,Surprise,FALSE,"{'url':'9d332462ffb9d35a8878d070ea16342352ff4c1721da5abb4cd0dd427abebd17.png','size':206056,'width':500,'height':500,'filename':'16.png','metadata':{'width':500,'height':500,'blurHash':'ehR{Y~%M?^oyRQ%gf7RjkCkC%hWoMwnlbaxuayoMoMaxyCWVMys:t7','blurHashWidth':32}}",12,30,Regular,FALSE,FALSE,FALSE,,,10,,FALSE,,Kinder,,,120,,,,ernesto@mvicorp.net,,,Jacks Candy,,,,FALSE,,,FALSE,,,2025-03-17T20:43:10.674Z,2025-10-07T21:47:06.225Z
111,Kinder Sorpresa Hot Wheels,Surprise,FALSE,"{'url':'071829e0a6c1816dcdf5dcb68d9423f49e0eaeb29e57dfb09b6bb6cf00a2d7c6.png','size':208136,'width':500,'height':500,'filename':'17.png','metadata':{'width':500,'height':500,'blurHash':'eqQ,2axa_Nx]RPx]a|enoLkC?bofD%WBof%2oLS4W;jZtSbHRPaeof','blurHashWidth':32}}",12,30,Regular,FALSE,FALSE,FALSE,,,10,,FALSE,,Kinder,,,120,,,,ernesto@mvicorp.net,,,Jacks Candy,,,,FALSE,,,FALSE,,,2025-03-17T20:42:33.339Z,2025-10-07T21:47:13.609Z
110,Nescafe Latte 330ml,Milkshakes,,"{'url':'f1289e39938eb227e14facdc4af233ce1baa081187d1b97d573d543174521f7d.png','size':116693,'width':500,'height':500,'filename':'9.png','metadata':{'width':500,'height':500,'blurHash':'ezRCxkxu_Ns:Dixaj[bbf6ae%MayM{oLs:t7fkofjsaeo#ayV@j[of','blurHashWidth':32}}",12,30,Regular,FALSE,FALSE,FALSE,,,16,,,,Nestle,,,18.5,,,,ernesto@mvicorp.net,,,Jacks Candy,,,,FALSE,,,,,,2025-03-17T20:37:41.129Z,2025-05-20T03:41:30.164Z
109,Leche Gansito 236ml,Milkshakes,,"{'url':'6d07d035ee2c7c005942404a2265c2ed1c3f27050c6f1454f97e824574d51937.png','size':166225,'width':500,'height':500,'filename':'5.png','metadata':{'width':500,'height':500,'blurHash':'e+RVOqs:?^x[IpwdjZbvbHfjyDj[MxWVs.ozays:oLWCtlbHRPjFoL','blurHashWidth':32}}",27,39,Regular,FALSE,FALSE,FALSE,,,16,,,,Marinela,,,25.5,,,,ernesto@mvicorp.net,,,Jacks Candy,,,,FALSE,,,,,,2025-03-17T20:36:25.110Z,2025-05-20T03:42:58.669Z
108,Nestle Nesquick 330ml,Milkshakes,,"{'url':'874f3c608b58c28f266203c744fa3cca52f0564bf781f83e2a898cb136635059.png','size':124774,'width':500,'height':500,'filename':'8.png','metadata':{'width':500,'height':500,'blurHash':'e#RV:}t6?w%ND%xtj?j]a}WBbefkngf5WYoga#t6oeWBxuflM{jYt6','blurHashWidth':32}}",12,30,Regular,FALSE,FALSE,FALSE,,,14,,,,Nestle,,,18.5,,,,ernesto@mvicorp.net,,,Jacks Candy,,,,FALSE,,,,,,2025-03-17T20:34:37.130Z,2025-05-20T03:39:04.388Z
107,Nestle Carlos V Malteada 330ml,Milkshakes,,"{'url':'49e66468df180c1af34e95d434a897e31ef80fbef3a4c6f5dc4daf497711371c.png','size':125213,'width':500,'height':500,'filename':'CarlosV330ml.png','metadata':{'width':500,'height':500,'blurHash':'e%Roplxu?^ofI9xafkX8jajFtlayRPj[kWt7fkofjZWBxuayM{oLt7','blurHashWidth':32}}",12,30,Regular,FALSE,FALSE,FALSE,,,9,,TRUE,28.99,Nestle,,,18.5,,,,ernesto@mvicorp.net,,,Jacks Candy,,,,FALSE,,,,,,2025-03-17T20:32:35.790Z,2025-05-21T07:42:48.167Z
106,El Leon Dulce de Leche,Traditional Leche,,"{'url':'f9c2aa50d2f46397aef34c2b75ee1efd0eceb5e6f9d60a06cfc43b1da8902a6d.png','size':163506,'width':500,'height':500,'filename':'el super leon dulce de leche.png','metadata':{'width':500,'height':500,'blurHash':'ehRo]N%M.9xttRxuaxayofj]?wjYMwWXRixuogkCadaeaKRjWWt7oz','blurHashWidth':32}}",24,30,Regular,FALSE,FALSE,FALSE,,,3,,,,El Super Leon ,,,85,,,,ernesto@mvicorp.net,,,Jacks Candy,,,,FALSE,,,,,,2025-03-17T19:56:19.330Z,2025-05-26T23:51:07.801Z
105,El Peke Jamoncillo ,Traditional Leche,,"{'url':'07ffaa5da8d2fe7a4f26e635ad39f67adda72ffb7b02d905aee3e159ffa195db.png','size':128357,'width':500,'height':500,'filename':'peke jamoncillo.png','metadata':{'width':500,'height':500,'blurHash':'e-RVnQt6x]t7tlxuj[azjtjs.TkCROj[RPt8j@oJj[a#ROf6j]f6oy','blurHashWidth':32}}",16,24,Regular,FALSE,FALSE,FALSE,,,,,,,El Peke,,,,,,,ernesto@mvicorp.net,,,Jacks Candy,,,,FALSE,,,,,,2025-03-17T19:50:48.914Z,2025-05-25T05:22:44.715Z
104,El Peke Rollo de Guayaba Martajado,Tradicional Guayaba,FALSE,"{'url':'2a2cc9532ecca06ccef1814c62ec23fe60957b5877c48046d0d78b3e292e884c.png','size':69770,'width':500,'height':500,'filename':'peke rollo martajado.png','metadata':{'width':500,'height':500,'blurHash':'eaS6JU%M-;%MtR-;j[WBj[ae_NjZIAa}RPWAj[xbj[ofDhbHx]jtt7','blurHashWidth':32}}",16,24,Regular,FALSE,FALSE,FALSE,,,3,,FALSE,,El Peke,,,70,,,,ernesto@mvicorp.net,,,Jacks Candy,,,,FALSE,,,FALSE,,,2025-03-17T19:45:50.748Z,2025-10-08T23:11:10.037Z
103,El Leon Burrito Fresa,Tradicional Tamarindo,FALSE,"{'url':'d13a06294226822d43e07b0594936e5b5deaac7ad52923d10103a3b7fe657274.png','size':195749,'width':500,'height':500,'filename':'El Leon Burrito Fresa.png','metadata':{'width':500,'height':500,'blurHash':'ehQ,2Zt7?vxuxv?vofMxayWB_NofIAj[RPIAWBx]j[ozWAayj[azkC','blurHashWidth':32}}",24,30,Regular,FALSE,FALSE,FALSE,,,4,,FALSE,,El Super Leon ,,,79,,,,ernesto@mvicorp.net,,,Jacks Candy,,,,FALSE,,,FALSE,,,2025-03-17T19:37:46.561Z,2025-10-08T17:57:19.902Z
102,Mazapan La Molienda ,Peanuts,FALSE,"{'url':'2b66e981915a3b4e2ef3299d8531328d89474f0603f206b2c6a87f9f565c2535.png','size':171198,'width':500,'height':500,'filename':'mazapan.png','metadata':{'width':500,'height':500,'blurHash':'ecSiKjxt%%%gV@%Mfkf6j[fk%%ogMcV@j=%Lj[bHazjZV@aya_f5o#','blurHashWidth':32}}",36,48.96,XXL Familiar,FALSE,FALSE,FALSE,,,3,,FALSE,,La Molienda,,,120,,,,ernesto@mvicorp.net,,,Jacks Candy,,,,FALSE,,,FALSE,,,2025-03-17T19:33:08.825Z,2025-10-21T22:49:41.648Z
101,Pan de Pueblo Mixt,Cookies,,"{'url':'968fbb5f96f12be654f1d81e846e18d3d83cb98a4e7362b9a1fe944a84f68a12.png','size':221711,'width':500,'height':500,'filename':'12.png','metadata':{'width':500,'height':500,'blurHash':'edRyEHxt%$xa.T$*jZbHaybbx]kCV@ayV@s:fkozjat7yEa#VskCR5','blurHashWidth':32}}",30,52,Regular,FALSE,FALSE,TRUE,,,26,,,,La Molienda,,,31.99,,,,ernesto@mvicorp.net,,,Jacks Candy,,,,FALSE,,,,,,2025-03-17T19:24:36.028Z,2025-05-21T21:25:41.301Z
100,Amos Peelerz Green Apple,Jelly,,"{'url':'99fe9cb320e2cba2d516bccc2ba2cda2cf1f68531685ea8bd2a4307d320460b2.png','size':170837,'width':500,'height':500,'filename':'11.png','metadata':{'width':500,'height':500,'blurHash':'e$QmLqt7?KxuxbxXjZbJkBj]-rjvNEW.WAt7j[j]azj?xwj[Rijbax','blurHashWidth':32}}",12,39.75,Regular,FALSE,FALSE,FALSE,,,3,,,,Amos,,,26.52,,,,ernesto@mvicorp.net,,,Jacks Candy,,,,FALSE,,,,,,2025-03-17T19:22:24.528Z,2025-05-26T23:58:25.250Z
99,Amos Peelerz Pineapple,Jelly,FALSE,"{'url':'c9d9480e8da019c3692f8266a184fe52d39281b7cecdd7666ab5906c0e06f104.png','size':212058,'width':500,'height':500,'filename':'487.png','metadata':{'width':500,'height':500,'blurHash':'e^Q,2Bt7.AxtozjGa#oeodkDxwf7RifjaxxZj?bIa#aetSj@V?azay','blurHashWidth':32}}",12,39.75,Regular,FALSE,FALSE,FALSE,,,3,,FALSE,,Amos,,,26.52,,,,ernesto@mvicorp.net,,,Jacks Candy,,,,FALSE,,,FALSE,,,2025-03-17T19:22:02.123Z,2025-10-09T02:08:29.017Z
98,Amos Peelers Lychee,Jelly,,"{'url':'6f23c9fb66172719f4436649efbea641374700444a741304d81499ebc10a596f.png','size':180010,'width':500,'height':500,'filename':'9.png','metadata':{'width':500,'height':500,'blurHash':'eiRf5?xt?^%MtRnlj[tQa#bax^ofRPWVae-pjbS1bajGx]juRPWUfR','blurHashWidth':32}}",12,39.75,Regular,FALSE,FALSE,FALSE,,,4,,,,Amos,,,26.52,,,,ernesto@mvicorp.net,,,Jacks Candy,,,,FALSE,,,,,,2025-03-17T19:21:29.003Z,2025-05-26T23:58:29.312Z
97,Harry Potter Pop ups Jumbo Egg,Candy + Toy,,"{'url':'60e3c4adf97e8dc2ec3010daae6ebfe3ab99c2b337c7617c58647b6697e05517.png','size':210570,'width':500,'height':500,'filename':'8.png','metadata':{'width':500,'height':500,'blurHash':'elQvg,xt?v%MxvjEaytRj@j[_Nj]IAaxRP.8oeRPj]WBkCjtWBayof','blurHashWidth':32}}",12,71.88,XXL Familiar,FALSE,FALSE,FALSE,,,,,,,Peeps,,,39,,,,ernesto@mvicorp.net,,,Jacks Candy,,,,FALSE,,,,,,2025-03-17T19:19:39.537Z,2025-05-20T04:55:22.745Z
96,Barbie Pop Ups Jumbo Egg ,Candy + Toy,,"{'url':'a034b74ba3c178453ee42c307db1aaed1fc3261cb33876bd9e3e890c6ba4d28f.png','size':215347,'width':500,'height':500,'filename':'6.png','metadata':{'width':500,'height':500,'blurHash':'ejRVeCxu.Sxux]-;bFWBoMWB?^kBMdj[RPj]oMoeWUofo|WUV[oLWV','blurHashWidth':32}}",12,71.88,XXL Familiar,FALSE,FALSE,FALSE,,,,,,,Peeps,,,39,,,,ernesto@mvicorp.net,,,Jacks Candy,,,,FALSE,,,,,,2025-03-17T19:18:55.758Z,2025-05-20T05:02:55.369Z
95,Peeps Bunny Lollipop Ring ,Candy + Toy,,"{'url':'3651d3759ed4800cffe98b6c04d8aacdff757d9bc27043a79caa8f734fa1d7d8.png','size':110150,'width':500,'height':500,'filename':'3.png','metadata':{'width':500,'height':500,'blurHash':'edSY?T%2.Ax^MwxUbGo$oLad%NWXMxsltR%NoLadW;j@j^oJawR-kC','blurHashWidth':32}}",24,30,Regular,FALSE,FALSE,TRUE,,,4,,,,Peeps,,,29.5,,,,ernesto@mvicorp.net,,,Jacks Candy,,,,FALSE,,,,,,2025-03-17T19:17:42.645Z,2025-05-21T21:28:12.522Z
94,Peeps Pop up blister card 12ct,Candy + Toy,,"{'url':'ba981204f8a45692c427f952573539a720c62671f60fb5bbec88bef95cafecc7.png','size':239545,'width':500,'height':500,'filename':'2.png','metadata':{'width':500,'height':500,'blurHash':'eiQ]sExr?wtSxvxtWUogj[jZ?wW?ITs+R%xrogj]axW?tSj]acaxax','blurHashWidth':32}}",12,70,Regular,FALSE,FALSE,TRUE,,,,,,,Peeps,,,63.5,,,,ernesto@mvicorp.net,,,Jacks Candy,,,,FALSE,,,,,,2025-03-17T19:12:22.561Z,2025-05-22T20:33:59.081Z
93,Boing Triangulitos Mix,Jugos ,,"{'url':'244e43ceba9d52a441bc193b5ac86eab741ea713b14c35cf9877d024dd97a848.png','size':188544,'width':500,'height':500,'filename':'108.png','metadata':{'width':500,'height':500,'blurHash':'egQ]sLt7?w%L%Lj]WVaeaxxu?wt7D$RjWE-;ofbIa#M{t7WBjuogRj','blurHashWidth':32}}",18,30,Regular,FALSE,FALSE,FALSE,,,30,,,,Boing,,,15,,,,ernesto@mvicorp.net,,,Surtimex LLC,,,,FALSE,,,,,,2025-02-23T08:30:35.741Z,2025-05-20T04:05:20.455Z
92,Galletas Betunadas 1lb,Cookies,,"{'url':'5e913956fe908319afd1e7ae7af2009303e8f389adf519e3cf78232bf3a8d119.png','size':158056,'width':500,'height':500,'filename':'107.png','metadata':{'width':500,'height':500,'blurHash':'enS5|txu.Tx]IT.8j[ROf6oftlj[ROWCozt6juozj?aybZa{jZjuju','blurHashWidth':32}}",20,60,Regular,FALSE,FALSE,FALSE,,,8,,,,La Molienda,,,33.5,,,,ernesto@mvicorp.net,,,Surtimex LLC,,,,TRUE,,,,,,2025-02-23T08:29:52.192Z,2025-05-20T02:41:07.716Z
91,Galletas Animalito 1lb,Cookies,,"{'url':'51fe1b4096095a1bd2e598d7c9433c5f02561cc7c77b5f4221ff69b888f36236.png','size':154369,'width':500,'height':500,'filename':'106.png','metadata':{'width':500,'height':500,'blurHash':'enR:1sxa?w%NMw-=j]M_axofx^kCROWAo#xafjogj[j?t7f6V@fkof','blurHashWidth':32}}",20,60,Regular,FALSE,FALSE,FALSE,,,9,,,,La Molienda,,,32.25,,,,ernesto@mvicorp.net,,,Surtimex LLC,,,,FALSE,,,,,,2025-02-23T08:29:20.417Z,2025-05-20T02:41:10.967Z
90,Totis Chile y Limon 50g,Chips,,"{'url':'6f511c38643726e95854a40986032babe6281857347618d15d44b6f9d1b1181f.png','size':222253,'width':500,'height':500,'filename':'Tottis Chile y Limon.png','metadata':{'width':500,'height':500,'blurHash':'e?Q+vcs:.TxukVkVaysojubbt8fRV?aykCxFjZXSbIjGo}fkV@jZjG','blurHashWidth':32}}",24,31.2,Regular,FALSE,FALSE,FALSE,,,5,,,,Totis,,,25,,,,ernesto@mvicorp.net,,,Surtimex LLC,,,,FALSE,,,,,,2025-02-23T08:28:35.695Z,2025-05-26T23:52:04.349Z
89,Totis Sal y Limon 50g,Chips,,"{'url':'06f75f8e68e291965f90a66ae3ab734b5f6c6e60c2425d91e87f3e5316a124cc.png','size':216538,'width':500,'height':500,'filename':'Tottis Sal y Limon.png','metadata':{'width':500,'height':500,'blurHash':'e[Q0Nyoy?w$+spOUj?xHa#WXbwo1enWpbbw]bGXSo1o1t8bHV@o0ay','blurHashWidth':32}}",24,31.2,Regular,FALSE,FALSE,FALSE,,,5,,,,Totis,,,25,,,,ernesto@mvicorp.net,,,Surtimex LLC,,,,FALSE,,,,,,2025-02-23T08:28:01.939Z,2025-05-26T23:52:05.359Z
88,Boing Guayaba 500ml Tetra,Jugos ,,"{'url':'52bf7e78810676481e85e1c1860ad98d565ffbb1b4ad80429452eed9d2726d56.png','size':100241,'width':500,'height':500,'filename':'65.png','metadata':{'width':500,'height':500,'blurHash':'eaSPOp%M?w%2Di%Lj[WXfjoK%#f6I9bbx]tSj[xFfRR*xGbHR*njso','blurHashWidth':32}}",24,35,Regular,FALSE,FALSE,FALSE,,,18,,,,Boing,,,22.5,,,,ernesto@mvicorp.net,,,Surtimex LLC,,,,FALSE,,,,,,2025-02-23T08:25:54.782Z,2025-05-20T03:44:27.892Z
87,Boing Fresa 500ml Tetra,Jugos ,,"{'url':'f962aac85bb325470c5a252380ff3f839a3b5b7c3c6fc87492216a462f7095a5.png','size':108433,'width':500,'height':500,'filename':'66.png','metadata':{'width':500,'height':500,'blurHash':'efSFqsxu?^%MI9xuj[ofbHWV%hj[IAWBtS$+f6XRofnitRbHRQjFt7','blurHashWidth':32}}",24,35,Regular,FALSE,FALSE,FALSE,,,,,,,Boing,,,22.5,,,,ernesto@mvicorp.net,,,Surtimex LLC,,,,FALSE,,,,,,2025-02-23T08:25:24.840Z,2025-05-20T03:45:10.834Z
86,Boing Guanabana 500ml Tetra,Jugos ,,"{'url':'c17fa426dbf639c4fbcf1c8410a0cf2db72b6a04b76e08151bad956c73e73f39.png','size':91699,'width':500,'height':500,'filename':'62.png','metadata':{'width':500,'height':500,'blurHash':'eUS6Mc%M~q-;9FtRfkxaj[R%.8j]D%WBx]-;j[NGfks:xuj[M{WUt7','blurHashWidth':32}}",24,35,Regular,FALSE,FALSE,FALSE,,,,,,,Boing,,,22.5,,,,ernesto@mvicorp.net,,,Surtimex LLC,,,,FALSE,,,,,,2025-02-23T08:24:42.275Z,2025-05-20T03:45:23.205Z
85,Zambos Maduritos,Chips,,"{'url':'87f3cfca730ddc5bb04c4a9e519924a5ad5eb1cd5812d295db85a25486dc93a4.png','size':210587,'width':500,'height':500,'filename':'Zambos Maduritos.png','metadata':{'width':500,'height':500,'blurHash':'e$RyKKxt%%s=t5xsWBWYbHjsyFafVrkURjozt8ofaKjYtRbbRjnikC','blurHashWidth':32}}",24,70.8,Regular,FALSE,FALSE,FALSE,,,3,,,,Zambos,,,52.88,,,,ernesto@mvicorp.net,,,Surtimex LLC,,,,FALSE,,,,,,2025-02-23T08:19:04.684Z,2025-05-26T23:52:06.429Z
84,El Leon Martillo Tamarindo 24ct,Tradicional Tamarindo,FALSE,"{'url':'a2671a4029bd41af7e7edbbf4d2f6eeee50652587bc9e8515f9abd474c242678.png','size':203758,'width':500,'height':500,'filename':'El Leon Martillo tamarindo.png','metadata':{'width':500,'height':500,'blurHash':'ecRMVl%M~qt7M{%MofWCafae.8ofIUWBRjs:jatRa{WBj[WBWCt7oe','blurHashWidth':32}}",24,30,Regular,FALSE,FALSE,FALSE,,,3,,FALSE,,El Super Leon ,,,79,,,,ernesto@mvicorp.net,,,Jacks Candy,,,,FALSE,,,FALSE,,,2025-02-23T04:59:55.118Z,2025-10-08T17:56:43.568Z
83,El Leon Martillo Mango 24ct,Tradicional Tamarindo,FALSE,"{'url':'2958b25c4119c0051f5705077e87dbdbda0e0e398dcbe978c65faba8a62d8d53.png','size':217358,'width':500,'height':500,'filename':'El Leon.png','metadata':{'width':500,'height':500,'blurHash':'erQ,5gxu_Nt7Rj-payR+j[e--;ayIVfke-s:j[ozfke.bHaxjZoff7','blurHashWidth':32}}",24,30,Regular,FALSE,FALSE,FALSE,,,3,,FALSE,,El Super Leon ,,,79,,,,ernesto@mvicorp.net,,,Jacks Candy,,,,FALSE,,,FALSE,,,2025-02-23T04:53:14.559Z,2025-10-08T17:57:39.745Z
82,Lucas Gummies Sandia,Jelly,FALSE,"{'url':'83a9f4e980c458508639b9377afdb8b411885d7f2dbd4554777349deb504ecda.png','size':181333,'width':500,'height':500,'filename':'84.png','metadata':{'width':500,'height':500,'blurHash':'e=Ps*Dt7_4xuM{W-fQt7fkWUtRkCV?WBkCj?bHt7jtayxuj[RjWVof','blurHashWidth':32}}",12,28,Regular,FALSE,FALSE,FALSE,,,3,,FALSE,,Lucas,,,19,,,,ernesto@mvicorp.net,,,Jacks Candy,,,,FALSE,,,FALSE,,,2025-02-23T04:43:20.829Z,2025-10-07T21:18:50.334Z
81,Lucas Gummies Mango,Jelly,FALSE,"{'url':'4bb313ac10c5a42113765e61beead09104ac9e1e3bd69bc47c19cf8923f04832.png','size':186915,'width':500,'height':500,'filename':'83.png','metadata':{'width':500,'height':500,'blurHash':'e]RyB0t7*0xuV?s+fQkDj[aytRkCRjWBofs,j@bcfRn%o#j[aKaybI','blurHashWidth':32}}",12,28,Regular,FALSE,FALSE,FALSE,,,5,,FALSE,,Lucas,,,19,,,,ernesto@mvicorp.net,,,Jacks Candy,,,,FALSE,,,FALSE,,,2025-02-23T04:42:43.665Z,2025-10-07T21:16:19.789Z
80,Soda Bubble 24ct,Candy + Toy,,"{'url':'00b517fa5891b313d68eba0178ed0384a2afc11f9f5bcf756903f3592eaf30e8.png','size':289571,'width':500,'height':500,'filename':'80.png','metadata':{'width':500,'height':500,'blurHash':'erQ]7+rX.TyWozxuaKi_kCX7.mXSR5sWNFs;kVkWjIs:oMozR%Rjt7','blurHashWidth':32}}",24,30,Regular,FALSE,FALSE,FALSE,,,1,,,,Las Delicicas,,,48,,,,ernesto@mvicorp.net,,,Jacks Candy,,,,FALSE,,,,,,2025-02-23T04:31:46.776Z,2025-05-20T04:55:12.775Z
79,Mega Egg Cars 6ct,Surprise,FALSE,"{'url':'855c6aa88b125cdff86b32203270ef9263e5f3d9145824819f704a930a6113f4.png','size':195597,'width':500,'height':500,'filename':'Bondy Cars.png','metadata':{'width':500,'height':500,'blurHash':'ejQmCuxa?axat7ogaeo0ofof~pofD*ofRk-;ozX8WBRjRPWXX9n%oL','blurHashWidth':32}}",8,96,Regular,FALSE,FALSE,FALSE,,,1,,FALSE,,Bondy Fiesta,,,62,,,,ernesto@mvicorp.net,,,Jacks Candy,,,,FALSE,,,FALSE,,,2025-02-23T04:30:30.737Z,2025-10-07T21:48:08.118Z
78,Mega Egg Paw Patrol 6ct,Surprise,FALSE,"{'url':'1ec5f2313578245fb3642a4c0dc54495dd379a955f74c4fd5cc50a103812f8b9.png','size':176510,'width':500,'height':500,'filename':'Bondy Paw Patrol.png','metadata':{'width':500,'height':500,'blurHash':'evQcn^xu-;xtxuxtj[fkf5bH~qe.IUW=RPt8jsa{kCjZD%oet7a}of','blurHashWidth':32}}",8,96,Regular,FALSE,FALSE,FALSE,,,1,,FALSE,,Bondy Fiesta,,,62,,,,ernesto@mvicorp.net,,,Jacks Candy,,,,FALSE,,,FALSE,,,2025-02-23T04:30:00.903Z,2025-10-07T21:48:15.833Z
77,Mega Egg Cocomelon 6ct,Surprise,FALSE,"{'url':'86dd8ea06459b8fa551a726ebe5e4e33cf8ec7a0019222dfb9e54e518f15fa5c.png','size':175183,'width':500,'height':500,'filename':'Bondy Cocomelon.png','metadata':{'width':500,'height':500,'blurHash':'epRfObofyD%MxutRkCjZayoM?^t7R5WVRP%2aeW;kCWBR4WCWqaeoz','blurHashWidth':32}}",8,96,Regular,FALSE,FALSE,FALSE,,,1,,FALSE,,Bondy Fiesta,,,62,,,,ernesto@mvicorp.net,,,Jacks Candy,,,,FALSE,,,FALSE,,,2025-02-23T04:29:24.602Z,2025-10-07T21:48:23.555Z
76,Mega Egg Frozen 6ct,Surprise,FALSE,"{'url':'a154ee61de47fcf1c3e171480406a366b62376137751cb0d9728cbf31033a78e.png','size':203009,'width':500,'height':500,'filename':'Bondy Frozen.png','metadata':{'width':500,'height':500,'blurHash':'erQvg_oh%Mxtxut9agoeoejs_Ms-M{X8RPxsoxRlWBj]MxW;bIe.kW','blurHashWidth':32}}",8,96,Regular,FALSE,FALSE,FALSE,,,1,,FALSE,,Bondy Fiesta,,,62,,,,ernesto@mvicorp.net,,,Jacks Candy,,,,FALSE,,,FALSE,,,2025-02-23T04:28:45.321Z,2025-10-07T21:48:29.352Z
75,Tic Tac Naranja 12ct,Breath,FALSE,"{'url':'1366d14ec1c838c59763c671a9c2fbc6153f31477e755c236a5e920bcdfa11b2.png','size':270388,'width':500,'height':500,'filename':'43.png','metadata':{'width':500,'height':500,'blurHash':'euRL-3xt%#xvo~ozkCjFaej[.TW;ROofVs-VaxbvkCWqt8jZV@aebb','blurHashWidth':32}}",12,10,Regular,FALSE,FALSE,FALSE,,,2,,FALSE,,Tic Tac,,,65,,,,ernesto@mvicorp.net,,,Jacks Candy,,,,FALSE,,,FALSE,,,2025-02-23T03:28:17.275Z,2025-10-07T21:53:19.106Z
74,Tic Tac Fresa 12ct,Breath,FALSE,"{'url':'20ee879af3cce1fcbf910ab26906da31fab72b9cbb473dd5283c8b255c5646ab.png','size':233047,'width':500,'height':500,'filename':'44.png','metadata':{'width':500,'height':500,'blurHash':'ekQl^7xu.8xuxuofayjbayof_NfiMxofRQ-;j@bFofWBt7j[V[WBkC','blurHashWidth':32}}",12,10,Regular,FALSE,FALSE,FALSE,,,2,,FALSE,,Tic Tac,,,65,,,,ernesto@mvicorp.net,,,Jacks Candy,,,,FALSE,,,FALSE,,,2025-02-23T03:27:46.749Z,2025-10-07T21:53:24.794Z
73,Tic Tac Frutas 12ct,Breath,FALSE,"{'url':'ad5c5cf1c95ea1baea567c1a9f420d2d1c9f077c15e91933189a2fe664d3f9eb.png','size':238190,'width':500,'height':500,'filename':'42.png','metadata':{'width':500,'height':500,'blurHash':'evQvXc%M%ht8x]xtofWXjtfk?wRkM_oJM{tRWBofbGjZkDoLV@fkof','blurHashWidth':32}}",12,10,Regular,FALSE,FALSE,FALSE,,,2,,FALSE,,Tic Tac,,,65,,,,ernesto@mvicorp.net,,,Jacks Candy,,,,FALSE,,,FALSE,,,2025-02-23T03:27:09.668Z,2025-10-07T21:53:29.904Z
72,Tic Tac Menta 12ct,Breath,FALSE,"{'url':'2cf326cb14da2f79cfdc37a8ef4f9cd718fe5d12eca8d0a22d8410a4960e53af.png','size':191813,'width':500,'height':500,'filename':'41.png','metadata':{'width':500,'height':500,'blurHash':'eaQcuAt7^,%MxuWUfQs;WBof~qofE0kBRj^,ayRjt7WBxbj[WBafay','blurHashWidth':32}}",12,10,Regular,FALSE,FALSE,FALSE,,,2,,FALSE,,Tic Tac,,,65,,,,ernesto@mvicorp.net,,,Jacks Candy,,,,FALSE,,,FALSE,,,2025-02-23T03:26:38.359Z,2025-10-07T21:53:35.000Z
71,Kinder Sorpresa Niño,Surprise,FALSE,"{'url':'0ec395b7f72dc369bb1d6745ec564a8bcbe2ef52b23d86cba2cd8deae243866f.png','size':187057,'width':500,'height':500,'filename':'14.png','metadata':{'width':500,'height':500,'blurHash':'ekQ]vf%M~poyM{%hWVRPs:og?Zj?D+a#oc%1o0W?W=jZkrWXaIoKog','blurHashWidth':32}}",12,30,Regular,FALSE,FALSE,FALSE,,,10,,FALSE,,Kinder,,,120,,,,ernesto@mvicorp.net,,,Jacks Candy,,,,FALSE,,,FALSE,,,2025-02-23T03:22:37.682Z,2025-10-07T21:47:20.770Z
70,Kinder Sorpresa Niña,Surprise,FALSE,"{'url':'46e82427793e8fe89030d8e19d6533de29c3db6e2252e8e25cb3f60bfb505dd4.png','size':180920,'width':500,'height':500,'filename':'15.png','metadata':{'width':500,'height':500,'blurHash':'ekSO,b%M*IozV@%gayVsofbbyWbHQ.jZj[xubGfloMn%tSazRPoLof','blurHashWidth':32}}",12,30,Regular,FALSE,FALSE,FALSE,,,25,,FALSE,,Kinder,,,120,,,,ernesto@mvicorp.net,,,Jacks Candy,,,,FALSE,,,FALSE,,,2025-02-23T03:22:07.616Z,2025-10-07T21:47:26.697Z
69,Cheetos Torciditos,Sabritas Regular,FALSE,"{'url':'fa7768bbbec04a42e92ad416ce29a842b5e8aa13ac595dfeed00e17d02a80177.png','size':175207,'width':500,'height':500,'filename':'Cheetos Torciditos.png','metadata':{'width':500,'height':500,'blurHash':'e{RCD7t7.mt8RPofjtofbHaytRjaRPbGozw{jsbubHjatRbHRijZj[','blurHashWidth':32}}",40,104,Regular,FALSE,FALSE,FALSE,,,4,,FALSE,,Sabritas,,,37,,,,ernesto@mvicorp.net,,,Dulceria Mojica,,,,FALSE,,,FALSE,,,2025-02-23T00:04:44.073Z,2025-10-07T01:30:53.590Z
68,Cheetos Colmillo,Sabritas Regular,FALSE,"{'url':'aaed46471caa2eb92618ebc656ab5dd8e361d9e54f0f43ce167393216380b009.png','size':175277,'width':500,'height':500,'filename':'34.png','metadata':{'width':500,'height':500,'blurHash':'e?Pi|@t7_Nt7M{t7juofj[fPtRazRPodozs;j@oyfRWEx[j@M{azoe','blurHashWidth':32}}",20,65.8,Regular,FALSE,FALSE,FALSE,,,6,,FALSE,,Sabritas,,,35.15,,,,ernesto@mvicorp.net,,,Dulceria Mojica,,,,FALSE,,,FALSE,,,2025-02-22T23:59:34.626Z,2025-10-07T01:31:06.096Z
67,Sabriton,Sabritas Regular,FALSE,"{'url':'40a03c048b5058ba3b345826be2986b62cccdb500042d267796a34ed64fd09a1.png','size':211182,'width':500,'height':500,'filename':'Sabritones.png','metadata':{'width':500,'height':500,'blurHash':'e~P?UHt6?^t8RjoIjuozbFaxogafRjkBozWBaxt7kCj[ozj[WAafjZ','blurHashWidth':32}}",10,32.9,Regular,FALSE,FALSE,FALSE,,,10,,FALSE,,Sabritas,,,18.5,,,,ernesto@mvicorp.net,,,Dulceria Mojica,,,,FALSE,,,FALSE,,,2025-02-22T23:54:51.588Z,2025-10-07T01:36:16.151Z
66,Receta Crujiente Chica,Sabritas Chicas,FALSE,"{'url':'0f774a249c87f09eac3a2ce3d8c68f3dc36942402573f88737d876fe89062d14.png','size':178525,'width':500,'height':500,'filename':'33.png','metadata':{'width':500,'height':500,'blurHash':'e@P?m-xa_NozRPtQj[f7a}a{o#ayV?j[ozs;j[kCfQay%MbHM{n%kC','blurHashWidth':32}}",70,140,Chico,FALSE,FALSE,FALSE,,,27,,FALSE,,Sabritas,,,42,,,,ernesto@mvicorp.net,,,Dulceria Mojica,,,,FALSE,,,FALSE,,,2025-02-22T23:44:44.271Z,2025-10-07T01:33:00.337Z
65,Tostito Salsa Verde Chica,Sabritas Chicas,FALSE,"{'url':'ac7911009441458c9b0f6400cb9d2cb4603553b85f0099e09a3473cac766a4f9.png','size':206400,'width':500,'height':500,'filename':'32.png','metadata':{'width':500,'height':500,'blurHash':'e[Oq1Zxu_4s;njxtj[a#jbf7x]ayRPoekVoyj[offja{%3f7M{bFjZ','blurHashWidth':32}}",70,140,Chico,FALSE,FALSE,FALSE,,,49,,FALSE,,Sabritas,,,42,,,,ernesto@mvicorp.net,,,Dulceria Mojica,,,,FALSE,,,FALSE,,,2025-02-22T23:43:58.560Z,2025-10-07T01:35:43.017Z
64,Churrumaiz Limon Chico,Sabritas Chicas,FALSE,"{'url':'1f5e0e42ec19878a73b46e6ed25a1e398f8716881b0bb9944b26e02deea0026a.png','size':230109,'width':500,'height':500,'filename':'31.png','metadata':{'width':500,'height':500,'blurHash':'e.RCDBxu?^t7WBoMj@oya#a{o#f6V?f*ogspj[oyjsbHtka{VtjbbY','blurHashWidth':32}}",70,140,Chico,FALSE,FALSE,FALSE,,,44,,FALSE,,Sabritas,,,42,,,,ernesto@mvicorp.net,,,Dulceria Mojica,,,,FALSE,,,FALSE,,,2025-02-22T23:43:21.250Z,2025-10-07T01:32:06.581Z
63,Cheetos Bolita Chico,Sabritas Chicas,FALSE,"{'url':'7b22318d6e6f9bc2c0b735700b06c5d4d5ff53498db232ecfdc654582d7c75ce.png','size':195375,'width':500,'height':500,'filename':'30.png','metadata':{'width':500,'height':500,'blurHash':'e;RCYzxu?woNRit6j[ogWDf6tSjZRPbHogsVj[kWagagtRa|VsjZfk','blurHashWidth':32}}",70,140,Chico,FALSE,FALSE,FALSE,,,33,,FALSE,,Sabritas,,,42,,,,ernesto@mvicorp.net,,,Dulceria Mojica,,,,FALSE,,,FALSE,,,2025-02-22T23:42:35.450Z,2025-10-07T01:31:17.846Z
62,Crujito Chico,Sabritas Chicas,FALSE,"{'url':'f0f592176929191687e1b1f0cb2d17dd4cc6961bc3bc22f13c7895a8a974790e.png','size':204375,'width':500,'height':500,'filename':'29.png','metadata':{'width':500,'height':500,'blurHash':'e;Q0N-tR_4s;RjkBjZt7flaetlaeVsofj]WTkCs;aebbxuj[Rjaxj[','blurHashWidth':32}}",70,140,Chico,FALSE,FALSE,FALSE,,,29,,FALSE,,Sabritas,,,42,,,,ernesto@mvicorp.net,,,Dulceria Mojica,,,,FALSE,,,FALSE,,,2025-02-22T23:41:32.585Z,2025-10-07T01:33:08.579Z
60,Doritos Pizzerolas,Sabritas XXL,FALSE,"{'url':'fba703efcb677db8d2fab8f3e8ae6a9ade562c5aaf76cc212aa7cece2bf33607.png','size':181665,'width':500,'height':500,'filename':'27.png','metadata':{'width':500,'height':500,'blurHash':'e|ONXet7~Xt7RQoffjofjuayt8ayRij[ozoefjofj[jZxufQRjf6j[','blurHashWidth':32}}",24,108,XXL Familiar,FALSE,FALSE,FALSE,,,1,,FALSE,,Sabritas,,,56,,,,ernesto@mvicorp.net,,,Dulceria Mojica,,,,FALSE,,,FALSE,,,2025-02-22T23:14:16.659Z,2025-10-07T01:26:09.208Z
59,Dorito Flaming Hot,Sabritas XXL,FALSE,"{'url':'8388d970d0f5c6a6cd73285f727c5aff5ec2d16a6fef7fc6da319f617d01145a.png','size':166755,'width':500,'height':500,'filename':'DoritoXtraFlamingHot.png','metadata':{'width':500,'height':500,'blurHash':'e^PGHkt7_NxujEofj[ofjuaztlfkRPjZf+spfQkCj[oK%2j[M|ayjt','blurHashWidth':32}}",24,108,XXL Familiar,FALSE,FALSE,FALSE,,,14,,FALSE,,Sabritas,,,56,,,,ernesto@mvicorp.net,,,Dulceria Mojica,,,,FALSE,,,FALSE,,,2025-02-22T22:48:52.272Z,2025-10-07T01:26:21.302Z
57,Lala Media Crema ,Milkshakes,TRUE,"{'url':'d4532b2570efd495ebf5f38462aa888aba02f66d43982947659ea1ee8742b878.png','size':148533,'width':500,'height':500,'filename':'30.png','metadata':{'width':500,'height':500,'blurHash':'eSR{roxu_N?bRP.8kCaKadjs-:s:IoR+WV-pjZbGkCf+%gbIMxn#t6','blurHashWidth':32}}",27,67.5,Regular,FALSE,FALSE,FALSE,,,,,FALSE,,Lala,,,35,,,,anabejarano@icloud.com,,,Dulceria Mojica,,,,FALSE,,,FALSE,,,2025-02-15T04:24:42.637Z,2025-08-12T17:35:36.618Z
55,Frito Sal ,Sabritas Regular,FALSE,"{'url':'ba2b1ca4cce09e6c1741de83b67bb8523f4b7d45c0a3ab723011e2bdcd6f03e6.png','size':189689,'width':500,'height':500,'filename':'Fritos Sal y. Limon.png','metadata':{'width':500,'height':500,'blurHash':'e|R2[7t6.Tt8M{s.oJkCWXafozj?V@a#ozk8a{s;j[ayt7juWAa{j[','blurHashWidth':32}}",40,104,Regular,FALSE,FALSE,FALSE,,,6,,FALSE,,Sabritas,,,38.85,,,,ernesto@mvicorp.net,,,Dulceria Mojica,,,,FALSE,,,FALSE,,,2025-02-15T04:13:09.808Z,2025-10-07T01:33:46.228Z
54,Fritos Con Chile ,Sabritas Regular,FALSE,"{'url':'a2cce9b5dbd88e8fa52451b9517eb8307094bc0352873b02b682da2567beefdf.png','size':207811,'width':500,'height':500,'filename':'Fritos Chile Y Limon.png','metadata':{'width':500,'height':500,'blurHash':'e^R2oXt7.mxuWBwJjtbvbHa#xujtRiazogjFayt7kCf6t7jtWBbHjZ','blurHashWidth':32}}",40,104,Regular,FALSE,FALSE,FALSE,,,1,,FALSE,,Sabritas,,,37,,,,anabejarano@icloud.com,,,Dulceria Mojica,,,,FALSE,,,FALSE,,,2025-02-15T04:13:07.347Z,2025-10-07T01:33:53.197Z
53,Churrumaiz Flaming Hot,Sabritas Regular,FALSE,"{'url':'5ba88df2229b3f5e0c032055d944bd925d928ae2f96b1d9aa262ca503d151ce5.png','size':215169,'width':500,'height':500,'filename':'Churrumaiz Flaming Hot.png','metadata':{'width':500,'height':500,'blurHash':'e~Q9D.xu?^j[WBsnoLkWWqjZo#ayV?ofofjbj[t6jtbHtRjZRjbHj[','blurHashWidth':32}}",40,104,Regular,FALSE,FALSE,FALSE,,,18,,FALSE,,Sabritas,,,55.5,,,,anabejarano@icloud.com,,,Dulceria Mojica,,,,FALSE,,,FALSE,,,2025-02-15T04:08:12.382Z,2025-10-07T01:32:18.841Z
52,Doritos Incognita ,Sabritas XXL,FALSE,"{'url':'3c1fa15993c7e88785c7205adc94bc1030c3291240e1a6facda2f5ccab0d592a.png','size':139258,'width':500,'height':500,'filename':'Dorito Incognita.png','metadata':{'width':500,'height':500,'blurHash':'e_Op#=t7~qt7M{fRjtt7j[ayxuayM{j[ozjZfQt7j[jZxufQRjfQj[','blurHashWidth':32}}",24,108,XXL Familiar,FALSE,FALSE,FALSE,,,,,FALSE,,Sabritas,,,,,,,anabejarano@icloud.com,,,Dulceria Mojica,,,,FALSE,,,FALSE,,,2025-02-15T04:02:14.315Z,2025-10-07T01:26:31.080Z
51,La Molienda Alfajor de Coco,Tradicional Coco,FALSE,"{'url':'b30a6c265341d0429ff382f7e774570cd96ad8bca5d689729ac5e803eb83952a.png','size':113007,'width':500,'height':500,'filename':'La Molienda Alfajor.png','metadata':{'width':500,'height':500,'blurHash':'enRo${xu%#xbtRsBWAoyt7of?^jFIAkWRP.8t8V@RPV@MxkWt7aKba','blurHashWidth':32}}",50,75,Regular,FALSE,FALSE,FALSE,,,3,,FALSE,,La Molienda,,,,,,,ernesto@mvicorp.net,,,Jacks Candy,,,,FALSE,,,FALSE,,,2025-02-13T07:40:48.440Z,2025-10-08T23:02:27.939Z
50,La Molienda Barra de Leche 10ct,Traditional Leche,,"{'url':'0b99a02ee32ace6ea6d9cf09b2aac72f9cedfe03610d4d445da10e555e1e490b.png','size':96696,'width':500,'height':500,'filename':'La Molienda Barra de Leche.png','metadata':{'width':500,'height':500,'blurHash':'eqS60#xu%gxutRxZjtkCj[fk?wj[Mwj[RP%gj[V@j@jYI9aytRfioz','blurHashWidth':32}}",24,45.6,,FALSE,FALSE,FALSE,,,3,,,,La Molienda,,,,,,,,Jacks Candy,,Jacks Candy,,,,FALSE,,,,,,2025-02-13T07:40:16.028Z,2025-05-20T02:40:56.279Z
49,La Molienda Churro de Leche,Traditional Leche,,"{'url':'421535f6d54a3727357ef50bc796c28a1c9a03038978e9cdb0ab2f019b74eb72.png','size':55532,'width':500,'height':500,'filename':'La Molienda Churro de Leche.png','metadata':{'width':500,'height':500,'blurHash':'eRSr_v%M%h-;kW.8j[WAfRae.TkCIAayjEnhayxuofogH?axx]fRW=','blurHashWidth':32}}",80,160,Regular,FALSE,FALSE,FALSE,,,8,,,,La Molienda,,,,,,,ernesto@mvicorp.net,,,Jacks Candy,,,,FALSE,,,,,,2025-02-13T07:39:41.021Z,2025-05-20T02:41:09.445Z
48,El Peke Tarugo Chile 18ct,Tradicional Tamarindo,FALSE,"{'url':'1c94a0a8fb6376828bdc1a013e97921ff89842cd1affb1eff0b98324bcb42d85.png','size':237174,'width':500,'height':500,'filename':'El Peke Tarugos.png','metadata':{'width':500,'height':500,'blurHash':'eyQ+=~t7?wxtjYxZkCbcadf5%#kCMxf5axozays.flWCo}axaJbIa~','blurHashWidth':32}}",18,24,Regular,FALSE,FALSE,FALSE,,,6,,FALSE,,El Peke,,,,,,,ernesto@mvicorp.net,,,Jacks Candy,,,,FALSE,,,FALSE,,,2025-02-13T07:26:44.851Z,2025-10-08T22:58:13.347Z
47,El Peke Martillo Tamarindo 16ct,Tradicional Tamarindo,FALSE,"{'url':'c67a085276a7dc708b28d09093e5883af2d80c0d00ae645ccefbdc6102474c1f.png','size':221005,'width':500,'height':500,'filename':'El Peke Martillo Tamarindo.png','metadata':{'width':500,'height':500,'blurHash':'e#P%9Pt7_NxuofV?jZt8kCof-;oeMxWCayxtayj[ofayx]ayRPofay','blurHashWidth':32}}",16,24,Regular,FALSE,FALSE,FALSE,,,6,,FALSE,,El Peke,,,,,,,ernesto@mvicorp.net,,,Jacks Candy,,,,FALSE,,,FALSE,,,2025-02-13T07:22:40.005Z,2025-10-08T17:58:55.803Z
46,El Peke Surtido 16ct,Traditional Leche,,"{'url':'b564f3cb98a46e173c5b0c2c2647a6618c934c457978f5d27553280c5ebab527.png','size':159757,'width':500,'height':500,'filename':'El Peke Surtido Mix.png','metadata':{'width':500,'height':500,'blurHash':'esRVzyxu%#xu%Lt6j[ogayj@?wj[Mwj?M{x]azV@oLazRPayf,j[s:','blurHashWidth':32}}",16,24,Regular,FALSE,FALSE,FALSE,,,3,,,,El Peke,,,,,,,ernesto@mvicorp.net,,,Jacks Candy,,,,FALSE,,,,,,2025-02-13T07:19:02.300Z,2025-05-26T23:57:57.210Z
45,El Peke Cocada Horneada 16ct,Tradicional Coco,FALSE,"{'url':'7701bb4ef03bc4e2467b1521c6a692454187516319618e1da7e4ac0c7ec79a33.png','size':161257,'width':500,'height':500,'filename':'202.png','metadata':{'width':500,'height':500,'blurHash':'eiRyNex].TxFxZ%1o#f,Vsay.TofMdaxR+x]V@aeo#j[kCf5aeogkD','blurHashWidth':32}}",16,24,Regular,FALSE,FALSE,FALSE,,,10,,FALSE,,El Peke,,,,,,,ernesto@mvicorp.net,,,Jacks Candy,,,,FALSE,,,FALSE,,,2025-02-13T07:14:30.570Z,2025-10-08T23:01:16.263Z
44,El Peke Cocada 3 Leches 16ct,Tradicional Coco,FALSE,"{'url':'1463cd7803a0f7f6a813a7ae3096dd02b80a62de8068fe54c51e25639c073afd.png','size':152599,'width':500,'height':500,'filename':'203.png','metadata':{'width':500,'height':500,'blurHash':'efRfRe%M.TxZxY%LozWYV?a_?wayI9kBWUxvV?oyo}V@kDe-j?kXWB','blurHashWidth':32}}",16,24,Regular,FALSE,FALSE,FALSE,,,20,,FALSE,,El Peke,,,48,,,,ernesto@mvicorp.net,,,Jacks Candy,,,,FALSE,,,FALSE,,,2025-02-13T07:13:48.713Z,2025-10-08T23:01:27.987Z
43,El Peke Rollo Guayaba Rosa,Tradicional Guayaba,FALSE,"{'url':'d53cb276d828a892149c8ccbfebc610b73f4f82d6312391a98eb5c207931177f.png','size':100213,'width':500,'height':500,'filename':'rollorojo.png','metadata':{'width':500,'height':500,'blurHash':'eaSFz{%M%g%MtR%Mj[fRj[ay?^j[IAayRjx]j[f6j[j[DOayx]j[t7','blurHashWidth':32}}",16,24,Regular,FALSE,FALSE,FALSE,,,3,,FALSE,,El Peke,,,,,,,ernesto@mvicorp.net,,,Jacks Candy,,,,FALSE,,,FALSE,,,2025-02-13T07:01:04.530Z,2025-10-08T23:11:19.961Z
42,El Peke Alfajor 16ct,Tradicional Coco,FALSE,"{'url':'f4340d6a32c93516e3877842493814f6cc5ae6c93346516b623b0e8a1d4561c4.png','size':82164,'width':500,'height':500,'filename':'El Peke Alfajor1.png','metadata':{'width':500,'height':500,'blurHash':'eYSY:P%2%g%Moy%2j[kCj[fQ?wofITayWB%gj[aKfRjuD$WBxvj[kB','blurHashWidth':32}}",16,24,Regular,FALSE,FALSE,FALSE,,,6,,FALSE,,El Peke,,,75,,,,ernesto@mvicorp.net,,,Jacks Candy,,,,FALSE,,,FALSE,,,2025-02-13T06:58:29.073Z,2025-10-08T23:02:34.098Z
41,El Peke Coco Mix 20ct,Tradicional Coco,FALSE,"{'url':'c9d923fc07971be5ff85e4483bc320d10d8faf5a8bcce6163cc337e7bf2e7ecd.png','size':226409,'width':500,'height':500,'filename':'El Peke Coco Mix1.png','metadata':{'width':500,'height':500,'blurHash':'eoR2}WjE?^-;n+xaaeW;ofof.9t7MxRjRjxukCn+aejtxubHRijFkC','blurHashWidth':32}}",20,32,Regular,FALSE,FALSE,FALSE,,,3,,FALSE,,El Peke,,,,,,,ernesto@mvicorp.net,,,Jacks Candy,,,,FALSE,,,FALSE,,,2025-02-13T06:51:53.126Z,2025-10-08T23:02:18.600Z
40,El Leon Palanqueta Mixto 24ct,Peanuts,,"{'url':'1a0fe23b49584359efac188542ca6be0e53f665f4c309736e6ee132cc0bc6607.png','size':205063,'width':500,'height':500,'filename':'El Leon Palanqueta Mixto.png','metadata':{'width':500,'height':500,'blurHash':'eZSFhR.S.Tr?Ri-;V?kDozRP.TROMdo}ogsntlWAVstRt7a}WAjYkD','blurHashWidth':32}}",24,45,Regular,FALSE,FALSE,FALSE,,,6,,,,El Super Leon ,,,79,,,,ernesto@mvicorp.net,,,Jacks Candy,,,,FALSE,,,,,,2025-02-13T06:46:25.970Z,2025-05-26T23:52:45.790Z
39,El Leon Alegrias Amaranto,Traditional Leche,,"{'url':'f85b7e0f66d524f950c0be720b8154503f74725ef7a5ebc8ecf7b3bc6749101a.png','size':166994,'width':500,'height':500,'filename':'amarantos.png','metadata':{'width':500,'height':500,'blurHash':'egR:1tt6?w-=RP%LjsR+fkof.9ogI9V@ozo}j[xZjZRkxaofRjWBof','blurHashWidth':32}}",20,30,,FALSE,FALSE,FALSE,,,4,,FALSE,,El Super Leon ,,,77.5,,,,,Jacks Candy,,Jacks Candy,,,,FALSE,,,,,,2025-02-13T06:42:19.665Z,2025-05-24T23:15:05.203Z
38,El Peke Martillo Mango 16ct,Tradicional Tamarindo,FALSE,"{'url':'fe682550c3cda8b2efec0a190c1f09540566eea5655a4e74d99947d62d0aca65.png','size':214099,'width':500,'height':500,'filename':'El Peke Martillo Mango1.png','metadata':{'width':500,'height':500,'blurHash':'eaRV;3%2_NtRRj%MtRozWAae?bRjD%xtt7-;f6WBkCa#tSozV@V@WB','blurHashWidth':32}}",16,24,,FALSE,FALSE,FALSE,,,6,,FALSE,,El Peke,,,,,,,ernesto@mvicorp.net,,,Jacks Candy,,,,FALSE,,,FALSE,,,2025-02-13T06:40:23.676Z,2025-10-08T17:59:07.253Z
37,El Leon Burrito Tamarindo,Tradicional Tamarindo,FALSE,"{'url':'31f1a47d611481a835c0d9f3b16a3faca9eab48e137d2410137d364ef9187ced.png','size':206871,'width':500,'height':500,'filename':'El Leon Burrito Tamarindo.png','metadata':{'width':500,'height':500,'blurHash':'emQ9.nxa_Nxvof-:j[WDj[Rj_NofD%ayRiRjf6t7fkt7bHayWBjtt7','blurHashWidth':32}}",24,30,,FALSE,FALSE,FALSE,,,3,,FALSE,,El Super Leon ,,,,,,,,Jacks Candy,,Jacks Candy,,,,FALSE,,,FALSE,,,2025-02-13T06:26:08.892Z,2025-10-08T17:58:19.051Z
36,El Leon Burrito Sandia,Tradicional Tamarindo,FALSE,"{'url':'5570416ad7592aec3427feda2b12c80981ed2cc8db0e0c57df8517d4edb819c9.png','size':186090,'width':500,'height':500,'filename':'El Leon Burrito Sandia.png','metadata':{'width':500,'height':500,'blurHash':'enQcesxu_Nxuf5-;j[R*j[V@_3j[D%j[V@Rif6xufkozX8a}adf6oz','blurHashWidth':32}}",24,30,,FALSE,FALSE,FALSE,,,3,,FALSE,,El Super Leon ,,,,,,,,Jacks Candy,,Jacks Candy,,,,FALSE,,,FALSE,,,2025-02-13T06:25:03.014Z,2025-10-08T17:58:29.661Z
35,El Leon Burrito Mango,Tradicional Tamarindo,FALSE,"{'url':'4265397622f845e9a2d4ad4d1809d02018638f31e08c644228962332c99d2113.png','size':178489,'width':500,'height':500,'filename':'187.png','metadata':{'width':500,'height':500,'blurHash':'egRV%:xu?^x]jY%Mj[bIj]V?_4kCD%ayV@sojtozfkogNGaysnjZoz','blurHashWidth':32}}",24,30,Regular,FALSE,FALSE,FALSE,,,3,,FALSE,,El Super Leon ,,,,,,,ernesto@mvicorp.net,,,Jacks Candy,,,,FALSE,,,FALSE,,,2025-02-13T06:23:07.415Z,2025-10-08T17:58:39.322Z
34,Galleta Grajeas 1lb,Cookies,,"{'url':'8c269d6972f7c7db69fa59835d1f415caf09660271c6ffdbb4a89834c5753052.png','size':223317,'width':500,'height':500,'filename':'33.png','metadata':{'width':500,'height':500,'blurHash':'e*Ql^0t7?wxuRi-=j[M{f6WB%Nj[M_ayfkt7fkj@j[ofofayWBj[oM','blurHashWidth':32}}",20,60,Regular,FALSE,FALSE,FALSE,,,4,,FALSE,,La Molienda,,,,,,,ernesto@mvicorp.net,,,Jacks Candy,,,,FALSE,,,,,,2025-02-13T06:16:15.963Z,2025-05-21T06:31:52.806Z
33,La Molienda Garapinado 25ct,Peanuts,,"{'url':'2e613b34b8dab461f750c4901bb963b9f3d84349901c8789cac38f6b8787f101.png','size':251166,'width':500,'height':500,'filename':'La Molienda Garapinado.png','metadata':{'width':500,'height':500,'blurHash':'eqPsO}%M?vxu.8xaofkCWBaz_NWBIUayM{xvWBWBofofx]j[V@j@Rj','blurHashWidth':32}}",5,31.25,,FALSE,FALSE,FALSE,,,3,,,,La Molienda,,,,,,,,Jacks Candy,,Jacks Candy,,,,FALSE,,,,,,2025-02-13T06:07:38.959Z,2025-05-25T05:42:11.640Z
32,La Molienda Barra Mixt ,Peanuts,,"{'url':'85c61cf836a0ea2c310722ce328eafd0a7a5e4a4794b662b7b787a54fc508122.png','size':98187,'width':500,'height':500,'filename':'La Molienda Barra Mixt.png','metadata':{'width':500,'height':500,'blurHash':'ecSFz_%M%Nx]xuxuj[j[fQfk_4bHMxoLRP%Nayaeofay9Ef6x]a}t7','blurHashWidth':32}}",70,140,,FALSE,FALSE,FALSE,,,5,,FALSE,,La Molienda,,,,,,,,Jacks Candy,,Jacks Candy,,,,FALSE,,,FALSE,,,2025-02-13T05:34:22.377Z,2025-07-30T04:22:19.302Z
31,Morelianas Galletas,Cookies,,"{'url':'7ed252e4e9f0b6c6e6e9057c76e6e543616cfe1bf782b5cbd9c6457d1cef65f6.png','size':709389,'width':1024,'height':1024,'filename':'moreliana.png','metadata':{'width':1024,'height':1024,'blurHash':'euQ+.-xa.Txu%Mx]fkjYfiae.9j[R4jsRjxuj[ayaykCx]j[Rjj[WB','blurHashWidth':32}}",20,25,Regular,FALSE,FALSE,FALSE,,,19,,,,Las Morelianas,,,20,,,,ernesto@mvicorp.net,,,Jacks Candy,,,,FALSE,,,,,,2025-02-13T05:21:30.834Z,2025-05-26T23:52:48.021Z
30,Cubanito Mix Tamarnido,Michelada Cups,FALSE,"{'url':'47665df8aa5c8c59b67c0968dfac731475a2c0b9d8e10f49309e79e178b9c89a.png','size':139424,'width':500,'height':500,'filename':'13.png','metadata':{'width':500,'height':500,'blurHash':'eyQT1Ht7~p%MD%a%azt6j[ofxuj[M{WBt7t7j[off6Rjxuj[M{axt7','blurHashWidth':32}}",24,58,Regular,FALSE,FALSE,FALSE,,,7,,FALSE,,Cubanito,,,40.8,,,,ernesto@mvicorp.net,,,Surtimex LLC,,,,FALSE,,,FALSE,,,2025-02-12T22:15:47.747Z,2025-10-08T04:21:05.410Z
29,Cubanito Mix Original,Michelada Cups,,"{'url':'04d4e0f9f61c30728e12bcc29d56886728d4911f9b2b42af8989f5ebf7bcf661.png','size':188930,'width':500,'height':500,'filename':'Cubanito original.png','metadata':{'width':500,'height':500,'blurHash':'e^PQBCt6~qxuITW-ays;oMoyt7fkRjayofofj[ofayWBt7fkV@f6of','blurHashWidth':32}}",24,58,Regular,FALSE,FALSE,FALSE,,,10,,,,Cubanito,,,40.8,,,,ernesto@mvicorp.net,,,Surtimex LLC,,,,FALSE,,,,,,2025-02-12T22:14:37.885Z,2025-05-20T02:50:30.387Z
28,Cubanito Mix Sandia ,Michelada Cups,FALSE,"{'url':'4e086dd48453292c0a2d72f0f24ec7efb60d52e309537c41e164d09f89b82e72.png','size':130993,'width':500,'height':500,'filename':'12.png','metadata':{'width':500,'height':500,'blurHash':'eyQvj{t7_N%MD%nif6ozfkoM%2j]M{WBt7t7j[off6Rjxuj[M{ayt7','blurHashWidth':32}}",24,58,Regular,FALSE,FALSE,FALSE,,,1,,FALSE,,Cubanito,,,40.8,,,,ernesto@mvicorp.net,,,Surtimex LLC,,,,FALSE,,,FALSE,,,2025-02-12T22:10:34.095Z,2025-10-08T04:21:21.684Z
27,Cubanito Mix Chamoy ,Michelada Cups,,"{'url':'8c721de16a2560506cc1707eadf9455ac11db3af9c39f9bff407d59f22d4b577.png','size':611731,'width':1024,'height':1024,'filename':'66.png','metadata':{'width':1024,'height':1024,'blurHash':'e$Q,2as:_N%MD%sAf6ozkCoLxuj[M{WBt7t7fkofjtWBxuj[M{WVt7','blurHashWidth':32}}",24,58,Regular,FALSE,FALSE,FALSE,,,2,,,,Cubanito,,,40.8,,,,ernesto@mvicorp.net,,,Surtimex LLC,,,,FALSE,,,,,,2025-02-12T22:08:44.961Z,2025-05-26T23:52:54.760Z
26,Cubanito Mix Mango 24ct,Michelada Cups,,"{'url':'54d7b81a3143143ea9d4174bc7651a6fc567c916d1a9a74bbd0b56cb6c6edc54.png','size':597140,'width':1024,'height':1024,'filename':'111.png','metadata':{'width':1024,'height':1024,'blurHash':'e#R3K3t7_4xvD$t5fPkDj[oex]j[M{axt7xbj[kBfPWBxuj[M{ayt7','blurHashWidth':32}}",24,58,Regular,FALSE,FALSE,FALSE,,,,,,,Cubanito,,,40.8,,,,ernesto@mvicorp.net,,,Surtimex LLC,,,,FALSE,,,,,,2025-02-12T22:07:09.851Z,2025-05-26T23:52:55.407Z
25,Ruffles Queso,Sabritas Regular,FALSE,"{'url':'775557b983c8c5e9e31525a3ef3f04e39799d1d3df5c6a9095664ed8b0c28b6d.png','size':236750,'width':500,'height':500,'filename':'ruffles.png','metadata':{'width':500,'height':500,'blurHash':'e^P6?JWA?w%Ms;ozkBoeahjHS$j[nOWCofocWVogoLbHo#flaKf5bF','blurHashWidth':32}}",30,78,Regular,FALSE,FALSE,FALSE,,,7,,FALSE,,Sabritas,,,55.5,,,,ernesto@mvicorp.net,,,Surtimex LLC,,,,FALSE,,,FALSE,,,2025-02-12T21:57:47.747Z,2025-10-07T01:34:35.807Z
24,Cheetos Flaming Hot,Sabritas Regular,FALSE,"{'url':'ac74e50ab2b104f44356b8de8d43072822eef1d09258d5dc0cc4b3d577b63c3c.png','size':805687,'width':1080,'height':1080,'filename':'chetoflamingnew.png','metadata':{'width':1080,'height':1080,'blurHash':'e?Q]Zsxa?wo#RPxtfPaffkfjbxj[i^axf+n-j[oyayjst8a#V@oIof','blurHashWidth':32}}",40,104,Regular,FALSE,FALSE,FALSE,,,39,,FALSE,,Sabritas,,,35.15,,,,ernesto@mvicorp.net,,,Surtimex LLC,,,,FALSE,,,FALSE,,,2025-02-12T21:55:29.722Z,2025-10-07T01:31:29.550Z
23,Cheeto Bolita,Sabritas Regular,FALSE,"{'url':'b97eda75a67f19d4a3178c6d42ccedf217931fdd87d4d34f8c6fb8ff3760f21a.png','size':260048,'width':500,'height':500,'filename':'bolita.png','metadata':{'width':500,'height':500,'blurHash':'e~Q*=Ys:.mxtpHt6jsjvfkbFkDfjWAazkBw|f7bbfij[ozf7WAfiay','blurHashWidth':32}}",24,62.4,Regular,FALSE,FALSE,FALSE,,,5,,FALSE,,Sabritas,,,42.55,,,,ernesto@mvicorp.net,,,Surtimex LLC,,,,FALSE,,,FALSE,,,2025-02-12T21:51:47.003Z,2025-10-07T01:31:37.548Z
22,Doritos Nacho ,Sabritas Regular,FALSE,"{'url':'52ee4b24103e007fe3578f1b3f27925b4dc2b49615eeb537a5f09f142768eeee.png','size':171730,'width':500,'height':500,'filename':'413.png','metadata':{'width':500,'height':500,'blurHash':'e=Q+sct7?^xuM{t7aeofkCWBtlj[RPayt7sTj]kDaykCx]axRPbIay','blurHashWidth':32}}",30,78,Regular,FALSE,FALSE,FALSE,,,8,,FALSE,,Sabritas,,,42.55,,,,anabejarano@icloud.com,,,Jennys Distribution,,,,FALSE,,,FALSE,,,2025-02-05T00:09:16.770Z,2025-10-07T01:34:25.501Z
21,Receta Crujiente ,Sabritas Regular,FALSE,"{'url':'6aa9d7d63b6abda3603750a72ba39c340a760ebc57fb301d8ade33e7156117c2.png','size':246979,'width':500,'height':500,'filename':'412.png','metadata':{'width':500,'height':500,'blurHash':'e.QI-=tR?^xaxZozf7ofj[jrOZjar;W:ofiykBo|afoLozfjV@jaj]','blurHashWidth':32}}",30,78,Regular,FALSE,FALSE,FALSE,,,2,,FALSE,,Sabritas,,,55.5,,,,anabejarano@icloud.com,,,Jennys Distribution,,,,FALSE,,,FALSE,,,2025-02-05T00:07:54.119Z,2025-10-07T01:33:16.142Z
20,Tostito Flaming Hot,Sabritas Regular,FALSE,"{'url':'dcd57e7aa3a5a65255148ca66e4bbed6d79a10020874b8cd233433686b1cb93a.png','size':256311,'width':500,'height':500,'filename':'tostitoflaminghot.png','metadata':{'width':500,'height':500,'blurHash':'e]P$:xxb_Nt7aJxuayafj[kBS%a}nNo0kWsqfkkVjZaeogf6WBbHj[','blurHashWidth':32}}",24,62.4,Regular,FALSE,FALSE,FALSE,,,6,,FALSE,,Sabritas,Cajas,,40.7,,,,,,,,,,,FALSE,,,FALSE,,,2025-02-04T22:13:35.481Z,2025-10-07T01:35:51.820Z
19,Crujitos Regular,Sabritas Regular,FALSE,"{'url':'66f80bc84ab94aebdd55fc25e5033f8facf5612845de3622bf67feee0e64433a.png','size':238521,'width':500,'height':500,'filename':'crujito.png','metadata':{'width':500,'height':500,'blurHash':'e~OW$qt7_4t7jZs;j@odfka}S#aynhoLofoebHofjajtt7f8Rjj?kB','blurHashWidth':32}}",24,62.4,Regular,FALSE,FALSE,FALSE,,,9,,FALSE,,Sabritas,Cajas,,51.8,,,,,,,,,,,FALSE,,,FALSE,,,2025-02-04T22:12:51.902Z,2025-10-07T01:33:26.425Z
18,Paketaxo Botanero,Sabritas XXL,FALSE,"{'url':'73ea4534a804ff7190a8cf238a5b1a02bf4c510a759ab89e0fdc26cd492d55d6.png','size':215865,'width':500,'height':500,'filename':'414.png','metadata':{'width':500,'height':500,'blurHash':'e[Pj74t7_4t8r@k9j[s;f7f6XSbFi_jbbbR%a{t8juf*tRj[V@ayW.','blurHashWidth':32}}",15,67.5,XXL Familiar,FALSE,FALSE,FALSE,,,66,,FALSE,,Sabritas,Cajas,,22.1,,,,,,,,,,,FALSE,,,FALSE,,,2025-02-04T22:09:02.391Z,2025-10-07T01:28:08.203Z
17,Paketaxo Mezcladito,Sabritas XXL,FALSE,"{'url':'9028cabbf5a2b76adae579e9a303d07da61faaa76e9c88c182a91ae134de92ea.png','size':226145,'width':500,'height':500,'filename':'415.png','metadata':{'width':500,'height':500,'blurHash':'e_Q+sQt6.Tt8WFs.j@f,WXaykWfQV@jut6e-f6t7j]j?tRj[Rjazob','blurHashWidth':32}}",15,67.5,XXL Familiar,FALSE,FALSE,FALSE,,,17,,FALSE,,Sabritas,Cajas,,34.2,,,,,,,,,,,FALSE,,,FALSE,,,2025-02-04T22:07:51.505Z,2025-10-07T01:28:17.051Z
16,Paketaxo Flaming Hot,Sabritas XXL,FALSE,"{'url':'6387c04ea0df8cc08f35d4633d0d2bb8d2a4775a2535edfb5ac90363df340db5.png','size':211635,'width':500,'height':500,'filename':'416.png','metadata':{'width':500,'height':500,'blurHash':'e_P~$ot7?^tQadWXjut7bHjskqa|V?j[kDjFazt7j[WXo}j[V@ayfk','blurHashWidth':32}}",15,67.5,XXL Familiar,FALSE,FALSE,FALSE,,,26,,FALSE,,Sabritas,Cajas,,20.4,,,,,,,,,,,FALSE,,,FALSE,,,2025-02-04T22:06:53.393Z,2025-10-07T01:28:32.006Z
15,Paketaxo Queso,Sabritas XXL,FALSE,"{'url':'bffdf5fedc9d1b157ac8a7f49dbbcf18ddb3f3d244919df437ecc4550968860d.png','size':218122,'width':500,'height':500,'filename':'417.png','metadata':{'width':500,'height':500,'blurHash':'e*P%CdtR_NxaRPf,e.t7bbV@tRazRPoKozWBbIt7n$W=tRjYV@W=ay','blurHashWidth':32}}",15,67.5,XXL Familiar,FALSE,FALSE,FALSE,,,3,,FALSE,,Sabritas,Cajas,,34.2,,,,,,,,,,,FALSE,,,FALSE,,,2025-02-04T21:50:38.645Z,2025-10-07T01:28:41.031Z
14,Vive 100 Original,Energy,,"{'url':'e6f4f69ea6c7eccea8d592ebfbbd2ee14de1ea69fa8ff0faccd1c23925a283b5.png','size':100638,'width':500,'height':500,'filename':'368.png','metadata':{'width':500,'height':500,'blurHash':'elRW3hxu~X%M4-xtj[oMj[WBtRj[Riayozx[j[afjtfkxtj[NGayt7','blurHashWidth':32}}",24,48,Regular,FALSE,FALSE,TRUE,,,3,,,,Vive 100,Cajas,,,,,,,,,,,,,TRUE,,,,,,2025-02-04T21:40:29.393Z,2025-05-21T21:26:10.256Z
13,Fanta Naranja 500ml,Refresco Vidrio 500ml,FALSE,"{'url':'77c1302b69f7c388b04794b1eba29b61ea8469d52142fdf82724a02eea0f7def.png','size':90980,'width':500,'height':500,'filename':'16.png','metadata':{'width':500,'height':500,'blurHash':'eXS~bU%M*0%NMI%gj[aKj[kWpJbHVYjZo~%2j[kWj[aekXfkaJjZkX','blurHashWidth':32}}",24,44,Medio Litro,FALSE,FALSE,FALSE,,,36,,FALSE,,Coca Cola,Cajas,,,,,,,,,,,,,FALSE,,,FALSE,,,2025-02-04T21:25:32.478Z,2025-10-07T20:28:15.702Z
12,Barcel Chipotles 65g,Barcel Chicas,TRUE,"{'url':'55fe58ff260881e82e8804ed0888d19ccd5b13ff4d50c6daad60c4d82f13361c.png','size':166998,'width':500,'height':500,'filename':'Barcel Chipotles.png','metadata':{'width':500,'height':500,'blurHash':'e@P?abt7_NxaWAjYjZt7bHaxx]f6M_bHozn+fkoyj[jux]fjRPjZaf','blurHashWidth':32}}",50,100,Chico,FALSE,FALSE,TRUE,,,6,,FALSE,,Barcel,Cajas,,30,,,,,,,,,,,FALSE,,,FALSE,,,2025-02-04T21:05:02.384Z,2025-10-07T01:37:44.570Z
11,Barcel Chips Sal,Barcel XXL,FALSE,"{'url':'3e27188bd077bc1b06fbe6a4d1c68c43d91986e310e6906d73955f59c16ca6f6.png','size':223972,'width':500,'height':500,'filename':'Barcel Chips Sal.png','metadata':{'width':500,'height':500,'blurHash':'e}RCbtxt.AozofxYazWrj[a}ozf7WAj[kCn$oLozWXj?t7fPRjj[j?','blurHashWidth':32}}",15,67.5,XXL Familiar,FALSE,FALSE,FALSE,,,56,,FALSE,,Barcel,Cajas,,,,,,,,,,,,,FALSE,,,FALSE,,,2025-02-04T21:01:44.658Z,2025-10-07T01:37:53.104Z
10,Sabritas Switch Doritos 51g,Chips,,"{'url':'bd13b02decd1b2679fe308bd99632012c9a8d5416d49c6324afcf1f7546cf21e.png','size':200333,'width':500,'height':500,'filename':'Sabritas Switch Doritos.png','metadata':{'width':500,'height':500,'blurHash':'e~QlqBx@.TV|WBocj[ogWCbFkWayV@oeoyjYj?oza#j[ozf7V@fjj@','blurHashWidth':32}}",50,100,Regular,FALSE,FALSE,FALSE,,,,,,,Sabritas,Cajas,,,,,,,,,,,,,FALSE,,,TRUE,,,2025-02-04T21:00:15.987Z,2025-05-25T05:33:04.775Z
9,Sabritas Switch Fritos 93g,Sabritas Regular,FALSE,"{'url':'33349edfd12131ebcd19bfe9449a4fb09b5c9040a9fc6ef9a69cbc7faeff35fa.png','size':182456,'width':500,'height':500,'filename':'Sabritas Switch Fritos.png','metadata':{'width':500,'height':500,'blurHash':'e^Q0Ejxs_4S%M{s:oKbbWXjst7fRRjfPozbEj?t7f8WVt7a#Rjj?oe','blurHashWidth':32}}",50,100,Regular,FALSE,FALSE,FALSE,,,,,FALSE,,Sabritas,Cajas,,,,,,,,,,,,,FALSE,,,TRUE,,,2025-02-04T20:59:32.484Z,2025-10-07T01:34:01.847Z
8,Sabritas Switch Cheetos 70g,Sabritas Regular,FALSE,"{'url':'aa23191cec5ea6fa3f86a2bb379b435111863452d209465d0322cf9031596a05.png','size':193813,'width':500,'height':500,'filename':'Sabritas Switch Cheetos.png','metadata':{'width':500,'height':500,'blurHash':'e|QSxR$*?wTIROs.juf,W;jGt7ayRjj[ozo2jtozbHayt8bGRjn%oM','blurHashWidth':32}}",50,100,Regular,FALSE,FALSE,FALSE,,,,,FALSE,,Sabritas,Cajas,,,,,,,,,,,,,FALSE,,,TRUE,,,2025-02-04T20:58:20.500Z,2025-10-07T01:31:48.559Z
7,Barcel Kiyakis,Peanuts,,"{'url':'9c88d8465886eca9a584e43e96c82fbc41535e6bb22814e87ec9cc8a1c3ab4dc.png','size':125474,'width':500,'height':500,'filename':'Barcel Kiyakis.png','metadata':{'width':500,'height':500,'blurHash':'elRV|St7~q-;8_t7WCozt6f6oga}WAjsogxuj[kCfQWBt7j[RjWCoz','blurHashWidth':32}}",50,100,Regular,FALSE,FALSE,FALSE,,,,,,,Barcel,Cajas,,,,,,,,,,,,,FALSE,,,,,,2025-02-04T20:56:08.322Z,2025-05-20T02:38:51.606Z
6,Barcel Hot Nuts Fuego,Peanuts,,"{'url':'1d74305dd00baa1e81535594a76755f9acb8f3f8571a43a2b64eec7ed2406f1c.png','size':157429,'width':500,'height':500,'filename':'Barcel Hot Nuts.png','metadata':{'width':500,'height':500,'blurHash':'etRCxnxu_No#Dit7oft7WARjo#axV?ofo#oejst7bIWBxuj]RPjYoe','blurHashWidth':32}}",50,100,Regular,FALSE,FALSE,FALSE,,,,,,,Barcel,Cajas,,,,,,,,,,,,,FALSE,,,,,,2025-02-04T20:55:03.495Z,2025-05-20T02:38:48.660Z
5,Barcel Chips Fuego 170g,Barcel XXL,FALSE,"{'url':'f53a9fa79ddfd182067309cb13a49203988662cbd19fb213603ef41d0b019930.png','size':215892,'width':500,'height':500,'filename':'Barcel Chips Fuego.png','metadata':{'width':500,'height':500,'blurHash':'e[P~+ys:?^tRr=s:j[offkayX9fRi_aykDe:f6ozfkn~tQfkRjjZjt','blurHashWidth':32}}",15,67.5,XXL Familiar,FALSE,FALSE,FALSE,,,11,,FALSE,,Barcel,Cajas,,,,,,,,,,,,,FALSE,,,FALSE,,,2025-02-04T20:54:05.464Z,2025-10-07T01:38:05.718Z
4,Barcel Chips Jalapeño 170g,Barcel XXL,FALSE,"{'url':'12566195904bc07ae4ba8e0ad8f724182b5a11bd57922f0aba573919ce833384.png','size':227258,'width':500,'height':500,'filename':'Barcel Chips Jalapeno.png','metadata':{'width':500,'height':500,'blurHash':'e[PGpcoz_4$*niozoLspW.bHg4n%V?Sgozs,Wpbcsoo0xufkRjjZay','blurHashWidth':32}}",15,67.5,XXL Familiar,FALSE,FALSE,FALSE,,,22,,FALSE,,Barcel,Cajas,,,,,,,,,,,,,FALSE,,,FALSE,,,2025-02-04T20:49:41.279Z,2025-10-07T01:38:14.322Z
3,Barcel Toreada Habanero 170g,Barcel XXL,FALSE,"{'url':'49f8320acc5c99d14710991877e7b7991a5b26ab14d0a512cf9e16b4cb1adefb.png','size':224797,'width':500,'height':500,'filename':'Barcel Toreadas 170g.png','metadata':{'width':500,'height':500,'blurHash':'e?RM0bt7.AtRj=t5azkDoLbFXUa#i^j?fls.jskDbHjtxubHRijYjZ','blurHashWidth':32}}",15,67.5,XXL Familiar,FALSE,FALSE,FALSE,,,15,,FALSE,,Barcel,Cajas,,,,,,,,,,,,,FALSE,,,FALSE,,,2025-02-04T20:49:04.009Z,2025-10-07T01:38:24.482Z
2,Churrumaiz Regular,Sabritas Regular,FALSE,"{'url':'0c74d6114d60cc87a4da8ffc2bc75c399c5c15a89aaf00493a4991516fec1d51.png','size':276630,'width':500,'height':500,'filename':'2.png','metadata':{'width':500,'height':500,'blurHash':'e~P~Ths;?^o|XRt7jsoLbHbHahazaxj@ogoffjoejubaofj@WBa#kB','blurHashWidth':32}}",40,57.2,Regular,FALSE,FALSE,FALSE,,,12,,FALSE,,Sabritas,Cajas,,37,,,,,,,,,,,FALSE,,,FALSE,,,2025-02-02T00:01:28.016Z,2025-10-07T01:32:30.086Z
1,Rancherito Regular,Sabritas Regular,FALSE,"{'url':'715c4366d720cefa12aa0221675a71a2b0273aeea38f5223b22491aa4cf0434b.png','size':222618,'width':500,'height':500,'filename':'1.png','metadata':{'width':500,'height':500,'blurHash':'e|RoBOtR.mt6RPt7f7a{kBjZt7ayRjkCofw{jtbvj[ayspayR*j[kC','blurHashWidth':32}}",30,65,Regular,FALSE,FALSE,FALSE,,,7,,FALSE,,Sabritas,Cajas,,42.55,,,,,,,,,,,FALSE,,,FALSE,,,2025-02-01T23:59:52.287Z,2025-10-07T01:35:06.126Z
